id	name	description	synonyms
UBERON:0000178	blood	A fluid that is composed of blood plasma and erythrocytes.	
UBERON:0002048	lung	Respiration organ that develops as an oupocketing of the esophagus.	
UBERON:0002097	skin of body	The organ covering the body that consists of the dermis and epidermis.	
UBERON:0000310	breast	The upper ventral region of the torso of an organism.	
UBERON:0000002	uterine cervix	Lower, narrow portion of the uterus where it joins with the top end of the vagina.	
UBERON:0002481	bone tissue	Skeletal tissue with a collagen-rich extracellular matrix vascularized, mineralized with hydroxyapatite and typically including osteocytes located in lacunae that communicate with one another by cell processes (in canaliculi). Bone is deposited by osteoblasts.	
UBERON:0002367	prostate gland	The prostate gland is a partly muscular, partly glandular body that is situated near the base of the mammalian male urethra and secretes an alkaline viscid fluid which is a major constituent of the ejaculatory fluid.	
UBERON:0001264	pancreas	An endoderm derived structure that produces precursors of digestive enzymes and blood glucose regulating enzymes[GO].	
UBERON:0000992	ovary	the gonad of a female organism which contains germ cells	
UBERON:0002113	kidney	A paired organ of the urinary tract which has the production of urine as its primary function.	
UBERON:0000160	intestine	Segment of the alimentary canal extending from the stomach to the anus and, in humans and other mammals, consists of two segments, the small intestine and the large intestine.	
UBERON:0006558	lymphatic part of lymphoid system	An organ system subdivision that is a network of vessels capable of removing accumulating protein and fluid from the interstitial space and returning it to the vascular space. In some species, this network is connected to the immune system via lymph nodes and lymphocyte-producing organs, with the whole being the lymphoid system.	
UBERON:0000059	large intestine	A subdivision of the digestive tract that connects the small intestine to the cloaca or anus. Lacks or has few villi[Kardong].	
UBERON:0001295	endometrium	the glandular mucous membrane lining of the uterine cavity that is hormonally responsive during the estrous/menstrual cycle and during pregnancy	
UBERON:0001016	nervous system	The nervous system is an organ system containing predominantly neuron and glial cells. In bilaterally symmetrical organism, it is arranged in a network of tree-like structures connected to a central body. The main functions of the nervous system are to regulate and control body functions, and to receive sensory input, process this information, and generate behavior [CUMBO].	
UBERON:0002107	liver	An exocrine gland which secretes bile and functions in metabolism of protein and carbohydrate and fat, synthesizes substances involved in the clotting of the blood, synthesizes vitamin A, detoxifies poisonous substances, stores glycogen, and breaks down worn-out erythrocytes[GO].	
UBERON:0000945	stomach	An expanded region of the vertebrate alimentary tract that serves as a food storage compartment and digestive organ. A stomach is lined, in whole or in part by a glandular epithelium.	
UBERON:0001630	muscle organ	Organ consisting of a tissue made up of various elongated cells that are specialized to contract and thus to produce movement and mechanical work[GO].	
UBERON:0000995	uterus	the female muscular organ of gestation in which the developing embryo or fetus is nourished until birth	
