biosample_id_namespace	biosample_local_id	collection_id_namespace	collection_local_id
http://www.lincsproject.org/	LDG-1251:LCL-2221	http://www.lincsproject.org/	LDG-1251
http://www.lincsproject.org/	LDG-1251:LCL-2094	http://www.lincsproject.org/	LDG-1251
http://www.lincsproject.org/	LDG-1104:LCL-1601	http://www.lincsproject.org/	LDG-1104
http://www.lincsproject.org/	LDG-1074:LCL-1235	http://www.lincsproject.org/	LDG-1074
http://www.lincsproject.org/	LDG-1215:LCL-2091	http://www.lincsproject.org/	LDG-1215
http://www.lincsproject.org/	LDG-1215:LCL-2092	http://www.lincsproject.org/	LDG-1215
http://www.lincsproject.org/	LDG-1215:LCL-1279	http://www.lincsproject.org/	LDG-1215
http://www.lincsproject.org/	LDG-1215:LCL-1260	http://www.lincsproject.org/	LDG-1215
http://www.lincsproject.org/	LDG-1215:LCL-1277	http://www.lincsproject.org/	LDG-1215
http://www.lincsproject.org/	LDG-1215:LCL-1261	http://www.lincsproject.org/	LDG-1215
http://www.lincsproject.org/	LDG-1215:LCL-1255	http://www.lincsproject.org/	LDG-1215
http://www.lincsproject.org/	LDG-1215:LCL-1276	http://www.lincsproject.org/	LDG-1215
http://www.lincsproject.org/	LDG-1215:LCL-1238	http://www.lincsproject.org/	LDG-1215
http://www.lincsproject.org/	LDG-1215:LCL-1242	http://www.lincsproject.org/	LDG-1215
http://www.lincsproject.org/	LDG-1120:LCL-2102	http://www.lincsproject.org/	LDG-1120
http://www.lincsproject.org/	LDG-1120:LCL-2082	http://www.lincsproject.org/	LDG-1120
http://www.lincsproject.org/	LDG-1120:LCL-2081	http://www.lincsproject.org/	LDG-1120
http://www.lincsproject.org/	LDG-1120:LCL-1469	http://www.lincsproject.org/	LDG-1120
http://www.lincsproject.org/	LDG-1120:LCL-1325	http://www.lincsproject.org/	LDG-1120
http://www.lincsproject.org/	LDG-1120:LCL-1480	http://www.lincsproject.org/	LDG-1120
http://www.lincsproject.org/	LDG-1120:LCL-1324	http://www.lincsproject.org/	LDG-1120
http://www.lincsproject.org/	LDG-1120:LCL-1317	http://www.lincsproject.org/	LDG-1120
http://www.lincsproject.org/	LDG-1120:LCL-1321	http://www.lincsproject.org/	LDG-1120
http://www.lincsproject.org/	LDG-1120:LCL-1309	http://www.lincsproject.org/	LDG-1120
http://www.lincsproject.org/	LDG-1120:LCL-1319	http://www.lincsproject.org/	LDG-1120
http://www.lincsproject.org/	LDG-1120:LCL-1333	http://www.lincsproject.org/	LDG-1120
http://www.lincsproject.org/	LDG-1120:LCL-1320	http://www.lincsproject.org/	LDG-1120
http://www.lincsproject.org/	LDG-1120:LCL-1322	http://www.lincsproject.org/	LDG-1120
http://www.lincsproject.org/	LDG-1120:LCL-1916	http://www.lincsproject.org/	LDG-1120
http://www.lincsproject.org/	LDG-1120:LCL-1960	http://www.lincsproject.org/	LDG-1120
http://www.lincsproject.org/	LDG-1120:LCL-1471	http://www.lincsproject.org/	LDG-1120
http://www.lincsproject.org/	LDG-1120:LCL-1468	http://www.lincsproject.org/	LDG-1120
http://www.lincsproject.org/	LDG-1120:LCL-1335	http://www.lincsproject.org/	LDG-1120
http://www.lincsproject.org/	LDG-1120:LCL-1314	http://www.lincsproject.org/	LDG-1120
http://www.lincsproject.org/	LDG-1120:LCL-1330	http://www.lincsproject.org/	LDG-1120
http://www.lincsproject.org/	LDG-1120:LCL-1310	http://www.lincsproject.org/	LDG-1120
http://www.lincsproject.org/	LDG-1120:LCL-1308	http://www.lincsproject.org/	LDG-1120
http://www.lincsproject.org/	LDG-1120:LCL-1470	http://www.lincsproject.org/	LDG-1120
http://www.lincsproject.org/	LDG-1120:LCL-1334	http://www.lincsproject.org/	LDG-1120
http://www.lincsproject.org/	LDG-1120:LCL-1466	http://www.lincsproject.org/	LDG-1120
http://www.lincsproject.org/	LDG-1120:LCL-1316	http://www.lincsproject.org/	LDG-1120
http://www.lincsproject.org/	LDG-1120:LCL-1462	http://www.lincsproject.org/	LDG-1120
http://www.lincsproject.org/	LDG-1120:LCL-1331	http://www.lincsproject.org/	LDG-1120
http://www.lincsproject.org/	LDG-1120:LCL-1467	http://www.lincsproject.org/	LDG-1120
http://www.lincsproject.org/	LDG-1120:LCL-1485	http://www.lincsproject.org/	LDG-1120
http://www.lincsproject.org/	LDG-1120:LCL-1461	http://www.lincsproject.org/	LDG-1120
http://www.lincsproject.org/	LDG-1120:LCL-1486	http://www.lincsproject.org/	LDG-1120
http://www.lincsproject.org/	LDG-1120:LCL-1332	http://www.lincsproject.org/	LDG-1120
http://www.lincsproject.org/	LDG-1120:LCL-1315	http://www.lincsproject.org/	LDG-1120
http://www.lincsproject.org/	LDG-1120:LCL-1475	http://www.lincsproject.org/	LDG-1120
http://www.lincsproject.org/	LDG-1120:LCL-1476	http://www.lincsproject.org/	LDG-1120
http://www.lincsproject.org/	LDG-1120:LCL-1460	http://www.lincsproject.org/	LDG-1120
http://www.lincsproject.org/	LDG-1120:LCL-2085	http://www.lincsproject.org/	LDG-1120
http://www.lincsproject.org/	LDG-1252:LCL-1461	http://www.lincsproject.org/	LDG-1252
http://www.lincsproject.org/	LDG-1252:LCL-1315	http://www.lincsproject.org/	LDG-1252
http://www.lincsproject.org/	LDG-1252:LCL-1475	http://www.lincsproject.org/	LDG-1252
http://www.lincsproject.org/	LDG-1252:LCL-1476	http://www.lincsproject.org/	LDG-1252
http://www.lincsproject.org/	LDG-1252:LCL-1460	http://www.lincsproject.org/	LDG-1252
http://www.lincsproject.org/	LDG-1252:LCL-2085	http://www.lincsproject.org/	LDG-1252
http://www.lincsproject.org/	LDG-1253:LCL-1461	http://www.lincsproject.org/	LDG-1253
http://www.lincsproject.org/	LDG-1253:LCL-1315	http://www.lincsproject.org/	LDG-1253
http://www.lincsproject.org/	LDG-1253:LCL-1475	http://www.lincsproject.org/	LDG-1253
http://www.lincsproject.org/	LDG-1253:LCL-1476	http://www.lincsproject.org/	LDG-1253
http://www.lincsproject.org/	LDG-1253:LCL-1460	http://www.lincsproject.org/	LDG-1253
http://www.lincsproject.org/	LDG-1253:LCL-2085	http://www.lincsproject.org/	LDG-1253
http://www.lincsproject.org/	LDG-1254:LCL-1461	http://www.lincsproject.org/	LDG-1254
http://www.lincsproject.org/	LDG-1254:LCL-1315	http://www.lincsproject.org/	LDG-1254
http://www.lincsproject.org/	LDG-1254:LCL-1475	http://www.lincsproject.org/	LDG-1254
http://www.lincsproject.org/	LDG-1254:LCL-1476	http://www.lincsproject.org/	LDG-1254
http://www.lincsproject.org/	LDG-1254:LCL-1460	http://www.lincsproject.org/	LDG-1254
http://www.lincsproject.org/	LDG-1254:LCL-2085	http://www.lincsproject.org/	LDG-1254
http://www.lincsproject.org/	LDG-1415:LCL-2224	http://www.lincsproject.org/	LDG-1415
http://www.lincsproject.org/	LDG-1415:LCL-2223	http://www.lincsproject.org/	LDG-1415
http://www.lincsproject.org/	LDG-1415:LCL-2225	http://www.lincsproject.org/	LDG-1415
http://www.lincsproject.org/	LDG-1415:LCL-1325	http://www.lincsproject.org/	LDG-1415
http://www.lincsproject.org/	LDG-1415:LCL-1333	http://www.lincsproject.org/	LDG-1415
http://www.lincsproject.org/	LDG-1415:LCL-1960	http://www.lincsproject.org/	LDG-1415
http://www.lincsproject.org/	LDG-1415:LCL-1468	http://www.lincsproject.org/	LDG-1415
http://www.lincsproject.org/	LDG-1415:LCL-1314	http://www.lincsproject.org/	LDG-1415
http://www.lincsproject.org/	LDG-1415:LCL-1310	http://www.lincsproject.org/	LDG-1415
http://www.lincsproject.org/	LDG-1415:LCL-1466	http://www.lincsproject.org/	LDG-1415
http://www.lincsproject.org/	LDG-1415:LCL-1316	http://www.lincsproject.org/	LDG-1415
http://www.lincsproject.org/	LDG-1415:LCL-1331	http://www.lincsproject.org/	LDG-1415
http://www.lincsproject.org/	LDG-1415:LCL-1467	http://www.lincsproject.org/	LDG-1415
http://www.lincsproject.org/	LDG-1415:LCL-1461	http://www.lincsproject.org/	LDG-1415
http://www.lincsproject.org/	LDG-1415:LCL-1486	http://www.lincsproject.org/	LDG-1415
http://www.lincsproject.org/	LDG-1415:LCL-1332	http://www.lincsproject.org/	LDG-1415
http://www.lincsproject.org/	LDG-1415:LCL-1315	http://www.lincsproject.org/	LDG-1415
http://www.lincsproject.org/	LDG-1415:LCL-1475	http://www.lincsproject.org/	LDG-1415
http://www.lincsproject.org/	LDG-1415:LCL-1476	http://www.lincsproject.org/	LDG-1415
http://www.lincsproject.org/	LDG-1415:LCL-1460	http://www.lincsproject.org/	LDG-1415
http://www.lincsproject.org/	LDG-1415:LCL-2085	http://www.lincsproject.org/	LDG-1415
http://www.lincsproject.org/	LDG-1416:LCL-2224	http://www.lincsproject.org/	LDG-1416
http://www.lincsproject.org/	LDG-1416:LCL-2223	http://www.lincsproject.org/	LDG-1416
http://www.lincsproject.org/	LDG-1416:LCL-2225	http://www.lincsproject.org/	LDG-1416
http://www.lincsproject.org/	LDG-1416:LCL-1325	http://www.lincsproject.org/	LDG-1416
http://www.lincsproject.org/	LDG-1416:LCL-1333	http://www.lincsproject.org/	LDG-1416
http://www.lincsproject.org/	LDG-1416:LCL-1960	http://www.lincsproject.org/	LDG-1416
http://www.lincsproject.org/	LDG-1416:LCL-1468	http://www.lincsproject.org/	LDG-1416
http://www.lincsproject.org/	LDG-1416:LCL-1314	http://www.lincsproject.org/	LDG-1416
http://www.lincsproject.org/	LDG-1416:LCL-1310	http://www.lincsproject.org/	LDG-1416
http://www.lincsproject.org/	LDG-1416:LCL-1466	http://www.lincsproject.org/	LDG-1416
http://www.lincsproject.org/	LDG-1416:LCL-1316	http://www.lincsproject.org/	LDG-1416
http://www.lincsproject.org/	LDG-1416:LCL-1331	http://www.lincsproject.org/	LDG-1416
http://www.lincsproject.org/	LDG-1416:LCL-1467	http://www.lincsproject.org/	LDG-1416
http://www.lincsproject.org/	LDG-1416:LCL-1461	http://www.lincsproject.org/	LDG-1416
http://www.lincsproject.org/	LDG-1416:LCL-1486	http://www.lincsproject.org/	LDG-1416
http://www.lincsproject.org/	LDG-1416:LCL-1332	http://www.lincsproject.org/	LDG-1416
http://www.lincsproject.org/	LDG-1416:LCL-1315	http://www.lincsproject.org/	LDG-1416
http://www.lincsproject.org/	LDG-1416:LCL-1475	http://www.lincsproject.org/	LDG-1416
http://www.lincsproject.org/	LDG-1416:LCL-1476	http://www.lincsproject.org/	LDG-1416
http://www.lincsproject.org/	LDG-1416:LCL-1460	http://www.lincsproject.org/	LDG-1416
http://www.lincsproject.org/	LDG-1416:LCL-2085	http://www.lincsproject.org/	LDG-1416
http://www.lincsproject.org/	LDG-1421:LCL-2224	http://www.lincsproject.org/	LDG-1421
http://www.lincsproject.org/	LDG-1421:LCL-2223	http://www.lincsproject.org/	LDG-1421
http://www.lincsproject.org/	LDG-1421:LCL-2225	http://www.lincsproject.org/	LDG-1421
http://www.lincsproject.org/	LDG-1421:LCL-2083	http://www.lincsproject.org/	LDG-1421
http://www.lincsproject.org/	LDG-1421:LCL-2068	http://www.lincsproject.org/	LDG-1421
http://www.lincsproject.org/	LDG-1421:LCL-2066	http://www.lincsproject.org/	LDG-1421
http://www.lincsproject.org/	LDG-1421:LCL-2067	http://www.lincsproject.org/	LDG-1421
http://www.lincsproject.org/	LDG-1421:LCL-1325	http://www.lincsproject.org/	LDG-1421
http://www.lincsproject.org/	LDG-1421:LCL-1916	http://www.lincsproject.org/	LDG-1421
http://www.lincsproject.org/	LDG-1421:LCL-1960	http://www.lincsproject.org/	LDG-1421
http://www.lincsproject.org/	LDG-1421:LCL-1471	http://www.lincsproject.org/	LDG-1421
http://www.lincsproject.org/	LDG-1421:LCL-1465	http://www.lincsproject.org/	LDG-1421
http://www.lincsproject.org/	LDG-1421:LCL-1468	http://www.lincsproject.org/	LDG-1421
http://www.lincsproject.org/	LDG-1421:LCL-1335	http://www.lincsproject.org/	LDG-1421
http://www.lincsproject.org/	LDG-1421:LCL-1472	http://www.lincsproject.org/	LDG-1421
http://www.lincsproject.org/	LDG-1421:LCL-1314	http://www.lincsproject.org/	LDG-1421
http://www.lincsproject.org/	LDG-1421:LCL-1330	http://www.lincsproject.org/	LDG-1421
http://www.lincsproject.org/	LDG-1421:LCL-1310	http://www.lincsproject.org/	LDG-1421
http://www.lincsproject.org/	LDG-1421:LCL-1470	http://www.lincsproject.org/	LDG-1421
http://www.lincsproject.org/	LDG-1421:LCL-1334	http://www.lincsproject.org/	LDG-1421
http://www.lincsproject.org/	LDG-1421:LCL-1466	http://www.lincsproject.org/	LDG-1421
http://www.lincsproject.org/	LDG-1421:LCL-1316	http://www.lincsproject.org/	LDG-1421
http://www.lincsproject.org/	LDG-1421:LCL-1329	http://www.lincsproject.org/	LDG-1421
http://www.lincsproject.org/	LDG-1421:LCL-1331	http://www.lincsproject.org/	LDG-1421
http://www.lincsproject.org/	LDG-1421:LCL-1467	http://www.lincsproject.org/	LDG-1421
http://www.lincsproject.org/	LDG-1421:LCL-1485	http://www.lincsproject.org/	LDG-1421
http://www.lincsproject.org/	LDG-1421:LCL-1463	http://www.lincsproject.org/	LDG-1421
http://www.lincsproject.org/	LDG-1421:LCL-1461	http://www.lincsproject.org/	LDG-1421
http://www.lincsproject.org/	LDG-1421:LCL-1486	http://www.lincsproject.org/	LDG-1421
http://www.lincsproject.org/	LDG-1421:LCL-1332	http://www.lincsproject.org/	LDG-1421
http://www.lincsproject.org/	LDG-1421:LCL-1315	http://www.lincsproject.org/	LDG-1421
http://www.lincsproject.org/	LDG-1421:LCL-1475	http://www.lincsproject.org/	LDG-1421
http://www.lincsproject.org/	LDG-1421:LCL-1476	http://www.lincsproject.org/	LDG-1421
http://www.lincsproject.org/	LDG-1421:LCL-1460	http://www.lincsproject.org/	LDG-1421
http://www.lincsproject.org/	LDG-1421:LCL-2085	http://www.lincsproject.org/	LDG-1421
http://www.lincsproject.org/	LDG-1422:LCL-2224	http://www.lincsproject.org/	LDG-1422
http://www.lincsproject.org/	LDG-1422:LCL-2223	http://www.lincsproject.org/	LDG-1422
http://www.lincsproject.org/	LDG-1422:LCL-2225	http://www.lincsproject.org/	LDG-1422
http://www.lincsproject.org/	LDG-1422:LCL-2083	http://www.lincsproject.org/	LDG-1422
http://www.lincsproject.org/	LDG-1422:LCL-2068	http://www.lincsproject.org/	LDG-1422
http://www.lincsproject.org/	LDG-1422:LCL-2066	http://www.lincsproject.org/	LDG-1422
http://www.lincsproject.org/	LDG-1422:LCL-2067	http://www.lincsproject.org/	LDG-1422
http://www.lincsproject.org/	LDG-1422:LCL-1325	http://www.lincsproject.org/	LDG-1422
http://www.lincsproject.org/	LDG-1422:LCL-1916	http://www.lincsproject.org/	LDG-1422
http://www.lincsproject.org/	LDG-1422:LCL-1960	http://www.lincsproject.org/	LDG-1422
http://www.lincsproject.org/	LDG-1422:LCL-1471	http://www.lincsproject.org/	LDG-1422
http://www.lincsproject.org/	LDG-1422:LCL-1465	http://www.lincsproject.org/	LDG-1422
http://www.lincsproject.org/	LDG-1422:LCL-1468	http://www.lincsproject.org/	LDG-1422
http://www.lincsproject.org/	LDG-1422:LCL-1335	http://www.lincsproject.org/	LDG-1422
http://www.lincsproject.org/	LDG-1422:LCL-1472	http://www.lincsproject.org/	LDG-1422
http://www.lincsproject.org/	LDG-1422:LCL-1314	http://www.lincsproject.org/	LDG-1422
http://www.lincsproject.org/	LDG-1422:LCL-1330	http://www.lincsproject.org/	LDG-1422
http://www.lincsproject.org/	LDG-1422:LCL-1310	http://www.lincsproject.org/	LDG-1422
http://www.lincsproject.org/	LDG-1422:LCL-1470	http://www.lincsproject.org/	LDG-1422
http://www.lincsproject.org/	LDG-1422:LCL-1334	http://www.lincsproject.org/	LDG-1422
http://www.lincsproject.org/	LDG-1422:LCL-1466	http://www.lincsproject.org/	LDG-1422
http://www.lincsproject.org/	LDG-1422:LCL-1316	http://www.lincsproject.org/	LDG-1422
http://www.lincsproject.org/	LDG-1422:LCL-1329	http://www.lincsproject.org/	LDG-1422
http://www.lincsproject.org/	LDG-1422:LCL-1331	http://www.lincsproject.org/	LDG-1422
http://www.lincsproject.org/	LDG-1422:LCL-1467	http://www.lincsproject.org/	LDG-1422
http://www.lincsproject.org/	LDG-1422:LCL-1485	http://www.lincsproject.org/	LDG-1422
http://www.lincsproject.org/	LDG-1422:LCL-1463	http://www.lincsproject.org/	LDG-1422
http://www.lincsproject.org/	LDG-1422:LCL-1461	http://www.lincsproject.org/	LDG-1422
http://www.lincsproject.org/	LDG-1422:LCL-1486	http://www.lincsproject.org/	LDG-1422
http://www.lincsproject.org/	LDG-1422:LCL-1332	http://www.lincsproject.org/	LDG-1422
http://www.lincsproject.org/	LDG-1422:LCL-1315	http://www.lincsproject.org/	LDG-1422
http://www.lincsproject.org/	LDG-1422:LCL-1475	http://www.lincsproject.org/	LDG-1422
http://www.lincsproject.org/	LDG-1422:LCL-1476	http://www.lincsproject.org/	LDG-1422
http://www.lincsproject.org/	LDG-1422:LCL-1460	http://www.lincsproject.org/	LDG-1422
http://www.lincsproject.org/	LDG-1422:LCL-2085	http://www.lincsproject.org/	LDG-1422
http://www.lincsproject.org/	LDG-1445:LCL-2234	http://www.lincsproject.org/	LDG-1445
http://www.lincsproject.org/	LDG-1445:LCL-2235	http://www.lincsproject.org/	LDG-1445
http://www.lincsproject.org/	LDG-1445:LCL-2236	http://www.lincsproject.org/	LDG-1445
http://www.lincsproject.org/	LDG-1445:LCL-2237	http://www.lincsproject.org/	LDG-1445
http://www.lincsproject.org/	LDG-1445:LCL-2222	http://www.lincsproject.org/	LDG-1445
http://www.lincsproject.org/	LDG-1445:LCL-2065	http://www.lincsproject.org/	LDG-1445
http://www.lincsproject.org/	LDG-1445:LCL-2069	http://www.lincsproject.org/	LDG-1445
http://www.lincsproject.org/	LDG-1445:LCL-2220	http://www.lincsproject.org/	LDG-1445
http://www.lincsproject.org/	LDG-1445:LCL-2080	http://www.lincsproject.org/	LDG-1445
http://www.lincsproject.org/	LDG-1445:LCL-2071	http://www.lincsproject.org/	LDG-1445
http://www.lincsproject.org/	LDG-1445:LCL-1961	http://www.lincsproject.org/	LDG-1445
http://www.lincsproject.org/	LDG-1445:LCL-2082	http://www.lincsproject.org/	LDG-1445
http://www.lincsproject.org/	LDG-1445:LCL-2081	http://www.lincsproject.org/	LDG-1445
http://www.lincsproject.org/	LDG-1445:LCL-1469	http://www.lincsproject.org/	LDG-1445
http://www.lincsproject.org/	LDG-1445:LCL-1480	http://www.lincsproject.org/	LDG-1445
http://www.lincsproject.org/	LDG-1445:LCL-1324	http://www.lincsproject.org/	LDG-1445
http://www.lincsproject.org/	LDG-1445:LCL-1317	http://www.lincsproject.org/	LDG-1445
http://www.lincsproject.org/	LDG-1445:LCL-1321	http://www.lincsproject.org/	LDG-1445
http://www.lincsproject.org/	LDG-1445:LCL-1309	http://www.lincsproject.org/	LDG-1445
http://www.lincsproject.org/	LDG-1445:LCL-1319	http://www.lincsproject.org/	LDG-1445
http://www.lincsproject.org/	LDG-1445:LCL-1333	http://www.lincsproject.org/	LDG-1445
http://www.lincsproject.org/	LDG-1445:LCL-1320	http://www.lincsproject.org/	LDG-1445
http://www.lincsproject.org/	LDG-1445:LCL-1311	http://www.lincsproject.org/	LDG-1445
http://www.lincsproject.org/	LDG-1445:LCL-1322	http://www.lincsproject.org/	LDG-1445
http://www.lincsproject.org/	LDG-1445:LCL-1308	http://www.lincsproject.org/	LDG-1445
http://www.lincsproject.org/	LDG-1445:LCL-1462	http://www.lincsproject.org/	LDG-1445
http://www.lincsproject.org/	LDG-1445:LCL-2085	http://www.lincsproject.org/	LDG-1445
http://www.lincsproject.org/	LDG-1404:LCL-2224	http://www.lincsproject.org/	LDG-1404
http://www.lincsproject.org/	LDG-1404:LCL-2223	http://www.lincsproject.org/	LDG-1404
http://www.lincsproject.org/	LDG-1404:LCL-2225	http://www.lincsproject.org/	LDG-1404
http://www.lincsproject.org/	LDG-1404:LCL-2083	http://www.lincsproject.org/	LDG-1404
http://www.lincsproject.org/	LDG-1404:LCL-2068	http://www.lincsproject.org/	LDG-1404
http://www.lincsproject.org/	LDG-1404:LCL-2066	http://www.lincsproject.org/	LDG-1404
http://www.lincsproject.org/	LDG-1404:LCL-2067	http://www.lincsproject.org/	LDG-1404
http://www.lincsproject.org/	LDG-1404:LCL-1325	http://www.lincsproject.org/	LDG-1404
http://www.lincsproject.org/	LDG-1404:LCL-1916	http://www.lincsproject.org/	LDG-1404
http://www.lincsproject.org/	LDG-1404:LCL-1960	http://www.lincsproject.org/	LDG-1404
http://www.lincsproject.org/	LDG-1404:LCL-1471	http://www.lincsproject.org/	LDG-1404
http://www.lincsproject.org/	LDG-1404:LCL-1465	http://www.lincsproject.org/	LDG-1404
http://www.lincsproject.org/	LDG-1404:LCL-1468	http://www.lincsproject.org/	LDG-1404
http://www.lincsproject.org/	LDG-1404:LCL-1335	http://www.lincsproject.org/	LDG-1404
http://www.lincsproject.org/	LDG-1404:LCL-1472	http://www.lincsproject.org/	LDG-1404
http://www.lincsproject.org/	LDG-1404:LCL-1314	http://www.lincsproject.org/	LDG-1404
http://www.lincsproject.org/	LDG-1404:LCL-1330	http://www.lincsproject.org/	LDG-1404
http://www.lincsproject.org/	LDG-1404:LCL-1310	http://www.lincsproject.org/	LDG-1404
http://www.lincsproject.org/	LDG-1404:LCL-1470	http://www.lincsproject.org/	LDG-1404
http://www.lincsproject.org/	LDG-1404:LCL-1334	http://www.lincsproject.org/	LDG-1404
http://www.lincsproject.org/	LDG-1404:LCL-1466	http://www.lincsproject.org/	LDG-1404
http://www.lincsproject.org/	LDG-1404:LCL-1316	http://www.lincsproject.org/	LDG-1404
http://www.lincsproject.org/	LDG-1404:LCL-1329	http://www.lincsproject.org/	LDG-1404
http://www.lincsproject.org/	LDG-1404:LCL-1331	http://www.lincsproject.org/	LDG-1404
http://www.lincsproject.org/	LDG-1404:LCL-1467	http://www.lincsproject.org/	LDG-1404
http://www.lincsproject.org/	LDG-1404:LCL-1485	http://www.lincsproject.org/	LDG-1404
http://www.lincsproject.org/	LDG-1404:LCL-1463	http://www.lincsproject.org/	LDG-1404
http://www.lincsproject.org/	LDG-1404:LCL-1461	http://www.lincsproject.org/	LDG-1404
http://www.lincsproject.org/	LDG-1404:LCL-1486	http://www.lincsproject.org/	LDG-1404
http://www.lincsproject.org/	LDG-1404:LCL-1332	http://www.lincsproject.org/	LDG-1404
http://www.lincsproject.org/	LDG-1404:LCL-1315	http://www.lincsproject.org/	LDG-1404
http://www.lincsproject.org/	LDG-1404:LCL-1475	http://www.lincsproject.org/	LDG-1404
http://www.lincsproject.org/	LDG-1404:LCL-1476	http://www.lincsproject.org/	LDG-1404
http://www.lincsproject.org/	LDG-1404:LCL-1460	http://www.lincsproject.org/	LDG-1404
http://www.lincsproject.org/	LDG-1404:LCL-2085	http://www.lincsproject.org/	LDG-1404
http://www.lincsproject.org/	LDG-1405:LCL-2224	http://www.lincsproject.org/	LDG-1405
http://www.lincsproject.org/	LDG-1405:LCL-2223	http://www.lincsproject.org/	LDG-1405
http://www.lincsproject.org/	LDG-1405:LCL-2225	http://www.lincsproject.org/	LDG-1405
http://www.lincsproject.org/	LDG-1405:LCL-2083	http://www.lincsproject.org/	LDG-1405
http://www.lincsproject.org/	LDG-1405:LCL-2068	http://www.lincsproject.org/	LDG-1405
http://www.lincsproject.org/	LDG-1405:LCL-2066	http://www.lincsproject.org/	LDG-1405
http://www.lincsproject.org/	LDG-1405:LCL-2067	http://www.lincsproject.org/	LDG-1405
http://www.lincsproject.org/	LDG-1405:LCL-1325	http://www.lincsproject.org/	LDG-1405
http://www.lincsproject.org/	LDG-1405:LCL-1916	http://www.lincsproject.org/	LDG-1405
http://www.lincsproject.org/	LDG-1405:LCL-1960	http://www.lincsproject.org/	LDG-1405
http://www.lincsproject.org/	LDG-1405:LCL-1471	http://www.lincsproject.org/	LDG-1405
http://www.lincsproject.org/	LDG-1405:LCL-1465	http://www.lincsproject.org/	LDG-1405
http://www.lincsproject.org/	LDG-1405:LCL-1468	http://www.lincsproject.org/	LDG-1405
http://www.lincsproject.org/	LDG-1405:LCL-1335	http://www.lincsproject.org/	LDG-1405
http://www.lincsproject.org/	LDG-1405:LCL-1472	http://www.lincsproject.org/	LDG-1405
http://www.lincsproject.org/	LDG-1405:LCL-1314	http://www.lincsproject.org/	LDG-1405
http://www.lincsproject.org/	LDG-1405:LCL-1330	http://www.lincsproject.org/	LDG-1405
http://www.lincsproject.org/	LDG-1405:LCL-1310	http://www.lincsproject.org/	LDG-1405
http://www.lincsproject.org/	LDG-1405:LCL-1470	http://www.lincsproject.org/	LDG-1405
http://www.lincsproject.org/	LDG-1405:LCL-1334	http://www.lincsproject.org/	LDG-1405
http://www.lincsproject.org/	LDG-1405:LCL-1466	http://www.lincsproject.org/	LDG-1405
http://www.lincsproject.org/	LDG-1405:LCL-1316	http://www.lincsproject.org/	LDG-1405
http://www.lincsproject.org/	LDG-1405:LCL-1329	http://www.lincsproject.org/	LDG-1405
http://www.lincsproject.org/	LDG-1405:LCL-1331	http://www.lincsproject.org/	LDG-1405
http://www.lincsproject.org/	LDG-1405:LCL-1467	http://www.lincsproject.org/	LDG-1405
http://www.lincsproject.org/	LDG-1405:LCL-1485	http://www.lincsproject.org/	LDG-1405
http://www.lincsproject.org/	LDG-1405:LCL-1463	http://www.lincsproject.org/	LDG-1405
http://www.lincsproject.org/	LDG-1405:LCL-1461	http://www.lincsproject.org/	LDG-1405
http://www.lincsproject.org/	LDG-1405:LCL-1486	http://www.lincsproject.org/	LDG-1405
http://www.lincsproject.org/	LDG-1405:LCL-1332	http://www.lincsproject.org/	LDG-1405
http://www.lincsproject.org/	LDG-1405:LCL-1315	http://www.lincsproject.org/	LDG-1405
http://www.lincsproject.org/	LDG-1405:LCL-1475	http://www.lincsproject.org/	LDG-1405
http://www.lincsproject.org/	LDG-1405:LCL-1476	http://www.lincsproject.org/	LDG-1405
http://www.lincsproject.org/	LDG-1405:LCL-1460	http://www.lincsproject.org/	LDG-1405
http://www.lincsproject.org/	LDG-1405:LCL-2085	http://www.lincsproject.org/	LDG-1405
http://www.lincsproject.org/	LDG-1430:LCL-2083	http://www.lincsproject.org/	LDG-1430
http://www.lincsproject.org/	LDG-1430:LCL-2068	http://www.lincsproject.org/	LDG-1430
http://www.lincsproject.org/	LDG-1430:LCL-2066	http://www.lincsproject.org/	LDG-1430
http://www.lincsproject.org/	LDG-1430:LCL-2067	http://www.lincsproject.org/	LDG-1430
http://www.lincsproject.org/	LDG-1430:LCL-1325	http://www.lincsproject.org/	LDG-1430
http://www.lincsproject.org/	LDG-1430:LCL-1916	http://www.lincsproject.org/	LDG-1430
http://www.lincsproject.org/	LDG-1430:LCL-1960	http://www.lincsproject.org/	LDG-1430
http://www.lincsproject.org/	LDG-1430:LCL-1471	http://www.lincsproject.org/	LDG-1430
http://www.lincsproject.org/	LDG-1430:LCL-1465	http://www.lincsproject.org/	LDG-1430
http://www.lincsproject.org/	LDG-1430:LCL-1468	http://www.lincsproject.org/	LDG-1430
http://www.lincsproject.org/	LDG-1430:LCL-1335	http://www.lincsproject.org/	LDG-1430
http://www.lincsproject.org/	LDG-1430:LCL-1472	http://www.lincsproject.org/	LDG-1430
http://www.lincsproject.org/	LDG-1430:LCL-1314	http://www.lincsproject.org/	LDG-1430
http://www.lincsproject.org/	LDG-1430:LCL-1330	http://www.lincsproject.org/	LDG-1430
http://www.lincsproject.org/	LDG-1430:LCL-1310	http://www.lincsproject.org/	LDG-1430
http://www.lincsproject.org/	LDG-1430:LCL-1470	http://www.lincsproject.org/	LDG-1430
http://www.lincsproject.org/	LDG-1430:LCL-1334	http://www.lincsproject.org/	LDG-1430
http://www.lincsproject.org/	LDG-1430:LCL-1466	http://www.lincsproject.org/	LDG-1430
http://www.lincsproject.org/	LDG-1430:LCL-1316	http://www.lincsproject.org/	LDG-1430
http://www.lincsproject.org/	LDG-1430:LCL-1462	http://www.lincsproject.org/	LDG-1430
http://www.lincsproject.org/	LDG-1430:LCL-1329	http://www.lincsproject.org/	LDG-1430
http://www.lincsproject.org/	LDG-1430:LCL-1331	http://www.lincsproject.org/	LDG-1430
http://www.lincsproject.org/	LDG-1430:LCL-1467	http://www.lincsproject.org/	LDG-1430
http://www.lincsproject.org/	LDG-1430:LCL-1485	http://www.lincsproject.org/	LDG-1430
http://www.lincsproject.org/	LDG-1430:LCL-1463	http://www.lincsproject.org/	LDG-1430
http://www.lincsproject.org/	LDG-1430:LCL-1461	http://www.lincsproject.org/	LDG-1430
http://www.lincsproject.org/	LDG-1430:LCL-1486	http://www.lincsproject.org/	LDG-1430
http://www.lincsproject.org/	LDG-1430:LCL-1332	http://www.lincsproject.org/	LDG-1430
http://www.lincsproject.org/	LDG-1430:LCL-1315	http://www.lincsproject.org/	LDG-1430
http://www.lincsproject.org/	LDG-1430:LCL-1475	http://www.lincsproject.org/	LDG-1430
http://www.lincsproject.org/	LDG-1430:LCL-1476	http://www.lincsproject.org/	LDG-1430
http://www.lincsproject.org/	LDG-1430:LCL-2085	http://www.lincsproject.org/	LDG-1430
http://www.lincsproject.org/	LDG-1430:LCL-1460	http://www.lincsproject.org/	LDG-1430
http://www.lincsproject.org/	LDG-1431:LCL-2083	http://www.lincsproject.org/	LDG-1431
http://www.lincsproject.org/	LDG-1431:LCL-2068	http://www.lincsproject.org/	LDG-1431
http://www.lincsproject.org/	LDG-1431:LCL-2066	http://www.lincsproject.org/	LDG-1431
http://www.lincsproject.org/	LDG-1431:LCL-2067	http://www.lincsproject.org/	LDG-1431
http://www.lincsproject.org/	LDG-1431:LCL-1325	http://www.lincsproject.org/	LDG-1431
http://www.lincsproject.org/	LDG-1431:LCL-1916	http://www.lincsproject.org/	LDG-1431
http://www.lincsproject.org/	LDG-1431:LCL-1960	http://www.lincsproject.org/	LDG-1431
http://www.lincsproject.org/	LDG-1431:LCL-1471	http://www.lincsproject.org/	LDG-1431
http://www.lincsproject.org/	LDG-1431:LCL-1465	http://www.lincsproject.org/	LDG-1431
http://www.lincsproject.org/	LDG-1431:LCL-1468	http://www.lincsproject.org/	LDG-1431
http://www.lincsproject.org/	LDG-1431:LCL-1335	http://www.lincsproject.org/	LDG-1431
http://www.lincsproject.org/	LDG-1431:LCL-1472	http://www.lincsproject.org/	LDG-1431
http://www.lincsproject.org/	LDG-1431:LCL-1314	http://www.lincsproject.org/	LDG-1431
http://www.lincsproject.org/	LDG-1431:LCL-1330	http://www.lincsproject.org/	LDG-1431
http://www.lincsproject.org/	LDG-1431:LCL-1310	http://www.lincsproject.org/	LDG-1431
http://www.lincsproject.org/	LDG-1431:LCL-1470	http://www.lincsproject.org/	LDG-1431
http://www.lincsproject.org/	LDG-1431:LCL-1334	http://www.lincsproject.org/	LDG-1431
http://www.lincsproject.org/	LDG-1431:LCL-1466	http://www.lincsproject.org/	LDG-1431
http://www.lincsproject.org/	LDG-1431:LCL-1316	http://www.lincsproject.org/	LDG-1431
http://www.lincsproject.org/	LDG-1431:LCL-1462	http://www.lincsproject.org/	LDG-1431
http://www.lincsproject.org/	LDG-1431:LCL-1329	http://www.lincsproject.org/	LDG-1431
http://www.lincsproject.org/	LDG-1431:LCL-1331	http://www.lincsproject.org/	LDG-1431
http://www.lincsproject.org/	LDG-1431:LCL-1467	http://www.lincsproject.org/	LDG-1431
http://www.lincsproject.org/	LDG-1431:LCL-1485	http://www.lincsproject.org/	LDG-1431
http://www.lincsproject.org/	LDG-1431:LCL-1463	http://www.lincsproject.org/	LDG-1431
http://www.lincsproject.org/	LDG-1431:LCL-1461	http://www.lincsproject.org/	LDG-1431
http://www.lincsproject.org/	LDG-1431:LCL-1486	http://www.lincsproject.org/	LDG-1431
http://www.lincsproject.org/	LDG-1431:LCL-1332	http://www.lincsproject.org/	LDG-1431
http://www.lincsproject.org/	LDG-1431:LCL-1315	http://www.lincsproject.org/	LDG-1431
http://www.lincsproject.org/	LDG-1431:LCL-1475	http://www.lincsproject.org/	LDG-1431
http://www.lincsproject.org/	LDG-1431:LCL-1476	http://www.lincsproject.org/	LDG-1431
http://www.lincsproject.org/	LDG-1431:LCL-2085	http://www.lincsproject.org/	LDG-1431
http://www.lincsproject.org/	LDG-1431:LCL-1460	http://www.lincsproject.org/	LDG-1431
http://www.lincsproject.org/	LDG-1413:LCL-2224	http://www.lincsproject.org/	LDG-1413
http://www.lincsproject.org/	LDG-1413:LCL-2223	http://www.lincsproject.org/	LDG-1413
http://www.lincsproject.org/	LDG-1413:LCL-2225	http://www.lincsproject.org/	LDG-1413
http://www.lincsproject.org/	LDG-1413:LCL-2083	http://www.lincsproject.org/	LDG-1413
http://www.lincsproject.org/	LDG-1413:LCL-2068	http://www.lincsproject.org/	LDG-1413
http://www.lincsproject.org/	LDG-1413:LCL-2066	http://www.lincsproject.org/	LDG-1413
http://www.lincsproject.org/	LDG-1413:LCL-2067	http://www.lincsproject.org/	LDG-1413
http://www.lincsproject.org/	LDG-1413:LCL-1325	http://www.lincsproject.org/	LDG-1413
http://www.lincsproject.org/	LDG-1413:LCL-1916	http://www.lincsproject.org/	LDG-1413
http://www.lincsproject.org/	LDG-1413:LCL-1960	http://www.lincsproject.org/	LDG-1413
http://www.lincsproject.org/	LDG-1413:LCL-1471	http://www.lincsproject.org/	LDG-1413
http://www.lincsproject.org/	LDG-1413:LCL-1465	http://www.lincsproject.org/	LDG-1413
http://www.lincsproject.org/	LDG-1413:LCL-1468	http://www.lincsproject.org/	LDG-1413
http://www.lincsproject.org/	LDG-1413:LCL-1335	http://www.lincsproject.org/	LDG-1413
http://www.lincsproject.org/	LDG-1413:LCL-1472	http://www.lincsproject.org/	LDG-1413
http://www.lincsproject.org/	LDG-1413:LCL-1314	http://www.lincsproject.org/	LDG-1413
http://www.lincsproject.org/	LDG-1413:LCL-1330	http://www.lincsproject.org/	LDG-1413
http://www.lincsproject.org/	LDG-1413:LCL-1310	http://www.lincsproject.org/	LDG-1413
http://www.lincsproject.org/	LDG-1413:LCL-1470	http://www.lincsproject.org/	LDG-1413
http://www.lincsproject.org/	LDG-1413:LCL-1334	http://www.lincsproject.org/	LDG-1413
http://www.lincsproject.org/	LDG-1413:LCL-1466	http://www.lincsproject.org/	LDG-1413
http://www.lincsproject.org/	LDG-1413:LCL-1316	http://www.lincsproject.org/	LDG-1413
http://www.lincsproject.org/	LDG-1413:LCL-1329	http://www.lincsproject.org/	LDG-1413
http://www.lincsproject.org/	LDG-1413:LCL-1331	http://www.lincsproject.org/	LDG-1413
http://www.lincsproject.org/	LDG-1413:LCL-1467	http://www.lincsproject.org/	LDG-1413
http://www.lincsproject.org/	LDG-1413:LCL-1485	http://www.lincsproject.org/	LDG-1413
http://www.lincsproject.org/	LDG-1413:LCL-1463	http://www.lincsproject.org/	LDG-1413
http://www.lincsproject.org/	LDG-1413:LCL-1461	http://www.lincsproject.org/	LDG-1413
http://www.lincsproject.org/	LDG-1413:LCL-1486	http://www.lincsproject.org/	LDG-1413
http://www.lincsproject.org/	LDG-1413:LCL-1332	http://www.lincsproject.org/	LDG-1413
http://www.lincsproject.org/	LDG-1413:LCL-1315	http://www.lincsproject.org/	LDG-1413
http://www.lincsproject.org/	LDG-1413:LCL-1475	http://www.lincsproject.org/	LDG-1413
http://www.lincsproject.org/	LDG-1413:LCL-1476	http://www.lincsproject.org/	LDG-1413
http://www.lincsproject.org/	LDG-1413:LCL-1460	http://www.lincsproject.org/	LDG-1413
http://www.lincsproject.org/	LDG-1413:LCL-2085	http://www.lincsproject.org/	LDG-1413
http://www.lincsproject.org/	LDG-1119:LCL-1462	http://www.lincsproject.org/	LDG-1119
http://www.lincsproject.org/	LDG-1119:LCL-1486	http://www.lincsproject.org/	LDG-1119
http://www.lincsproject.org/	LDG-1119:LCL-1332	http://www.lincsproject.org/	LDG-1119
http://www.lincsproject.org/	LDG-1119:LCL-2085	http://www.lincsproject.org/	LDG-1119
http://www.lincsproject.org/	LDG-1088:LCL-1512	http://www.lincsproject.org/	LDG-1088
http://www.lincsproject.org/	LDG-1192:LCL-1431	http://www.lincsproject.org/	LDG-1192
http://www.lincsproject.org/	LDG-1122:LCL-2102	http://www.lincsproject.org/	LDG-1122
http://www.lincsproject.org/	LDG-1122:LCL-2082	http://www.lincsproject.org/	LDG-1122
http://www.lincsproject.org/	LDG-1122:LCL-2081	http://www.lincsproject.org/	LDG-1122
http://www.lincsproject.org/	LDG-1122:LCL-1469	http://www.lincsproject.org/	LDG-1122
http://www.lincsproject.org/	LDG-1122:LCL-1325	http://www.lincsproject.org/	LDG-1122
http://www.lincsproject.org/	LDG-1122:LCL-1480	http://www.lincsproject.org/	LDG-1122
http://www.lincsproject.org/	LDG-1122:LCL-1324	http://www.lincsproject.org/	LDG-1122
http://www.lincsproject.org/	LDG-1122:LCL-1317	http://www.lincsproject.org/	LDG-1122
http://www.lincsproject.org/	LDG-1122:LCL-1321	http://www.lincsproject.org/	LDG-1122
http://www.lincsproject.org/	LDG-1122:LCL-1309	http://www.lincsproject.org/	LDG-1122
http://www.lincsproject.org/	LDG-1122:LCL-1319	http://www.lincsproject.org/	LDG-1122
http://www.lincsproject.org/	LDG-1122:LCL-1333	http://www.lincsproject.org/	LDG-1122
http://www.lincsproject.org/	LDG-1122:LCL-1320	http://www.lincsproject.org/	LDG-1122
http://www.lincsproject.org/	LDG-1122:LCL-1322	http://www.lincsproject.org/	LDG-1122
http://www.lincsproject.org/	LDG-1122:LCL-1916	http://www.lincsproject.org/	LDG-1122
http://www.lincsproject.org/	LDG-1122:LCL-1960	http://www.lincsproject.org/	LDG-1122
http://www.lincsproject.org/	LDG-1122:LCL-1468	http://www.lincsproject.org/	LDG-1122
http://www.lincsproject.org/	LDG-1122:LCL-1335	http://www.lincsproject.org/	LDG-1122
http://www.lincsproject.org/	LDG-1122:LCL-1314	http://www.lincsproject.org/	LDG-1122
http://www.lincsproject.org/	LDG-1122:LCL-1330	http://www.lincsproject.org/	LDG-1122
http://www.lincsproject.org/	LDG-1122:LCL-1310	http://www.lincsproject.org/	LDG-1122
http://www.lincsproject.org/	LDG-1122:LCL-1308	http://www.lincsproject.org/	LDG-1122
http://www.lincsproject.org/	LDG-1122:LCL-1334	http://www.lincsproject.org/	LDG-1122
http://www.lincsproject.org/	LDG-1122:LCL-1466	http://www.lincsproject.org/	LDG-1122
http://www.lincsproject.org/	LDG-1122:LCL-1316	http://www.lincsproject.org/	LDG-1122
http://www.lincsproject.org/	LDG-1122:LCL-1462	http://www.lincsproject.org/	LDG-1122
http://www.lincsproject.org/	LDG-1122:LCL-1331	http://www.lincsproject.org/	LDG-1122
http://www.lincsproject.org/	LDG-1122:LCL-1467	http://www.lincsproject.org/	LDG-1122
http://www.lincsproject.org/	LDG-1122:LCL-1485	http://www.lincsproject.org/	LDG-1122
http://www.lincsproject.org/	LDG-1122:LCL-1461	http://www.lincsproject.org/	LDG-1122
http://www.lincsproject.org/	LDG-1122:LCL-1486	http://www.lincsproject.org/	LDG-1122
http://www.lincsproject.org/	LDG-1122:LCL-1332	http://www.lincsproject.org/	LDG-1122
http://www.lincsproject.org/	LDG-1122:LCL-1315	http://www.lincsproject.org/	LDG-1122
http://www.lincsproject.org/	LDG-1122:LCL-1475	http://www.lincsproject.org/	LDG-1122
http://www.lincsproject.org/	LDG-1122:LCL-1476	http://www.lincsproject.org/	LDG-1122
http://www.lincsproject.org/	LDG-1122:LCL-1460	http://www.lincsproject.org/	LDG-1122
http://www.lincsproject.org/	LDG-1122:LCL-2085	http://www.lincsproject.org/	LDG-1122
http://www.lincsproject.org/	LDG-1123:LCL-2102	http://www.lincsproject.org/	LDG-1123
http://www.lincsproject.org/	LDG-1123:LCL-2082	http://www.lincsproject.org/	LDG-1123
http://www.lincsproject.org/	LDG-1123:LCL-2081	http://www.lincsproject.org/	LDG-1123
http://www.lincsproject.org/	LDG-1123:LCL-1469	http://www.lincsproject.org/	LDG-1123
http://www.lincsproject.org/	LDG-1123:LCL-1325	http://www.lincsproject.org/	LDG-1123
http://www.lincsproject.org/	LDG-1123:LCL-1480	http://www.lincsproject.org/	LDG-1123
http://www.lincsproject.org/	LDG-1123:LCL-1324	http://www.lincsproject.org/	LDG-1123
http://www.lincsproject.org/	LDG-1123:LCL-1317	http://www.lincsproject.org/	LDG-1123
http://www.lincsproject.org/	LDG-1123:LCL-1321	http://www.lincsproject.org/	LDG-1123
http://www.lincsproject.org/	LDG-1123:LCL-1309	http://www.lincsproject.org/	LDG-1123
http://www.lincsproject.org/	LDG-1123:LCL-1319	http://www.lincsproject.org/	LDG-1123
http://www.lincsproject.org/	LDG-1123:LCL-1333	http://www.lincsproject.org/	LDG-1123
http://www.lincsproject.org/	LDG-1123:LCL-1320	http://www.lincsproject.org/	LDG-1123
http://www.lincsproject.org/	LDG-1123:LCL-1322	http://www.lincsproject.org/	LDG-1123
http://www.lincsproject.org/	LDG-1123:LCL-1916	http://www.lincsproject.org/	LDG-1123
http://www.lincsproject.org/	LDG-1123:LCL-1960	http://www.lincsproject.org/	LDG-1123
http://www.lincsproject.org/	LDG-1123:LCL-1471	http://www.lincsproject.org/	LDG-1123
http://www.lincsproject.org/	LDG-1123:LCL-1468	http://www.lincsproject.org/	LDG-1123
http://www.lincsproject.org/	LDG-1123:LCL-1335	http://www.lincsproject.org/	LDG-1123
http://www.lincsproject.org/	LDG-1123:LCL-1314	http://www.lincsproject.org/	LDG-1123
http://www.lincsproject.org/	LDG-1123:LCL-1330	http://www.lincsproject.org/	LDG-1123
http://www.lincsproject.org/	LDG-1123:LCL-1310	http://www.lincsproject.org/	LDG-1123
http://www.lincsproject.org/	LDG-1123:LCL-1308	http://www.lincsproject.org/	LDG-1123
http://www.lincsproject.org/	LDG-1123:LCL-1470	http://www.lincsproject.org/	LDG-1123
http://www.lincsproject.org/	LDG-1123:LCL-1334	http://www.lincsproject.org/	LDG-1123
http://www.lincsproject.org/	LDG-1123:LCL-1466	http://www.lincsproject.org/	LDG-1123
http://www.lincsproject.org/	LDG-1123:LCL-1316	http://www.lincsproject.org/	LDG-1123
http://www.lincsproject.org/	LDG-1123:LCL-1462	http://www.lincsproject.org/	LDG-1123
http://www.lincsproject.org/	LDG-1123:LCL-1331	http://www.lincsproject.org/	LDG-1123
http://www.lincsproject.org/	LDG-1123:LCL-1467	http://www.lincsproject.org/	LDG-1123
http://www.lincsproject.org/	LDG-1123:LCL-1485	http://www.lincsproject.org/	LDG-1123
http://www.lincsproject.org/	LDG-1123:LCL-1461	http://www.lincsproject.org/	LDG-1123
http://www.lincsproject.org/	LDG-1123:LCL-1486	http://www.lincsproject.org/	LDG-1123
http://www.lincsproject.org/	LDG-1123:LCL-1332	http://www.lincsproject.org/	LDG-1123
http://www.lincsproject.org/	LDG-1123:LCL-1315	http://www.lincsproject.org/	LDG-1123
http://www.lincsproject.org/	LDG-1123:LCL-1475	http://www.lincsproject.org/	LDG-1123
http://www.lincsproject.org/	LDG-1123:LCL-1476	http://www.lincsproject.org/	LDG-1123
http://www.lincsproject.org/	LDG-1123:LCL-1460	http://www.lincsproject.org/	LDG-1123
http://www.lincsproject.org/	LDG-1123:LCL-2085	http://www.lincsproject.org/	LDG-1123
http://www.lincsproject.org/	LDG-1121:LCL-2102	http://www.lincsproject.org/	LDG-1121
http://www.lincsproject.org/	LDG-1121:LCL-2082	http://www.lincsproject.org/	LDG-1121
http://www.lincsproject.org/	LDG-1121:LCL-2081	http://www.lincsproject.org/	LDG-1121
http://www.lincsproject.org/	LDG-1121:LCL-1469	http://www.lincsproject.org/	LDG-1121
http://www.lincsproject.org/	LDG-1121:LCL-1325	http://www.lincsproject.org/	LDG-1121
http://www.lincsproject.org/	LDG-1121:LCL-1480	http://www.lincsproject.org/	LDG-1121
http://www.lincsproject.org/	LDG-1121:LCL-1324	http://www.lincsproject.org/	LDG-1121
http://www.lincsproject.org/	LDG-1121:LCL-1317	http://www.lincsproject.org/	LDG-1121
http://www.lincsproject.org/	LDG-1121:LCL-1321	http://www.lincsproject.org/	LDG-1121
http://www.lincsproject.org/	LDG-1121:LCL-1309	http://www.lincsproject.org/	LDG-1121
http://www.lincsproject.org/	LDG-1121:LCL-1319	http://www.lincsproject.org/	LDG-1121
http://www.lincsproject.org/	LDG-1121:LCL-1333	http://www.lincsproject.org/	LDG-1121
http://www.lincsproject.org/	LDG-1121:LCL-1320	http://www.lincsproject.org/	LDG-1121
http://www.lincsproject.org/	LDG-1121:LCL-1322	http://www.lincsproject.org/	LDG-1121
http://www.lincsproject.org/	LDG-1121:LCL-1916	http://www.lincsproject.org/	LDG-1121
http://www.lincsproject.org/	LDG-1121:LCL-1960	http://www.lincsproject.org/	LDG-1121
http://www.lincsproject.org/	LDG-1121:LCL-1468	http://www.lincsproject.org/	LDG-1121
http://www.lincsproject.org/	LDG-1121:LCL-1335	http://www.lincsproject.org/	LDG-1121
http://www.lincsproject.org/	LDG-1121:LCL-1314	http://www.lincsproject.org/	LDG-1121
http://www.lincsproject.org/	LDG-1121:LCL-1330	http://www.lincsproject.org/	LDG-1121
http://www.lincsproject.org/	LDG-1121:LCL-1310	http://www.lincsproject.org/	LDG-1121
http://www.lincsproject.org/	LDG-1121:LCL-1308	http://www.lincsproject.org/	LDG-1121
http://www.lincsproject.org/	LDG-1121:LCL-1470	http://www.lincsproject.org/	LDG-1121
http://www.lincsproject.org/	LDG-1121:LCL-1334	http://www.lincsproject.org/	LDG-1121
http://www.lincsproject.org/	LDG-1121:LCL-1466	http://www.lincsproject.org/	LDG-1121
http://www.lincsproject.org/	LDG-1121:LCL-1316	http://www.lincsproject.org/	LDG-1121
http://www.lincsproject.org/	LDG-1121:LCL-1462	http://www.lincsproject.org/	LDG-1121
http://www.lincsproject.org/	LDG-1121:LCL-1331	http://www.lincsproject.org/	LDG-1121
http://www.lincsproject.org/	LDG-1121:LCL-1467	http://www.lincsproject.org/	LDG-1121
http://www.lincsproject.org/	LDG-1121:LCL-1485	http://www.lincsproject.org/	LDG-1121
http://www.lincsproject.org/	LDG-1121:LCL-1461	http://www.lincsproject.org/	LDG-1121
http://www.lincsproject.org/	LDG-1121:LCL-1486	http://www.lincsproject.org/	LDG-1121
http://www.lincsproject.org/	LDG-1121:LCL-1332	http://www.lincsproject.org/	LDG-1121
http://www.lincsproject.org/	LDG-1121:LCL-1315	http://www.lincsproject.org/	LDG-1121
http://www.lincsproject.org/	LDG-1121:LCL-1475	http://www.lincsproject.org/	LDG-1121
http://www.lincsproject.org/	LDG-1121:LCL-1476	http://www.lincsproject.org/	LDG-1121
http://www.lincsproject.org/	LDG-1121:LCL-1460	http://www.lincsproject.org/	LDG-1121
http://www.lincsproject.org/	LDG-1121:LCL-2085	http://www.lincsproject.org/	LDG-1121
http://www.lincsproject.org/	LDG-1186:LCL-1097	http://www.lincsproject.org/	LDG-1186
http://www.lincsproject.org/	LDG-1196:LCL-1298	http://www.lincsproject.org/	LDG-1196
http://www.lincsproject.org/	LDG-1196:LCL-1460	http://www.lincsproject.org/	LDG-1196
http://www.lincsproject.org/	LDG-1409:LCL-2085	http://www.lincsproject.org/	LDG-1409
http://www.lincsproject.org/	LDG-1331:LCL-2210	http://www.lincsproject.org/	LDG-1331
http://www.lincsproject.org/	LDG-1331:LCL-2208	http://www.lincsproject.org/	LDG-1331
http://www.lincsproject.org/	LDG-1332:LCL-2210	http://www.lincsproject.org/	LDG-1332
http://www.lincsproject.org/	LDG-1332:LCL-2208	http://www.lincsproject.org/	LDG-1332
http://www.lincsproject.org/	LDG-1333:LCL-2210	http://www.lincsproject.org/	LDG-1333
http://www.lincsproject.org/	LDG-1333:LCL-2208	http://www.lincsproject.org/	LDG-1333
http://www.lincsproject.org/	LDG-1400:LCL-2085	http://www.lincsproject.org/	LDG-1400
http://www.lincsproject.org/	LDG-1438:LCL-1960	http://www.lincsproject.org/	LDG-1438
http://www.lincsproject.org/	LDG-1438:LCL-1335	http://www.lincsproject.org/	LDG-1438
http://www.lincsproject.org/	LDG-1438:LCL-1310	http://www.lincsproject.org/	LDG-1438
http://www.lincsproject.org/	LDG-1438:LCL-1334	http://www.lincsproject.org/	LDG-1438
http://www.lincsproject.org/	LDG-1438:LCL-1315	http://www.lincsproject.org/	LDG-1438
http://www.lincsproject.org/	LDG-1438:LCL-1476	http://www.lincsproject.org/	LDG-1438
http://www.lincsproject.org/	LDG-1439:LCL-1960	http://www.lincsproject.org/	LDG-1439
http://www.lincsproject.org/	LDG-1439:LCL-1335	http://www.lincsproject.org/	LDG-1439
http://www.lincsproject.org/	LDG-1439:LCL-1310	http://www.lincsproject.org/	LDG-1439
http://www.lincsproject.org/	LDG-1439:LCL-1334	http://www.lincsproject.org/	LDG-1439
http://www.lincsproject.org/	LDG-1439:LCL-1315	http://www.lincsproject.org/	LDG-1439
http://www.lincsproject.org/	LDG-1439:LCL-1476	http://www.lincsproject.org/	LDG-1439
http://www.lincsproject.org/	LDG-1440:LCL-1960	http://www.lincsproject.org/	LDG-1440
http://www.lincsproject.org/	LDG-1440:LCL-1335	http://www.lincsproject.org/	LDG-1440
http://www.lincsproject.org/	LDG-1441:LCL-1960	http://www.lincsproject.org/	LDG-1441
http://www.lincsproject.org/	LDG-1441:LCL-1335	http://www.lincsproject.org/	LDG-1441
http://www.lincsproject.org/	LDG-1322:LCL-2209	http://www.lincsproject.org/	LDG-1322
http://www.lincsproject.org/	LDG-1323:LCL-2209	http://www.lincsproject.org/	LDG-1323
http://www.lincsproject.org/	LDG-1324:LCL-2209	http://www.lincsproject.org/	LDG-1324
http://www.lincsproject.org/	LDG-1392:LCL-2134	http://www.lincsproject.org/	LDG-1392
http://www.lincsproject.org/	LDG-1392:LCL-2139	http://www.lincsproject.org/	LDG-1392
http://www.lincsproject.org/	LDG-1392:LCL-2140	http://www.lincsproject.org/	LDG-1392
http://www.lincsproject.org/	LDG-1284:LCL-1792	http://www.lincsproject.org/	LDG-1284
http://www.lincsproject.org/	LDG-1284:LCL-1601	http://www.lincsproject.org/	LDG-1284
http://www.lincsproject.org/	LDG-1284:LCL-1299	http://www.lincsproject.org/	LDG-1284
http://www.lincsproject.org/	LDG-1284:LCL-1235	http://www.lincsproject.org/	LDG-1284
http://www.lincsproject.org/	LDG-1284:LCL-1460	http://www.lincsproject.org/	LDG-1284
http://www.lincsproject.org/	LDG-1284:LCL-2085	http://www.lincsproject.org/	LDG-1284
http://www.lincsproject.org/	LDG-1283:LCL-2085	http://www.lincsproject.org/	LDG-1283
http://www.lincsproject.org/	LDG-1071:LCL-1235	http://www.lincsproject.org/	LDG-1071
http://www.lincsproject.org/	LDG-1334:LCL-2206	http://www.lincsproject.org/	LDG-1334
http://www.lincsproject.org/	LDG-1335:LCL-2204	http://www.lincsproject.org/	LDG-1335
http://www.lincsproject.org/	LDG-1336:LCL-2204	http://www.lincsproject.org/	LDG-1336
http://www.lincsproject.org/	LDG-1337:LCL-2204	http://www.lincsproject.org/	LDG-1337
http://www.lincsproject.org/	LDG-1325:LCL-2207	http://www.lincsproject.org/	LDG-1325
http://www.lincsproject.org/	LDG-1325:LCL-2205	http://www.lincsproject.org/	LDG-1325
http://www.lincsproject.org/	LDG-1325:LCL-2212	http://www.lincsproject.org/	LDG-1325
http://www.lincsproject.org/	LDG-1325:LCL-2211	http://www.lincsproject.org/	LDG-1325
http://www.lincsproject.org/	LDG-1325:LCL-2210	http://www.lincsproject.org/	LDG-1325
http://www.lincsproject.org/	LDG-1325:LCL-2208	http://www.lincsproject.org/	LDG-1325
http://www.lincsproject.org/	LDG-1326:LCL-2207	http://www.lincsproject.org/	LDG-1326
http://www.lincsproject.org/	LDG-1326:LCL-2205	http://www.lincsproject.org/	LDG-1326
http://www.lincsproject.org/	LDG-1326:LCL-2212	http://www.lincsproject.org/	LDG-1326
http://www.lincsproject.org/	LDG-1326:LCL-2211	http://www.lincsproject.org/	LDG-1326
http://www.lincsproject.org/	LDG-1326:LCL-2210	http://www.lincsproject.org/	LDG-1326
http://www.lincsproject.org/	LDG-1326:LCL-2208	http://www.lincsproject.org/	LDG-1326
http://www.lincsproject.org/	LDG-1327:LCL-2207	http://www.lincsproject.org/	LDG-1327
http://www.lincsproject.org/	LDG-1327:LCL-2205	http://www.lincsproject.org/	LDG-1327
http://www.lincsproject.org/	LDG-1327:LCL-2212	http://www.lincsproject.org/	LDG-1327
http://www.lincsproject.org/	LDG-1327:LCL-2211	http://www.lincsproject.org/	LDG-1327
http://www.lincsproject.org/	LDG-1327:LCL-2210	http://www.lincsproject.org/	LDG-1327
http://www.lincsproject.org/	LDG-1327:LCL-2208	http://www.lincsproject.org/	LDG-1327
http://www.lincsproject.org/	LDG-1302:LCL-2072	http://www.lincsproject.org/	LDG-1302
http://www.lincsproject.org/	LDG-1302:LCL-2077	http://www.lincsproject.org/	LDG-1302
http://www.lincsproject.org/	LDG-1302:LCL-2064	http://www.lincsproject.org/	LDG-1302
http://www.lincsproject.org/	LDG-1302:LCL-2075	http://www.lincsproject.org/	LDG-1302
http://www.lincsproject.org/	LDG-1302:LCL-2076	http://www.lincsproject.org/	LDG-1302
http://www.lincsproject.org/	LDG-1302:LCL-2195	http://www.lincsproject.org/	LDG-1302
http://www.lincsproject.org/	LDG-1302:LCL-2073	http://www.lincsproject.org/	LDG-1302
http://www.lincsproject.org/	LDG-1302:LCL-2102	http://www.lincsproject.org/	LDG-1302
http://www.lincsproject.org/	LDG-1302:LCL-2222	http://www.lincsproject.org/	LDG-1302
http://www.lincsproject.org/	LDG-1302:LCL-2070	http://www.lincsproject.org/	LDG-1302
http://www.lincsproject.org/	LDG-1302:LCL-2074	http://www.lincsproject.org/	LDG-1302
http://www.lincsproject.org/	LDG-1302:LCL-2214	http://www.lincsproject.org/	LDG-1302
http://www.lincsproject.org/	LDG-1302:LCL-2065	http://www.lincsproject.org/	LDG-1302
http://www.lincsproject.org/	LDG-1302:LCL-2215	http://www.lincsproject.org/	LDG-1302
http://www.lincsproject.org/	LDG-1302:LCL-2069	http://www.lincsproject.org/	LDG-1302
http://www.lincsproject.org/	LDG-1302:LCL-2220	http://www.lincsproject.org/	LDG-1302
http://www.lincsproject.org/	LDG-1302:LCL-2080	http://www.lincsproject.org/	LDG-1302
http://www.lincsproject.org/	LDG-1302:LCL-2217	http://www.lincsproject.org/	LDG-1302
http://www.lincsproject.org/	LDG-1302:LCL-2213	http://www.lincsproject.org/	LDG-1302
http://www.lincsproject.org/	LDG-1302:LCL-2071	http://www.lincsproject.org/	LDG-1302
http://www.lincsproject.org/	LDG-1302:LCL-2218	http://www.lincsproject.org/	LDG-1302
http://www.lincsproject.org/	LDG-1302:LCL-2219	http://www.lincsproject.org/	LDG-1302
http://www.lincsproject.org/	LDG-1302:LCL-2068	http://www.lincsproject.org/	LDG-1302
http://www.lincsproject.org/	LDG-1302:LCL-2082	http://www.lincsproject.org/	LDG-1302
http://www.lincsproject.org/	LDG-1302:LCL-2066	http://www.lincsproject.org/	LDG-1302
http://www.lincsproject.org/	LDG-1302:LCL-1464	http://www.lincsproject.org/	LDG-1302
http://www.lincsproject.org/	LDG-1302:LCL-2067	http://www.lincsproject.org/	LDG-1302
http://www.lincsproject.org/	LDG-1302:LCL-2081	http://www.lincsproject.org/	LDG-1302
http://www.lincsproject.org/	LDG-1302:LCL-1484	http://www.lincsproject.org/	LDG-1302
http://www.lincsproject.org/	LDG-1302:LCL-1469	http://www.lincsproject.org/	LDG-1302
http://www.lincsproject.org/	LDG-1302:LCL-1480	http://www.lincsproject.org/	LDG-1302
http://www.lincsproject.org/	LDG-1302:LCL-1482	http://www.lincsproject.org/	LDG-1302
http://www.lincsproject.org/	LDG-1302:LCL-1324	http://www.lincsproject.org/	LDG-1302
http://www.lincsproject.org/	LDG-1302:LCL-1317	http://www.lincsproject.org/	LDG-1302
http://www.lincsproject.org/	LDG-1302:LCL-1312	http://www.lincsproject.org/	LDG-1302
http://www.lincsproject.org/	LDG-1302:LCL-1321	http://www.lincsproject.org/	LDG-1302
http://www.lincsproject.org/	LDG-1302:LCL-1309	http://www.lincsproject.org/	LDG-1302
http://www.lincsproject.org/	LDG-1302:LCL-1478	http://www.lincsproject.org/	LDG-1302
http://www.lincsproject.org/	LDG-1302:LCL-1479	http://www.lincsproject.org/	LDG-1302
http://www.lincsproject.org/	LDG-1302:LCL-1319	http://www.lincsproject.org/	LDG-1302
http://www.lincsproject.org/	LDG-1302:LCL-1333	http://www.lincsproject.org/	LDG-1302
http://www.lincsproject.org/	LDG-1302:LCL-1320	http://www.lincsproject.org/	LDG-1302
http://www.lincsproject.org/	LDG-1302:LCL-1311	http://www.lincsproject.org/	LDG-1302
http://www.lincsproject.org/	LDG-1302:LCL-1916	http://www.lincsproject.org/	LDG-1302
http://www.lincsproject.org/	LDG-1302:LCL-1960	http://www.lincsproject.org/	LDG-1302
http://www.lincsproject.org/	LDG-1302:LCL-1471	http://www.lincsproject.org/	LDG-1302
http://www.lincsproject.org/	LDG-1302:LCL-1465	http://www.lincsproject.org/	LDG-1302
http://www.lincsproject.org/	LDG-1302:LCL-1468	http://www.lincsproject.org/	LDG-1302
http://www.lincsproject.org/	LDG-1302:LCL-1335	http://www.lincsproject.org/	LDG-1302
http://www.lincsproject.org/	LDG-1302:LCL-1314	http://www.lincsproject.org/	LDG-1302
http://www.lincsproject.org/	LDG-1302:LCL-1330	http://www.lincsproject.org/	LDG-1302
http://www.lincsproject.org/	LDG-1302:LCL-1310	http://www.lincsproject.org/	LDG-1302
http://www.lincsproject.org/	LDG-1302:LCL-1308	http://www.lincsproject.org/	LDG-1302
http://www.lincsproject.org/	LDG-1302:LCL-1470	http://www.lincsproject.org/	LDG-1302
http://www.lincsproject.org/	LDG-1302:LCL-1334	http://www.lincsproject.org/	LDG-1302
http://www.lincsproject.org/	LDG-1302:LCL-1466	http://www.lincsproject.org/	LDG-1302
http://www.lincsproject.org/	LDG-1302:LCL-1316	http://www.lincsproject.org/	LDG-1302
http://www.lincsproject.org/	LDG-1302:LCL-1462	http://www.lincsproject.org/	LDG-1302
http://www.lincsproject.org/	LDG-1302:LCL-1329	http://www.lincsproject.org/	LDG-1302
http://www.lincsproject.org/	LDG-1302:LCL-1331	http://www.lincsproject.org/	LDG-1302
http://www.lincsproject.org/	LDG-1302:LCL-1467	http://www.lincsproject.org/	LDG-1302
http://www.lincsproject.org/	LDG-1302:LCL-1485	http://www.lincsproject.org/	LDG-1302
http://www.lincsproject.org/	LDG-1302:LCL-1463	http://www.lincsproject.org/	LDG-1302
http://www.lincsproject.org/	LDG-1302:LCL-1461	http://www.lincsproject.org/	LDG-1302
http://www.lincsproject.org/	LDG-1302:LCL-1486	http://www.lincsproject.org/	LDG-1302
http://www.lincsproject.org/	LDG-1302:LCL-1332	http://www.lincsproject.org/	LDG-1302
http://www.lincsproject.org/	LDG-1302:LCL-1315	http://www.lincsproject.org/	LDG-1302
http://www.lincsproject.org/	LDG-1302:LCL-1475	http://www.lincsproject.org/	LDG-1302
http://www.lincsproject.org/	LDG-1302:LCL-1476	http://www.lincsproject.org/	LDG-1302
http://www.lincsproject.org/	LDG-1302:LCL-1460	http://www.lincsproject.org/	LDG-1302
http://www.lincsproject.org/	LDG-1302:LCL-2085	http://www.lincsproject.org/	LDG-1302
http://www.lincsproject.org/	LDG-1303:LCL-2072	http://www.lincsproject.org/	LDG-1303
http://www.lincsproject.org/	LDG-1303:LCL-2077	http://www.lincsproject.org/	LDG-1303
http://www.lincsproject.org/	LDG-1303:LCL-2064	http://www.lincsproject.org/	LDG-1303
http://www.lincsproject.org/	LDG-1303:LCL-2075	http://www.lincsproject.org/	LDG-1303
http://www.lincsproject.org/	LDG-1303:LCL-2076	http://www.lincsproject.org/	LDG-1303
http://www.lincsproject.org/	LDG-1303:LCL-2195	http://www.lincsproject.org/	LDG-1303
http://www.lincsproject.org/	LDG-1303:LCL-2073	http://www.lincsproject.org/	LDG-1303
http://www.lincsproject.org/	LDG-1303:LCL-2102	http://www.lincsproject.org/	LDG-1303
http://www.lincsproject.org/	LDG-1303:LCL-2222	http://www.lincsproject.org/	LDG-1303
http://www.lincsproject.org/	LDG-1303:LCL-2070	http://www.lincsproject.org/	LDG-1303
http://www.lincsproject.org/	LDG-1303:LCL-2074	http://www.lincsproject.org/	LDG-1303
http://www.lincsproject.org/	LDG-1303:LCL-2214	http://www.lincsproject.org/	LDG-1303
http://www.lincsproject.org/	LDG-1303:LCL-2065	http://www.lincsproject.org/	LDG-1303
http://www.lincsproject.org/	LDG-1303:LCL-2215	http://www.lincsproject.org/	LDG-1303
http://www.lincsproject.org/	LDG-1303:LCL-2069	http://www.lincsproject.org/	LDG-1303
http://www.lincsproject.org/	LDG-1303:LCL-2220	http://www.lincsproject.org/	LDG-1303
http://www.lincsproject.org/	LDG-1303:LCL-2080	http://www.lincsproject.org/	LDG-1303
http://www.lincsproject.org/	LDG-1303:LCL-2217	http://www.lincsproject.org/	LDG-1303
http://www.lincsproject.org/	LDG-1303:LCL-2213	http://www.lincsproject.org/	LDG-1303
http://www.lincsproject.org/	LDG-1303:LCL-2071	http://www.lincsproject.org/	LDG-1303
http://www.lincsproject.org/	LDG-1303:LCL-2218	http://www.lincsproject.org/	LDG-1303
http://www.lincsproject.org/	LDG-1303:LCL-2219	http://www.lincsproject.org/	LDG-1303
http://www.lincsproject.org/	LDG-1303:LCL-2068	http://www.lincsproject.org/	LDG-1303
http://www.lincsproject.org/	LDG-1303:LCL-2082	http://www.lincsproject.org/	LDG-1303
http://www.lincsproject.org/	LDG-1303:LCL-2066	http://www.lincsproject.org/	LDG-1303
http://www.lincsproject.org/	LDG-1303:LCL-1464	http://www.lincsproject.org/	LDG-1303
http://www.lincsproject.org/	LDG-1303:LCL-2067	http://www.lincsproject.org/	LDG-1303
http://www.lincsproject.org/	LDG-1303:LCL-2081	http://www.lincsproject.org/	LDG-1303
http://www.lincsproject.org/	LDG-1303:LCL-1484	http://www.lincsproject.org/	LDG-1303
http://www.lincsproject.org/	LDG-1303:LCL-1469	http://www.lincsproject.org/	LDG-1303
http://www.lincsproject.org/	LDG-1303:LCL-1480	http://www.lincsproject.org/	LDG-1303
http://www.lincsproject.org/	LDG-1303:LCL-1482	http://www.lincsproject.org/	LDG-1303
http://www.lincsproject.org/	LDG-1303:LCL-1324	http://www.lincsproject.org/	LDG-1303
http://www.lincsproject.org/	LDG-1303:LCL-1317	http://www.lincsproject.org/	LDG-1303
http://www.lincsproject.org/	LDG-1303:LCL-1312	http://www.lincsproject.org/	LDG-1303
http://www.lincsproject.org/	LDG-1303:LCL-1321	http://www.lincsproject.org/	LDG-1303
http://www.lincsproject.org/	LDG-1303:LCL-1309	http://www.lincsproject.org/	LDG-1303
http://www.lincsproject.org/	LDG-1303:LCL-1478	http://www.lincsproject.org/	LDG-1303
http://www.lincsproject.org/	LDG-1303:LCL-1479	http://www.lincsproject.org/	LDG-1303
http://www.lincsproject.org/	LDG-1303:LCL-1319	http://www.lincsproject.org/	LDG-1303
http://www.lincsproject.org/	LDG-1303:LCL-1333	http://www.lincsproject.org/	LDG-1303
http://www.lincsproject.org/	LDG-1303:LCL-1320	http://www.lincsproject.org/	LDG-1303
http://www.lincsproject.org/	LDG-1303:LCL-1311	http://www.lincsproject.org/	LDG-1303
http://www.lincsproject.org/	LDG-1303:LCL-1916	http://www.lincsproject.org/	LDG-1303
http://www.lincsproject.org/	LDG-1303:LCL-1960	http://www.lincsproject.org/	LDG-1303
http://www.lincsproject.org/	LDG-1303:LCL-1471	http://www.lincsproject.org/	LDG-1303
http://www.lincsproject.org/	LDG-1303:LCL-1465	http://www.lincsproject.org/	LDG-1303
http://www.lincsproject.org/	LDG-1303:LCL-1468	http://www.lincsproject.org/	LDG-1303
http://www.lincsproject.org/	LDG-1303:LCL-1335	http://www.lincsproject.org/	LDG-1303
http://www.lincsproject.org/	LDG-1303:LCL-1314	http://www.lincsproject.org/	LDG-1303
http://www.lincsproject.org/	LDG-1303:LCL-1330	http://www.lincsproject.org/	LDG-1303
http://www.lincsproject.org/	LDG-1303:LCL-1310	http://www.lincsproject.org/	LDG-1303
http://www.lincsproject.org/	LDG-1303:LCL-1308	http://www.lincsproject.org/	LDG-1303
http://www.lincsproject.org/	LDG-1303:LCL-1470	http://www.lincsproject.org/	LDG-1303
http://www.lincsproject.org/	LDG-1303:LCL-1334	http://www.lincsproject.org/	LDG-1303
http://www.lincsproject.org/	LDG-1303:LCL-1466	http://www.lincsproject.org/	LDG-1303
http://www.lincsproject.org/	LDG-1303:LCL-1316	http://www.lincsproject.org/	LDG-1303
http://www.lincsproject.org/	LDG-1303:LCL-1462	http://www.lincsproject.org/	LDG-1303
http://www.lincsproject.org/	LDG-1303:LCL-1329	http://www.lincsproject.org/	LDG-1303
http://www.lincsproject.org/	LDG-1303:LCL-1331	http://www.lincsproject.org/	LDG-1303
http://www.lincsproject.org/	LDG-1303:LCL-1467	http://www.lincsproject.org/	LDG-1303
http://www.lincsproject.org/	LDG-1303:LCL-1485	http://www.lincsproject.org/	LDG-1303
http://www.lincsproject.org/	LDG-1303:LCL-1463	http://www.lincsproject.org/	LDG-1303
http://www.lincsproject.org/	LDG-1303:LCL-1461	http://www.lincsproject.org/	LDG-1303
http://www.lincsproject.org/	LDG-1303:LCL-1486	http://www.lincsproject.org/	LDG-1303
http://www.lincsproject.org/	LDG-1303:LCL-1332	http://www.lincsproject.org/	LDG-1303
http://www.lincsproject.org/	LDG-1303:LCL-1315	http://www.lincsproject.org/	LDG-1303
http://www.lincsproject.org/	LDG-1303:LCL-1475	http://www.lincsproject.org/	LDG-1303
http://www.lincsproject.org/	LDG-1303:LCL-1476	http://www.lincsproject.org/	LDG-1303
http://www.lincsproject.org/	LDG-1303:LCL-1460	http://www.lincsproject.org/	LDG-1303
http://www.lincsproject.org/	LDG-1303:LCL-2085	http://www.lincsproject.org/	LDG-1303
http://www.lincsproject.org/	LDG-1076:LCL-1235	http://www.lincsproject.org/	LDG-1076
http://www.lincsproject.org/	LDG-1240:LCL-1461	http://www.lincsproject.org/	LDG-1240
http://www.lincsproject.org/	LDG-1240:LCL-1315	http://www.lincsproject.org/	LDG-1240
http://www.lincsproject.org/	LDG-1240:LCL-1475	http://www.lincsproject.org/	LDG-1240
http://www.lincsproject.org/	LDG-1240:LCL-1476	http://www.lincsproject.org/	LDG-1240
http://www.lincsproject.org/	LDG-1240:LCL-1460	http://www.lincsproject.org/	LDG-1240
http://www.lincsproject.org/	LDG-1240:LCL-2085	http://www.lincsproject.org/	LDG-1240
http://www.lincsproject.org/	LDG-1236:LCL-1242	http://www.lincsproject.org/	LDG-1236
http://www.lincsproject.org/	LDG-1301:LCL-2085	http://www.lincsproject.org/	LDG-1301
http://www.lincsproject.org/	LDG-1328:LCL-2210	http://www.lincsproject.org/	LDG-1328
http://www.lincsproject.org/	LDG-1328:LCL-2208	http://www.lincsproject.org/	LDG-1328
http://www.lincsproject.org/	LDG-1329:LCL-2210	http://www.lincsproject.org/	LDG-1329
http://www.lincsproject.org/	LDG-1329:LCL-2208	http://www.lincsproject.org/	LDG-1329
http://www.lincsproject.org/	LDG-1330:LCL-2210	http://www.lincsproject.org/	LDG-1330
http://www.lincsproject.org/	LDG-1330:LCL-2208	http://www.lincsproject.org/	LDG-1330
http://www.lincsproject.org/	LDG-1295:LCL-2221	http://www.lincsproject.org/	LDG-1295
http://www.lincsproject.org/	LDG-1295:LCL-2094	http://www.lincsproject.org/	LDG-1295
http://www.lincsproject.org/	LDG-1294:LCL-1235	http://www.lincsproject.org/	LDG-1294
http://www.lincsproject.org/	LDG-1083:LCL-1512	http://www.lincsproject.org/	LDG-1083
http://www.lincsproject.org/	LDG-1083:LCL-1299	http://www.lincsproject.org/	LDG-1083
http://www.lincsproject.org/	LDG-1199:LCL-1461	http://www.lincsproject.org/	LDG-1199
http://www.lincsproject.org/	LDG-1199:LCL-1315	http://www.lincsproject.org/	LDG-1199
http://www.lincsproject.org/	LDG-1199:LCL-1475	http://www.lincsproject.org/	LDG-1199
http://www.lincsproject.org/	LDG-1199:LCL-1476	http://www.lincsproject.org/	LDG-1199
http://www.lincsproject.org/	LDG-1199:LCL-1460	http://www.lincsproject.org/	LDG-1199
http://www.lincsproject.org/	LDG-1199:LCL-2085	http://www.lincsproject.org/	LDG-1199
http://www.lincsproject.org/	LDG-1188:LCL-2147	http://www.lincsproject.org/	LDG-1188
http://www.lincsproject.org/	LDG-1188:LCL-2146	http://www.lincsproject.org/	LDG-1188
http://www.lincsproject.org/	LDG-1188:LCL-2162	http://www.lincsproject.org/	LDG-1188
http://www.lincsproject.org/	LDG-1188:LCL-2153	http://www.lincsproject.org/	LDG-1188
http://www.lincsproject.org/	LDG-1188:LCL-2150	http://www.lincsproject.org/	LDG-1188
http://www.lincsproject.org/	LDG-1188:LCL-2228	http://www.lincsproject.org/	LDG-1188
http://www.lincsproject.org/	LDG-1188:LCL-2154	http://www.lincsproject.org/	LDG-1188
http://www.lincsproject.org/	LDG-1188:LCL-2156	http://www.lincsproject.org/	LDG-1188
http://www.lincsproject.org/	LDG-1188:LCL-2152	http://www.lincsproject.org/	LDG-1188
http://www.lincsproject.org/	LDG-1188:LCL-2107	http://www.lincsproject.org/	LDG-1188
http://www.lincsproject.org/	LDG-1188:LCL-2149	http://www.lincsproject.org/	LDG-1188
http://www.lincsproject.org/	LDG-1188:LCL-2159	http://www.lincsproject.org/	LDG-1188
http://www.lincsproject.org/	LDG-1188:LCL-2155	http://www.lincsproject.org/	LDG-1188
http://www.lincsproject.org/	LDG-1188:LCL-2084	http://www.lincsproject.org/	LDG-1188
http://www.lincsproject.org/	LDG-1188:LCL-2144	http://www.lincsproject.org/	LDG-1188
http://www.lincsproject.org/	LDG-1188:LCL-2161	http://www.lincsproject.org/	LDG-1188
http://www.lincsproject.org/	LDG-1188:LCL-2145	http://www.lincsproject.org/	LDG-1188
http://www.lincsproject.org/	LDG-1188:LCL-2158	http://www.lincsproject.org/	LDG-1188
http://www.lincsproject.org/	LDG-1188:LCL-2148	http://www.lincsproject.org/	LDG-1188
http://www.lincsproject.org/	LDG-1188:LCL-2157	http://www.lincsproject.org/	LDG-1188
http://www.lincsproject.org/	LDG-1188:LCL-2090	http://www.lincsproject.org/	LDG-1188
http://www.lincsproject.org/	LDG-1188:LCL-2151	http://www.lincsproject.org/	LDG-1188
http://www.lincsproject.org/	LDG-1188:LCL-2000	http://www.lincsproject.org/	LDG-1188
http://www.lincsproject.org/	LDG-1188:LCL-1926	http://www.lincsproject.org/	LDG-1188
http://www.lincsproject.org/	LDG-1188:LCL-1070	http://www.lincsproject.org/	LDG-1188
http://www.lincsproject.org/	LDG-1188:LCL-1161	http://www.lincsproject.org/	LDG-1188
http://www.lincsproject.org/	LDG-1188:LCL-1339	http://www.lincsproject.org/	LDG-1188
http://www.lincsproject.org/	LDG-1188:LCL-1805	http://www.lincsproject.org/	LDG-1188
http://www.lincsproject.org/	LDG-1188:LCL-1604	http://www.lincsproject.org/	LDG-1188
http://www.lincsproject.org/	LDG-1188:LCL-1168	http://www.lincsproject.org/	LDG-1188
http://www.lincsproject.org/	LDG-1188:LCL-1181	http://www.lincsproject.org/	LDG-1188
http://www.lincsproject.org/	LDG-1188:LCL-1636	http://www.lincsproject.org/	LDG-1188
http://www.lincsproject.org/	LDG-1188:LCL-1649	http://www.lincsproject.org/	LDG-1188
http://www.lincsproject.org/	LDG-1188:LCL-1700	http://www.lincsproject.org/	LDG-1188
http://www.lincsproject.org/	LDG-1188:LCL-1780	http://www.lincsproject.org/	LDG-1188
http://www.lincsproject.org/	LDG-1188:LCL-1841	http://www.lincsproject.org/	LDG-1188
http://www.lincsproject.org/	LDG-1188:LCL-1162	http://www.lincsproject.org/	LDG-1188
http://www.lincsproject.org/	LDG-1188:LCL-1074	http://www.lincsproject.org/	LDG-1188
http://www.lincsproject.org/	LDG-1188:LCL-1893	http://www.lincsproject.org/	LDG-1188
http://www.lincsproject.org/	LDG-1188:LCL-1265	http://www.lincsproject.org/	LDG-1188
http://www.lincsproject.org/	LDG-1188:LCL-1147	http://www.lincsproject.org/	LDG-1188
http://www.lincsproject.org/	LDG-1188:LCL-2092	http://www.lincsproject.org/	LDG-1188
http://www.lincsproject.org/	LDG-1188:LCL-1521	http://www.lincsproject.org/	LDG-1188
http://www.lincsproject.org/	LDG-1188:LCL-2050	http://www.lincsproject.org/	LDG-1188
http://www.lincsproject.org/	LDG-1188:LCL-1187	http://www.lincsproject.org/	LDG-1188
http://www.lincsproject.org/	LDG-1188:LCL-1842	http://www.lincsproject.org/	LDG-1188
http://www.lincsproject.org/	LDG-1188:LCL-1072	http://www.lincsproject.org/	LDG-1188
http://www.lincsproject.org/	LDG-1188:LCL-1925	http://www.lincsproject.org/	LDG-1188
http://www.lincsproject.org/	LDG-1188:LCL-1786	http://www.lincsproject.org/	LDG-1188
http://www.lincsproject.org/	LDG-1188:LCL-1659	http://www.lincsproject.org/	LDG-1188
http://www.lincsproject.org/	LDG-1188:LCL-1410	http://www.lincsproject.org/	LDG-1188
http://www.lincsproject.org/	LDG-1188:LCL-1164	http://www.lincsproject.org/	LDG-1188
http://www.lincsproject.org/	LDG-1188:LCL-1503	http://www.lincsproject.org/	LDG-1188
http://www.lincsproject.org/	LDG-1188:LCL-1609	http://www.lincsproject.org/	LDG-1188
http://www.lincsproject.org/	LDG-1188:LCL-1054	http://www.lincsproject.org/	LDG-1188
http://www.lincsproject.org/	LDG-1188:LCL-1125	http://www.lincsproject.org/	LDG-1188
http://www.lincsproject.org/	LDG-1188:LCL-1180	http://www.lincsproject.org/	LDG-1188
http://www.lincsproject.org/	LDG-1188:LCL-1431	http://www.lincsproject.org/	LDG-1188
http://www.lincsproject.org/	LDG-1188:LCL-1157	http://www.lincsproject.org/	LDG-1188
http://www.lincsproject.org/	LDG-1188:LCL-1601	http://www.lincsproject.org/	LDG-1188
http://www.lincsproject.org/	LDG-1188:LCL-1299	http://www.lincsproject.org/	LDG-1188
http://www.lincsproject.org/	LDG-1188:LCL-1461	http://www.lincsproject.org/	LDG-1188
http://www.lincsproject.org/	LDG-1188:LCL-1315	http://www.lincsproject.org/	LDG-1188
http://www.lincsproject.org/	LDG-1188:LCL-1475	http://www.lincsproject.org/	LDG-1188
http://www.lincsproject.org/	LDG-1188:LCL-1476	http://www.lincsproject.org/	LDG-1188
http://www.lincsproject.org/	LDG-1188:LCL-1235	http://www.lincsproject.org/	LDG-1188
http://www.lincsproject.org/	LDG-1188:LCL-1460	http://www.lincsproject.org/	LDG-1188
http://www.lincsproject.org/	LDG-1188:LCL-2085	http://www.lincsproject.org/	LDG-1188
http://www.lincsproject.org/	LDG-1227:LCL-2084	http://www.lincsproject.org/	LDG-1227
http://www.lincsproject.org/	LDG-1227:LCL-2090	http://www.lincsproject.org/	LDG-1227
http://www.lincsproject.org/	LDG-1227:LCL-1298	http://www.lincsproject.org/	LDG-1227
http://www.lincsproject.org/	LDG-1227:LCL-2083	http://www.lincsproject.org/	LDG-1227
http://www.lincsproject.org/	LDG-1227:LCL-1925	http://www.lincsproject.org/	LDG-1227
http://www.lincsproject.org/	LDG-1227:LCL-1180	http://www.lincsproject.org/	LDG-1227
http://www.lincsproject.org/	LDG-1227:LCL-1601	http://www.lincsproject.org/	LDG-1227
http://www.lincsproject.org/	LDG-1227:LCL-1299	http://www.lincsproject.org/	LDG-1227
http://www.lincsproject.org/	LDG-1227:LCL-1461	http://www.lincsproject.org/	LDG-1227
http://www.lincsproject.org/	LDG-1227:LCL-1315	http://www.lincsproject.org/	LDG-1227
http://www.lincsproject.org/	LDG-1227:LCL-1475	http://www.lincsproject.org/	LDG-1227
http://www.lincsproject.org/	LDG-1227:LCL-1476	http://www.lincsproject.org/	LDG-1227
http://www.lincsproject.org/	LDG-1227:LCL-1235	http://www.lincsproject.org/	LDG-1227
http://www.lincsproject.org/	LDG-1227:LCL-1460	http://www.lincsproject.org/	LDG-1227
http://www.lincsproject.org/	LDG-1227:LCL-2085	http://www.lincsproject.org/	LDG-1227
http://www.lincsproject.org/	LDG-1198:LCL-2147	http://www.lincsproject.org/	LDG-1198
http://www.lincsproject.org/	LDG-1198:LCL-2162	http://www.lincsproject.org/	LDG-1198
http://www.lincsproject.org/	LDG-1198:LCL-2150	http://www.lincsproject.org/	LDG-1198
http://www.lincsproject.org/	LDG-1198:LCL-2228	http://www.lincsproject.org/	LDG-1198
http://www.lincsproject.org/	LDG-1198:LCL-2149	http://www.lincsproject.org/	LDG-1198
http://www.lincsproject.org/	LDG-1198:LCL-2159	http://www.lincsproject.org/	LDG-1198
http://www.lincsproject.org/	LDG-1198:LCL-2155	http://www.lincsproject.org/	LDG-1198
http://www.lincsproject.org/	LDG-1198:LCL-2084	http://www.lincsproject.org/	LDG-1198
http://www.lincsproject.org/	LDG-1198:LCL-2144	http://www.lincsproject.org/	LDG-1198
http://www.lincsproject.org/	LDG-1198:LCL-2161	http://www.lincsproject.org/	LDG-1198
http://www.lincsproject.org/	LDG-1198:LCL-2145	http://www.lincsproject.org/	LDG-1198
http://www.lincsproject.org/	LDG-1198:LCL-2158	http://www.lincsproject.org/	LDG-1198
http://www.lincsproject.org/	LDG-1198:LCL-2148	http://www.lincsproject.org/	LDG-1198
http://www.lincsproject.org/	LDG-1198:LCL-2157	http://www.lincsproject.org/	LDG-1198
http://www.lincsproject.org/	LDG-1198:LCL-2090	http://www.lincsproject.org/	LDG-1198
http://www.lincsproject.org/	LDG-1198:LCL-2151	http://www.lincsproject.org/	LDG-1198
http://www.lincsproject.org/	LDG-1198:LCL-1070	http://www.lincsproject.org/	LDG-1198
http://www.lincsproject.org/	LDG-1198:LCL-1161	http://www.lincsproject.org/	LDG-1198
http://www.lincsproject.org/	LDG-1198:LCL-1805	http://www.lincsproject.org/	LDG-1198
http://www.lincsproject.org/	LDG-1198:LCL-1604	http://www.lincsproject.org/	LDG-1198
http://www.lincsproject.org/	LDG-1198:LCL-1168	http://www.lincsproject.org/	LDG-1198
http://www.lincsproject.org/	LDG-1198:LCL-1181	http://www.lincsproject.org/	LDG-1198
http://www.lincsproject.org/	LDG-1198:LCL-1636	http://www.lincsproject.org/	LDG-1198
http://www.lincsproject.org/	LDG-1198:LCL-1649	http://www.lincsproject.org/	LDG-1198
http://www.lincsproject.org/	LDG-1198:LCL-1700	http://www.lincsproject.org/	LDG-1198
http://www.lincsproject.org/	LDG-1198:LCL-1780	http://www.lincsproject.org/	LDG-1198
http://www.lincsproject.org/	LDG-1198:LCL-1841	http://www.lincsproject.org/	LDG-1198
http://www.lincsproject.org/	LDG-1198:LCL-1162	http://www.lincsproject.org/	LDG-1198
http://www.lincsproject.org/	LDG-1198:LCL-1074	http://www.lincsproject.org/	LDG-1198
http://www.lincsproject.org/	LDG-1198:LCL-1893	http://www.lincsproject.org/	LDG-1198
http://www.lincsproject.org/	LDG-1198:LCL-1265	http://www.lincsproject.org/	LDG-1198
http://www.lincsproject.org/	LDG-1198:LCL-1147	http://www.lincsproject.org/	LDG-1198
http://www.lincsproject.org/	LDG-1198:LCL-2092	http://www.lincsproject.org/	LDG-1198
http://www.lincsproject.org/	LDG-1198:LCL-1521	http://www.lincsproject.org/	LDG-1198
http://www.lincsproject.org/	LDG-1198:LCL-1187	http://www.lincsproject.org/	LDG-1198
http://www.lincsproject.org/	LDG-1198:LCL-1842	http://www.lincsproject.org/	LDG-1198
http://www.lincsproject.org/	LDG-1198:LCL-1072	http://www.lincsproject.org/	LDG-1198
http://www.lincsproject.org/	LDG-1198:LCL-1925	http://www.lincsproject.org/	LDG-1198
http://www.lincsproject.org/	LDG-1198:LCL-1786	http://www.lincsproject.org/	LDG-1198
http://www.lincsproject.org/	LDG-1198:LCL-1659	http://www.lincsproject.org/	LDG-1198
http://www.lincsproject.org/	LDG-1198:LCL-1410	http://www.lincsproject.org/	LDG-1198
http://www.lincsproject.org/	LDG-1198:LCL-1164	http://www.lincsproject.org/	LDG-1198
http://www.lincsproject.org/	LDG-1198:LCL-1503	http://www.lincsproject.org/	LDG-1198
http://www.lincsproject.org/	LDG-1198:LCL-1609	http://www.lincsproject.org/	LDG-1198
http://www.lincsproject.org/	LDG-1198:LCL-1125	http://www.lincsproject.org/	LDG-1198
http://www.lincsproject.org/	LDG-1198:LCL-1180	http://www.lincsproject.org/	LDG-1198
http://www.lincsproject.org/	LDG-1198:LCL-1157	http://www.lincsproject.org/	LDG-1198
http://www.lincsproject.org/	LDG-1198:LCL-1601	http://www.lincsproject.org/	LDG-1198
http://www.lincsproject.org/	LDG-1198:LCL-1299	http://www.lincsproject.org/	LDG-1198
http://www.lincsproject.org/	LDG-1198:LCL-1461	http://www.lincsproject.org/	LDG-1198
http://www.lincsproject.org/	LDG-1198:LCL-1315	http://www.lincsproject.org/	LDG-1198
http://www.lincsproject.org/	LDG-1198:LCL-1475	http://www.lincsproject.org/	LDG-1198
http://www.lincsproject.org/	LDG-1198:LCL-1476	http://www.lincsproject.org/	LDG-1198
http://www.lincsproject.org/	LDG-1198:LCL-1235	http://www.lincsproject.org/	LDG-1198
http://www.lincsproject.org/	LDG-1198:LCL-1460	http://www.lincsproject.org/	LDG-1198
http://www.lincsproject.org/	LDG-1198:LCL-2085	http://www.lincsproject.org/	LDG-1198
http://www.lincsproject.org/	LDG-1264:LCL-2137	http://www.lincsproject.org/	LDG-1264
http://www.lincsproject.org/	LDG-1264:LCL-2138	http://www.lincsproject.org/	LDG-1264
http://www.lincsproject.org/	LDG-1264:LCL-2136	http://www.lincsproject.org/	LDG-1264
http://www.lincsproject.org/	LDG-1264:LCL-2135	http://www.lincsproject.org/	LDG-1264
http://www.lincsproject.org/	LDG-1264:LCL-2142	http://www.lincsproject.org/	LDG-1264
http://www.lincsproject.org/	LDG-1264:LCL-2143	http://www.lincsproject.org/	LDG-1264
http://www.lincsproject.org/	LDG-1264:LCL-2107	http://www.lincsproject.org/	LDG-1264
http://www.lincsproject.org/	LDG-1264:LCL-2084	http://www.lincsproject.org/	LDG-1264
http://www.lincsproject.org/	LDG-1264:LCL-2141	http://www.lincsproject.org/	LDG-1264
http://www.lincsproject.org/	LDG-1264:LCL-2133	http://www.lincsproject.org/	LDG-1264
http://www.lincsproject.org/	LDG-1264:LCL-2106	http://www.lincsproject.org/	LDG-1264
http://www.lincsproject.org/	LDG-1264:LCL-2090	http://www.lincsproject.org/	LDG-1264
http://www.lincsproject.org/	LDG-1264:LCL-2134	http://www.lincsproject.org/	LDG-1264
http://www.lincsproject.org/	LDG-1264:LCL-2139	http://www.lincsproject.org/	LDG-1264
http://www.lincsproject.org/	LDG-1264:LCL-2140	http://www.lincsproject.org/	LDG-1264
http://www.lincsproject.org/	LDG-1264:LCL-1298	http://www.lincsproject.org/	LDG-1264
http://www.lincsproject.org/	LDG-1264:LCL-2083	http://www.lincsproject.org/	LDG-1264
http://www.lincsproject.org/	LDG-1264:LCL-1925	http://www.lincsproject.org/	LDG-1264
http://www.lincsproject.org/	LDG-1264:LCL-1180	http://www.lincsproject.org/	LDG-1264
http://www.lincsproject.org/	LDG-1264:LCL-1601	http://www.lincsproject.org/	LDG-1264
http://www.lincsproject.org/	LDG-1264:LCL-1299	http://www.lincsproject.org/	LDG-1264
http://www.lincsproject.org/	LDG-1264:LCL-1461	http://www.lincsproject.org/	LDG-1264
http://www.lincsproject.org/	LDG-1264:LCL-1315	http://www.lincsproject.org/	LDG-1264
http://www.lincsproject.org/	LDG-1264:LCL-1475	http://www.lincsproject.org/	LDG-1264
http://www.lincsproject.org/	LDG-1264:LCL-1476	http://www.lincsproject.org/	LDG-1264
http://www.lincsproject.org/	LDG-1264:LCL-1235	http://www.lincsproject.org/	LDG-1264
http://www.lincsproject.org/	LDG-1264:LCL-1460	http://www.lincsproject.org/	LDG-1264
http://www.lincsproject.org/	LDG-1264:LCL-2085	http://www.lincsproject.org/	LDG-1264
http://www.lincsproject.org/	LDG-1312:LCL-2137	http://www.lincsproject.org/	LDG-1312
http://www.lincsproject.org/	LDG-1312:LCL-2138	http://www.lincsproject.org/	LDG-1312
http://www.lincsproject.org/	LDG-1312:LCL-2136	http://www.lincsproject.org/	LDG-1312
http://www.lincsproject.org/	LDG-1312:LCL-2135	http://www.lincsproject.org/	LDG-1312
http://www.lincsproject.org/	LDG-1312:LCL-2142	http://www.lincsproject.org/	LDG-1312
http://www.lincsproject.org/	LDG-1312:LCL-2143	http://www.lincsproject.org/	LDG-1312
http://www.lincsproject.org/	LDG-1312:LCL-2107	http://www.lincsproject.org/	LDG-1312
http://www.lincsproject.org/	LDG-1312:LCL-2084	http://www.lincsproject.org/	LDG-1312
http://www.lincsproject.org/	LDG-1312:LCL-2141	http://www.lincsproject.org/	LDG-1312
http://www.lincsproject.org/	LDG-1312:LCL-2133	http://www.lincsproject.org/	LDG-1312
http://www.lincsproject.org/	LDG-1312:LCL-2106	http://www.lincsproject.org/	LDG-1312
http://www.lincsproject.org/	LDG-1312:LCL-2090	http://www.lincsproject.org/	LDG-1312
http://www.lincsproject.org/	LDG-1312:LCL-2134	http://www.lincsproject.org/	LDG-1312
http://www.lincsproject.org/	LDG-1312:LCL-2139	http://www.lincsproject.org/	LDG-1312
http://www.lincsproject.org/	LDG-1312:LCL-2140	http://www.lincsproject.org/	LDG-1312
http://www.lincsproject.org/	LDG-1312:LCL-1298	http://www.lincsproject.org/	LDG-1312
http://www.lincsproject.org/	LDG-1312:LCL-2083	http://www.lincsproject.org/	LDG-1312
http://www.lincsproject.org/	LDG-1312:LCL-1925	http://www.lincsproject.org/	LDG-1312
http://www.lincsproject.org/	LDG-1312:LCL-1792	http://www.lincsproject.org/	LDG-1312
http://www.lincsproject.org/	LDG-1312:LCL-1180	http://www.lincsproject.org/	LDG-1312
http://www.lincsproject.org/	LDG-1312:LCL-1512	http://www.lincsproject.org/	LDG-1312
http://www.lincsproject.org/	LDG-1312:LCL-1601	http://www.lincsproject.org/	LDG-1312
http://www.lincsproject.org/	LDG-1312:LCL-1299	http://www.lincsproject.org/	LDG-1312
http://www.lincsproject.org/	LDG-1312:LCL-1461	http://www.lincsproject.org/	LDG-1312
http://www.lincsproject.org/	LDG-1312:LCL-1315	http://www.lincsproject.org/	LDG-1312
http://www.lincsproject.org/	LDG-1312:LCL-1475	http://www.lincsproject.org/	LDG-1312
http://www.lincsproject.org/	LDG-1312:LCL-1476	http://www.lincsproject.org/	LDG-1312
http://www.lincsproject.org/	LDG-1312:LCL-1235	http://www.lincsproject.org/	LDG-1312
http://www.lincsproject.org/	LDG-1312:LCL-1460	http://www.lincsproject.org/	LDG-1312
http://www.lincsproject.org/	LDG-1312:LCL-2085	http://www.lincsproject.org/	LDG-1312
http://www.lincsproject.org/	LDG-1191:LCL-1431	http://www.lincsproject.org/	LDG-1191
http://www.lincsproject.org/	LDG-1313:LCL-2203	http://www.lincsproject.org/	LDG-1313
http://www.lincsproject.org/	LDG-1313:LCL-2085	http://www.lincsproject.org/	LDG-1313
http://www.lincsproject.org/	LDG-1314:LCL-2203	http://www.lincsproject.org/	LDG-1314
http://www.lincsproject.org/	LDG-1314:LCL-2085	http://www.lincsproject.org/	LDG-1314
http://www.lincsproject.org/	LDG-1315:LCL-2203	http://www.lincsproject.org/	LDG-1315
http://www.lincsproject.org/	LDG-1315:LCL-2085	http://www.lincsproject.org/	LDG-1315
http://www.lincsproject.org/	LDG-1316:LCL-2203	http://www.lincsproject.org/	LDG-1316
http://www.lincsproject.org/	LDG-1316:LCL-2085	http://www.lincsproject.org/	LDG-1316
http://www.lincsproject.org/	LDG-1317:LCL-2203	http://www.lincsproject.org/	LDG-1317
http://www.lincsproject.org/	LDG-1317:LCL-2085	http://www.lincsproject.org/	LDG-1317
http://www.lincsproject.org/	LDG-1318:LCL-2203	http://www.lincsproject.org/	LDG-1318
http://www.lincsproject.org/	LDG-1318:LCL-2085	http://www.lincsproject.org/	LDG-1318
http://www.lincsproject.org/	LDG-1319:LCL-2203	http://www.lincsproject.org/	LDG-1319
http://www.lincsproject.org/	LDG-1319:LCL-2085	http://www.lincsproject.org/	LDG-1319
http://www.lincsproject.org/	LDG-1320:LCL-2203	http://www.lincsproject.org/	LDG-1320
http://www.lincsproject.org/	LDG-1320:LCL-2085	http://www.lincsproject.org/	LDG-1320
http://www.lincsproject.org/	LDG-1321:LCL-2203	http://www.lincsproject.org/	LDG-1321
http://www.lincsproject.org/	LDG-1321:LCL-2085	http://www.lincsproject.org/	LDG-1321
http://www.lincsproject.org/	LDG-1432:LCL-2085	http://www.lincsproject.org/	LDG-1432
http://www.lincsproject.org/	LDG-1435:LCL-2085	http://www.lincsproject.org/	LDG-1435
http://www.lincsproject.org/	LDG-1433:LCL-2085	http://www.lincsproject.org/	LDG-1433
http://www.lincsproject.org/	LDG-1436:LCL-2085	http://www.lincsproject.org/	LDG-1436
http://www.lincsproject.org/	LDG-1437:LCL-2085	http://www.lincsproject.org/	LDG-1437
http://www.lincsproject.org/	LDG-1434:LCL-2085	http://www.lincsproject.org/	LDG-1434
http://www.lincsproject.org/	LDG-1341:LCL-2085	http://www.lincsproject.org/	LDG-1341
http://www.lincsproject.org/	LDG-1342:LCL-2085	http://www.lincsproject.org/	LDG-1342
http://www.lincsproject.org/	LDG-1343:LCL-2085	http://www.lincsproject.org/	LDG-1343
http://www.lincsproject.org/	LDG-1344:LCL-2085	http://www.lincsproject.org/	LDG-1344
http://www.lincsproject.org/	LDG-1345:LCL-2085	http://www.lincsproject.org/	LDG-1345
http://www.lincsproject.org/	LDG-1346:LCL-2085	http://www.lincsproject.org/	LDG-1346
http://www.lincsproject.org/	LDG-1347:LCL-2203	http://www.lincsproject.org/	LDG-1347
http://www.lincsproject.org/	LDG-1356:LCL-2203	http://www.lincsproject.org/	LDG-1356
http://www.lincsproject.org/	LDG-1357:LCL-2203	http://www.lincsproject.org/	LDG-1357
http://www.lincsproject.org/	LDG-1358:LCL-2203	http://www.lincsproject.org/	LDG-1358
http://www.lincsproject.org/	LDG-1359:LCL-2203	http://www.lincsproject.org/	LDG-1359
http://www.lincsproject.org/	LDG-1360:LCL-2203	http://www.lincsproject.org/	LDG-1360
http://www.lincsproject.org/	LDG-1361:LCL-2203	http://www.lincsproject.org/	LDG-1361
http://www.lincsproject.org/	LDG-1348:LCL-2203	http://www.lincsproject.org/	LDG-1348
http://www.lincsproject.org/	LDG-1349:LCL-2203	http://www.lincsproject.org/	LDG-1349
http://www.lincsproject.org/	LDG-1350:LCL-2203	http://www.lincsproject.org/	LDG-1350
http://www.lincsproject.org/	LDG-1351:LCL-2203	http://www.lincsproject.org/	LDG-1351
http://www.lincsproject.org/	LDG-1352:LCL-2203	http://www.lincsproject.org/	LDG-1352
http://www.lincsproject.org/	LDG-1353:LCL-2203	http://www.lincsproject.org/	LDG-1353
http://www.lincsproject.org/	LDG-1354:LCL-2203	http://www.lincsproject.org/	LDG-1354
http://www.lincsproject.org/	LDG-1355:LCL-2203	http://www.lincsproject.org/	LDG-1355
http://www.lincsproject.org/	LDG-1265:LCL-1476	http://www.lincsproject.org/	LDG-1265
http://www.lincsproject.org/	LDG-1266:LCL-1476	http://www.lincsproject.org/	LDG-1266
http://www.lincsproject.org/	LDG-1220:LCL-1461	http://www.lincsproject.org/	LDG-1220
http://www.lincsproject.org/	LDG-1220:LCL-1315	http://www.lincsproject.org/	LDG-1220
http://www.lincsproject.org/	LDG-1220:LCL-1475	http://www.lincsproject.org/	LDG-1220
http://www.lincsproject.org/	LDG-1220:LCL-1476	http://www.lincsproject.org/	LDG-1220
http://www.lincsproject.org/	LDG-1220:LCL-1460	http://www.lincsproject.org/	LDG-1220
http://www.lincsproject.org/	LDG-1220:LCL-2085	http://www.lincsproject.org/	LDG-1220
http://www.lincsproject.org/	LDG-1243:LCL-1461	http://www.lincsproject.org/	LDG-1243
http://www.lincsproject.org/	LDG-1243:LCL-1315	http://www.lincsproject.org/	LDG-1243
http://www.lincsproject.org/	LDG-1243:LCL-1475	http://www.lincsproject.org/	LDG-1243
http://www.lincsproject.org/	LDG-1243:LCL-1476	http://www.lincsproject.org/	LDG-1243
http://www.lincsproject.org/	LDG-1243:LCL-1460	http://www.lincsproject.org/	LDG-1243
http://www.lincsproject.org/	LDG-1243:LCL-2085	http://www.lincsproject.org/	LDG-1243
http://www.lincsproject.org/	LDG-1244:LCL-1461	http://www.lincsproject.org/	LDG-1244
http://www.lincsproject.org/	LDG-1244:LCL-1315	http://www.lincsproject.org/	LDG-1244
http://www.lincsproject.org/	LDG-1244:LCL-1475	http://www.lincsproject.org/	LDG-1244
http://www.lincsproject.org/	LDG-1244:LCL-1476	http://www.lincsproject.org/	LDG-1244
http://www.lincsproject.org/	LDG-1244:LCL-1460	http://www.lincsproject.org/	LDG-1244
http://www.lincsproject.org/	LDG-1244:LCL-2085	http://www.lincsproject.org/	LDG-1244
http://www.lincsproject.org/	LDG-1245:LCL-1461	http://www.lincsproject.org/	LDG-1245
http://www.lincsproject.org/	LDG-1245:LCL-1315	http://www.lincsproject.org/	LDG-1245
http://www.lincsproject.org/	LDG-1245:LCL-1475	http://www.lincsproject.org/	LDG-1245
http://www.lincsproject.org/	LDG-1245:LCL-1476	http://www.lincsproject.org/	LDG-1245
http://www.lincsproject.org/	LDG-1245:LCL-1460	http://www.lincsproject.org/	LDG-1245
http://www.lincsproject.org/	LDG-1245:LCL-2085	http://www.lincsproject.org/	LDG-1245
http://www.lincsproject.org/	LDG-1246:LCL-1461	http://www.lincsproject.org/	LDG-1246
http://www.lincsproject.org/	LDG-1246:LCL-1315	http://www.lincsproject.org/	LDG-1246
http://www.lincsproject.org/	LDG-1246:LCL-1475	http://www.lincsproject.org/	LDG-1246
http://www.lincsproject.org/	LDG-1246:LCL-1476	http://www.lincsproject.org/	LDG-1246
http://www.lincsproject.org/	LDG-1246:LCL-1460	http://www.lincsproject.org/	LDG-1246
http://www.lincsproject.org/	LDG-1246:LCL-2085	http://www.lincsproject.org/	LDG-1246
http://www.lincsproject.org/	LDG-1247:LCL-1461	http://www.lincsproject.org/	LDG-1247
http://www.lincsproject.org/	LDG-1247:LCL-1315	http://www.lincsproject.org/	LDG-1247
http://www.lincsproject.org/	LDG-1247:LCL-1475	http://www.lincsproject.org/	LDG-1247
http://www.lincsproject.org/	LDG-1247:LCL-1476	http://www.lincsproject.org/	LDG-1247
http://www.lincsproject.org/	LDG-1247:LCL-1460	http://www.lincsproject.org/	LDG-1247
http://www.lincsproject.org/	LDG-1247:LCL-2085	http://www.lincsproject.org/	LDG-1247
http://www.lincsproject.org/	LDG-1248:LCL-1461	http://www.lincsproject.org/	LDG-1248
http://www.lincsproject.org/	LDG-1248:LCL-1315	http://www.lincsproject.org/	LDG-1248
http://www.lincsproject.org/	LDG-1248:LCL-1475	http://www.lincsproject.org/	LDG-1248
http://www.lincsproject.org/	LDG-1248:LCL-1476	http://www.lincsproject.org/	LDG-1248
http://www.lincsproject.org/	LDG-1248:LCL-1460	http://www.lincsproject.org/	LDG-1248
http://www.lincsproject.org/	LDG-1248:LCL-2085	http://www.lincsproject.org/	LDG-1248
http://www.lincsproject.org/	LDG-1221:LCL-1461	http://www.lincsproject.org/	LDG-1221
http://www.lincsproject.org/	LDG-1221:LCL-1315	http://www.lincsproject.org/	LDG-1221
http://www.lincsproject.org/	LDG-1221:LCL-1475	http://www.lincsproject.org/	LDG-1221
http://www.lincsproject.org/	LDG-1221:LCL-1476	http://www.lincsproject.org/	LDG-1221
http://www.lincsproject.org/	LDG-1221:LCL-1460	http://www.lincsproject.org/	LDG-1221
http://www.lincsproject.org/	LDG-1221:LCL-2085	http://www.lincsproject.org/	LDG-1221
http://www.lincsproject.org/	LDG-1222:LCL-1461	http://www.lincsproject.org/	LDG-1222
http://www.lincsproject.org/	LDG-1222:LCL-1315	http://www.lincsproject.org/	LDG-1222
http://www.lincsproject.org/	LDG-1222:LCL-1475	http://www.lincsproject.org/	LDG-1222
http://www.lincsproject.org/	LDG-1222:LCL-1476	http://www.lincsproject.org/	LDG-1222
http://www.lincsproject.org/	LDG-1222:LCL-1460	http://www.lincsproject.org/	LDG-1222
http://www.lincsproject.org/	LDG-1222:LCL-2085	http://www.lincsproject.org/	LDG-1222
http://www.lincsproject.org/	LDG-1223:LCL-1461	http://www.lincsproject.org/	LDG-1223
http://www.lincsproject.org/	LDG-1223:LCL-1315	http://www.lincsproject.org/	LDG-1223
http://www.lincsproject.org/	LDG-1223:LCL-1475	http://www.lincsproject.org/	LDG-1223
http://www.lincsproject.org/	LDG-1223:LCL-1476	http://www.lincsproject.org/	LDG-1223
http://www.lincsproject.org/	LDG-1223:LCL-1460	http://www.lincsproject.org/	LDG-1223
http://www.lincsproject.org/	LDG-1223:LCL-2085	http://www.lincsproject.org/	LDG-1223
http://www.lincsproject.org/	LDG-1224:LCL-1461	http://www.lincsproject.org/	LDG-1224
http://www.lincsproject.org/	LDG-1224:LCL-1315	http://www.lincsproject.org/	LDG-1224
http://www.lincsproject.org/	LDG-1224:LCL-1475	http://www.lincsproject.org/	LDG-1224
http://www.lincsproject.org/	LDG-1224:LCL-1476	http://www.lincsproject.org/	LDG-1224
http://www.lincsproject.org/	LDG-1224:LCL-1460	http://www.lincsproject.org/	LDG-1224
http://www.lincsproject.org/	LDG-1224:LCL-2085	http://www.lincsproject.org/	LDG-1224
http://www.lincsproject.org/	LDG-1225:LCL-1461	http://www.lincsproject.org/	LDG-1225
http://www.lincsproject.org/	LDG-1225:LCL-1315	http://www.lincsproject.org/	LDG-1225
http://www.lincsproject.org/	LDG-1225:LCL-1475	http://www.lincsproject.org/	LDG-1225
http://www.lincsproject.org/	LDG-1225:LCL-1476	http://www.lincsproject.org/	LDG-1225
http://www.lincsproject.org/	LDG-1225:LCL-1460	http://www.lincsproject.org/	LDG-1225
http://www.lincsproject.org/	LDG-1225:LCL-2085	http://www.lincsproject.org/	LDG-1225
http://www.lincsproject.org/	LDG-1226:LCL-1461	http://www.lincsproject.org/	LDG-1226
http://www.lincsproject.org/	LDG-1226:LCL-1315	http://www.lincsproject.org/	LDG-1226
http://www.lincsproject.org/	LDG-1226:LCL-1475	http://www.lincsproject.org/	LDG-1226
http://www.lincsproject.org/	LDG-1226:LCL-1476	http://www.lincsproject.org/	LDG-1226
http://www.lincsproject.org/	LDG-1226:LCL-1460	http://www.lincsproject.org/	LDG-1226
http://www.lincsproject.org/	LDG-1226:LCL-2085	http://www.lincsproject.org/	LDG-1226
http://www.lincsproject.org/	LDG-1241:LCL-1461	http://www.lincsproject.org/	LDG-1241
http://www.lincsproject.org/	LDG-1241:LCL-1315	http://www.lincsproject.org/	LDG-1241
http://www.lincsproject.org/	LDG-1241:LCL-1475	http://www.lincsproject.org/	LDG-1241
http://www.lincsproject.org/	LDG-1241:LCL-1476	http://www.lincsproject.org/	LDG-1241
http://www.lincsproject.org/	LDG-1241:LCL-1460	http://www.lincsproject.org/	LDG-1241
http://www.lincsproject.org/	LDG-1241:LCL-2085	http://www.lincsproject.org/	LDG-1241
http://www.lincsproject.org/	LDG-1242:LCL-1461	http://www.lincsproject.org/	LDG-1242
http://www.lincsproject.org/	LDG-1242:LCL-1315	http://www.lincsproject.org/	LDG-1242
http://www.lincsproject.org/	LDG-1242:LCL-1475	http://www.lincsproject.org/	LDG-1242
http://www.lincsproject.org/	LDG-1242:LCL-1476	http://www.lincsproject.org/	LDG-1242
http://www.lincsproject.org/	LDG-1242:LCL-1460	http://www.lincsproject.org/	LDG-1242
http://www.lincsproject.org/	LDG-1242:LCL-2085	http://www.lincsproject.org/	LDG-1242
http://www.lincsproject.org/	LDG-1216:LCL-2097	http://www.lincsproject.org/	LDG-1216
http://www.lincsproject.org/	LDG-1216:LCL-2100	http://www.lincsproject.org/	LDG-1216
http://www.lincsproject.org/	LDG-1216:LCL-2099	http://www.lincsproject.org/	LDG-1216
http://www.lincsproject.org/	LDG-1216:LCL-2096	http://www.lincsproject.org/	LDG-1216
http://www.lincsproject.org/	LDG-1216:LCL-2098	http://www.lincsproject.org/	LDG-1216
http://www.lincsproject.org/	LDG-1375:LCL-1462	http://www.lincsproject.org/	LDG-1375
http://www.lincsproject.org/	LDG-1376:LCL-1462	http://www.lincsproject.org/	LDG-1376
http://www.lincsproject.org/	LDG-1377:LCL-1332	http://www.lincsproject.org/	LDG-1377
http://www.lincsproject.org/	LDG-1378:LCL-1332	http://www.lincsproject.org/	LDG-1378
http://www.lincsproject.org/	LDG-1364:LCL-2130	http://www.lincsproject.org/	LDG-1364
http://www.lincsproject.org/	LDG-1365:LCL-2130	http://www.lincsproject.org/	LDG-1365
http://www.lincsproject.org/	LDG-1374:LCL-2130	http://www.lincsproject.org/	LDG-1374
http://www.lincsproject.org/	LDG-1366:LCL-2131	http://www.lincsproject.org/	LDG-1366
http://www.lincsproject.org/	LDG-1367:LCL-2131	http://www.lincsproject.org/	LDG-1367
http://www.lincsproject.org/	LDG-1370:LCL-2131	http://www.lincsproject.org/	LDG-1370
http://www.lincsproject.org/	LDG-1368:LCL-2085	http://www.lincsproject.org/	LDG-1368
http://www.lincsproject.org/	LDG-1371:LCL-2085	http://www.lincsproject.org/	LDG-1371
http://www.lincsproject.org/	LDG-1369:LCL-2085	http://www.lincsproject.org/	LDG-1369
http://www.lincsproject.org/	LDG-1372:LCL-2085	http://www.lincsproject.org/	LDG-1372
http://www.lincsproject.org/	LDG-1373:LCL-2085	http://www.lincsproject.org/	LDG-1373
http://www.lincsproject.org/	LDG-1267:LCL-1460	http://www.lincsproject.org/	LDG-1267
http://www.lincsproject.org/	LDG-1268:LCL-1460	http://www.lincsproject.org/	LDG-1268
