id_namespace	local_id	persistent_id	creation_time	abbreviation	name	description
http://www.lincsproject.org/	LDG-1397	http://lincsportal.ccs.miami.edu/datasets/view/LDG-1397	2017-12-22T00:00:00+00:00		 QL-XII-47 KINOMEscan	
http://www.lincsproject.org/	LDG-1107	http://lincsportal.ccs.miami.edu/datasets/view/LDG-1107	2013-07-08T00:00:00+00:00		(R)-Roscovitine KINOMEscan	For the panel of kinases, the percent of kinase bound by ligand is measured in the presence of (R)-Roscovitine at 10 uM of concentration.
http://www.lincsproject.org/	LDG-1399	http://lincsportal.ccs.miami.edu/datasets/view/LDG-1399	2017-12-22T00:00:00+00:00		(s)-CR8 KINOMEscan	
http://www.lincsproject.org/	LDG-1452	http://lincsportal.ccs.miami.edu/datasets/view/LDG-1452	2020-11-09T00:00:00+00:00		3'-DGE mRNA-sequencing transcriptomic dataset for 914 primary human cardiomyocyte cell samples	Each of 914 cell samples either at the control condition or treated with FDA-approved cancer drugs is sequenced by the single-ended 3'-DGE mRNA-sequencing method with a read length of 46 base pairs, and a total of 914 raw sequence data files in the FASTQ format are generated. These sequence data files are then analyzed by a high-performance computational pipeline and ranked lists of gene signatures and biological processes related to drug-induced cardiotoxicity are generated for each drug. The raw sequence datasets and the analysis results have been carefully controlled for data quality, and they are made publicly available at the Gene Expression Omnibus (GEO) database repository of NIH. As such, this broad drug-stimulated transcriptomi dataset is valuable for the prediction of drug toxicities and their mitigations.
http://www.lincsproject.org/	LDG-1187	http://lincsportal.ccs.miami.edu/datasets/view/LDG-1187	2014-06-26T00:00:00+00:00		5z-7-oxozeaenol KINOMEscan	For the panel of kinases, the percent of kinase bound by ligand is measured in the presence of 5z-7-oxozeaenol at 10 uM of concentration.
http://www.lincsproject.org/	LDG-1251	http://lincsportal.ccs.miami.edu/datasets/view/LDG-1251	2016-01-20T00:00:00+00:00		5z-7-oxozeaenol KiNativ -- single dose experiment	-
http://www.lincsproject.org/	LDG-1042	http://lincsportal.ccs.miami.edu/datasets/view/LDG-1042	2011-11-21T00:00:00+00:00		A443654 KINOMEscan	For the panel of kinases, the percent of kinase bound by ligand is measured in the presence of A443654 at 10 uM of concentration.
http://www.lincsproject.org/	LDG-1104	http://lincsportal.ccs.miami.edu/datasets/view/LDG-1104	2013-06-10T00:00:00+00:00		A549 cells -- High-throughput Secretomic Analysis of Single Cells	High-throughput secretomic analysis of single A549 cells.
http://www.lincsproject.org/	LDG-1096	http://lincsportal.ccs.miami.edu/datasets/view/LDG-1096	2013-04-01T00:00:00+00:00		A770041 KINOMEscan	For the panel of kinases, the percent of kinase bound by ligand is measured in the presence of A770041 at 10 uM of concentration.
http://www.lincsproject.org/	LDG-1148	http://lincsportal.ccs.miami.edu/datasets/view/LDG-1148	2013-10-16T00:00:00+00:00		AB-1010 KINOMEscan	-
http://www.lincsproject.org/	LDG-1160	http://lincsportal.ccs.miami.edu/datasets/view/LDG-1160	2013-10-16T00:00:00+00:00		ABT-869 KINOMEscan	For the panel of kinases, the Kd is measured using 11 serial threefold dilutions of ABT-869.
http://www.lincsproject.org/	LDG-1125	http://lincsportal.ccs.miami.edu/datasets/view/LDG-1125	2013-10-16T00:00:00+00:00		AC220 KINOMEscan	For the panel of kinases, the Kd is measured using 11 serial threefold dilutions of AC220.
http://www.lincsproject.org/	LDG-1069	http://lincsportal.ccs.miami.edu/datasets/view/LDG-1069	2012-08-10T00:00:00+00:00		AG1478 KINOMEscan	For the panel of kinases, the percent of kinase bound by ligand is measured in the presence of AG1478 at 10 uM of concentration.
http://www.lincsproject.org/	LDG-1032	http://lincsportal.ccs.miami.edu/datasets/view/LDG-1032	2011-11-21T00:00:00+00:00		ALW-II-38-3 KINOMEscan	For the panel of kinases, the percent of kinase bound by ligand is measured in the presence of ALW-II-38-3 at 10 uM of concentration.
http://www.lincsproject.org/	LDG-1033	http://lincsportal.ccs.miami.edu/datasets/view/LDG-1033	2011-11-21T00:00:00+00:00		ALW-II-49-7 KINOMEscan	For the panel of kinases, the percent of kinase bound by ligand is measured in the presence of ALW-II-49-7 at 10 uM of concentration.
http://www.lincsproject.org/	LDG-1128	http://lincsportal.ccs.miami.edu/datasets/view/LDG-1128	2013-10-16T00:00:00+00:00		AMG-706 KINOMEscan	-
http://www.lincsproject.org/	LDG-1398	http://lincsportal.ccs.miami.edu/datasets/view/LDG-1398	2017-12-22T00:00:00+00:00		AS-252424 KINOMEscan	
http://www.lincsproject.org/	LDG-1169	http://lincsportal.ccs.miami.edu/datasets/view/LDG-1169	2013-10-16T00:00:00+00:00		AT-7519 KINOMEscan	For the panel of kinases, the Kd is measured using 11 serial threefold dilutions of AT-7519.
http://www.lincsproject.org/	LDG-1010	http://lincsportal.ccs.miami.edu/datasets/view/LDG-1010	2011-07-15T00:00:00+00:00		AZ-628 KINOMEscan	For the panel of kinases, the percent of kinase bound by ligand is measured in the presence of AZ-628 at 10 uM of concentration.
http://www.lincsproject.org/	LDG-1074	http://lincsportal.ccs.miami.edu/datasets/view/LDG-1074	2011-07-15T00:00:00+00:00		AZ-628 KiNativ -- dose response experiment	-
http://www.lincsproject.org/	LDG-1118	http://lincsportal.ccs.miami.edu/datasets/view/LDG-1118	2013-07-08T00:00:00+00:00		AZD 5438 KINOMEscan	For the panel of kinases, the percent of kinase bound by ligand is measured in the presence of AZD 5438 at 10 uM of concentration.
http://www.lincsproject.org/	LDG-1136	http://lincsportal.ccs.miami.edu/datasets/view/LDG-1136	2013-10-16T00:00:00+00:00		AZD-1152HQPA KINOMEscan-2	-
http://www.lincsproject.org/	LDG-1134	http://lincsportal.ccs.miami.edu/datasets/view/LDG-1134	2013-10-16T00:00:00+00:00		AZD-6244 KINOMEscan	-
http://www.lincsproject.org/	LDG-1022	http://lincsportal.ccs.miami.edu/datasets/view/LDG-1022	2011-07-15T00:00:00+00:00		AZD-6482 KINOMEscan	For the panel of kinases, the percent of kinase bound by ligand is measured in the presence of AZD-6482 at 10 uM of concentration.
http://www.lincsproject.org/	LDG-1027	http://lincsportal.ccs.miami.edu/datasets/view/LDG-1027	2011-07-15T00:00:00+00:00		AZD1152-HQPA KINOMEscan	For the panel of kinases, the percent of kinase bound by ligand is measured in the presence of AZD1152-HQPA at 10 uM of concentration.
http://www.lincsproject.org/	LDG-1112	http://lincsportal.ccs.miami.edu/datasets/view/LDG-1112	2013-07-08T00:00:00+00:00		AZD4547 KINOMEscan	For the panel of kinases, the percent of kinase bound by ligand is measured in the presence of AZD4547 at 10 uM of concentration.
http://www.lincsproject.org/	LDG-1012	http://lincsportal.ccs.miami.edu/datasets/view/LDG-1012	2011-07-15T00:00:00+00:00		AZD7762 KINOMEscan	For the panel of kinases, the percent of kinase bound by ligand is measured in the presence of AZD7762 at 10 uM of concentration.
http://www.lincsproject.org/	LDG-1395	http://lincsportal.ccs.miami.edu/datasets/view/LDG-1395	2017-12-22T00:00:00+00:00		Abemaciclib KINOMEscan	
http://www.lincsproject.org/	EDS-1015	http://lincsportal.ccs.miami.edu/datasets/view/EDS-1015	2016-03-01T00:00:00+00:00		Aggregated ChEMBL bioactivity data (v20)	
http://www.lincsproject.org/	EDG-1016	http://lincsportal.ccs.miami.edu/datasets/view/EDG-1016	2019-02-28T00:00:00+00:00		Aggregated Tox21 bioactivity data	Confirmatory and associated toxicity counter assays from the Tox21 project were filtered by compound purity and aggregated by CID.  Data are presented by assay pairings and include relevant dataset annotations.
http://www.lincsproject.org/	LDG-1215	http://lincsportal.ccs.miami.edu/datasets/view/LDG-1215	2015-04-17T00:00:00+00:00		Average variable importance in the projection (VIP) scores from the PLSR models analyzing the covariation of molecular signals with cell viability and apoptosis fraction in BRAF(V600E/D) melanoma cell lines	-
http://www.lincsproject.org/	LDG-1079	http://lincsportal.ccs.miami.edu/datasets/view/LDG-1079	2013-01-11T00:00:00+00:00		BEZ235 KINOMEscan	For the panel of kinases, the percent of kinase bound by ligand is measured in the presence of BEZ235 at 10 uM of concentration.
http://www.lincsproject.org/	LDG-1209	http://lincsportal.ccs.miami.edu/datasets/view/LDG-1209	2015-04-17T00:00:00+00:00		BGJ398 KINOMEscan	For the panel of kinases, the percent of kinase bound by ligand is measured in the presence of BGJ398 at 10 uM of concentration.
http://www.lincsproject.org/	LDG-1040	http://lincsportal.ccs.miami.edu/datasets/view/LDG-1040	2011-11-21T00:00:00+00:00		BI-2536 KINOMEscan	For the panel of kinases, the percent of kinase bound by ligand is measured in the presence of BI-2536 at 10 uM of concentration.
http://www.lincsproject.org/	LDG-1127	http://lincsportal.ccs.miami.edu/datasets/view/LDG-1127	2013-10-16T00:00:00+00:00		BI-2536 KINOMEscan-2	-
http://www.lincsproject.org/	LDG-1380	http://lincsportal.ccs.miami.edu/datasets/view/LDG-1380	2017-09-29T00:00:00+00:00		BI-D1870 KINOMEscan	
http://www.lincsproject.org/	LDG-1153	http://lincsportal.ccs.miami.edu/datasets/view/LDG-1153	2013-10-16T00:00:00+00:00		BIBF-1120 KINOMEscan	For the panel of kinases, the Kd is measured using 11 serial threefold dilutions of BIBF-1120.
http://www.lincsproject.org/	LDG-1150	http://lincsportal.ccs.miami.edu/datasets/view/LDG-1150	2013-10-16T00:00:00+00:00		BIBW-2992 KINOMEscan	For the panel of kinases, the Kd is measured using 11 serial threefold dilutions of BIBW-2992.
http://www.lincsproject.org/	LDG-1129	http://lincsportal.ccs.miami.edu/datasets/view/LDG-1129	2013-10-16T00:00:00+00:00		BIRB-796 KINOMEscan	-
http://www.lincsproject.org/	LDG-1124	http://lincsportal.ccs.miami.edu/datasets/view/LDG-1124	2013-10-16T00:00:00+00:00		BMS-345541 KINOMEscan	-
http://www.lincsproject.org/	LDG-1149	http://lincsportal.ccs.miami.edu/datasets/view/LDG-1149	2013-10-16T00:00:00+00:00		BMS-387032 KINOMEscan	For the panel of kinases, the Kd is measured using 11 serial threefold dilutions of BMS-387032.
http://www.lincsproject.org/	LDG-1095	http://lincsportal.ccs.miami.edu/datasets/view/LDG-1095	2013-04-01T00:00:00+00:00		BMS-536924 KINOMEscan	For the panel of kinases, the percent of kinase bound by ligand is measured in the presence of BMS-536924 at 10 uM of concentration.
http://www.lincsproject.org/	LDG-1158	http://lincsportal.ccs.miami.edu/datasets/view/LDG-1158	2013-10-16T00:00:00+00:00		BMS-540215 KINOMEscan	-
http://www.lincsproject.org/	LDG-1019	http://lincsportal.ccs.miami.edu/datasets/view/LDG-1019	2011-07-15T00:00:00+00:00		BMS345541 KINOMEscan	For the panel of kinases, the percent of kinase bound by ligand is measured in the presence of BMS345541 at 10 uM of concentration.
http://www.lincsproject.org/	LDG-1385	http://lincsportal.ccs.miami.edu/datasets/view/LDG-1385	2017-09-29T00:00:00+00:00		BMX-IN-1 KINOMEscan	
http://www.lincsproject.org/	LDG-1110	http://lincsportal.ccs.miami.edu/datasets/view/LDG-1110	2013-07-08T00:00:00+00:00		BS-181 KINOMEscan	For the panel of kinases, the percent of kinase bound by ligand is measured in the presence of BS-181 at 10 uM of concentration.
http://www.lincsproject.org/	LDG-1021	http://lincsportal.ccs.miami.edu/datasets/view/LDG-1021	2011-07-15T00:00:00+00:00		BX-912 KINOMEscan	For the panel of kinases, the percent of kinase bound by ligand is measured in the presence of BX-912 at 10 uM of concentration.
http://www.lincsproject.org/	LDG-1290	http://lincsportal.ccs.miami.edu/datasets/view/LDG-1290	2016-05-26T00:00:00+00:00		BYL719 KINOMEscan	For the panel of kinases, the percent of kinase bound by ligand is measured in the presence of BYL719 at 10 uM of concentration.
http://www.lincsproject.org/	LDG-1211	http://lincsportal.ccs.miami.edu/datasets/view/LDG-1211	2015-04-17T00:00:00+00:00		Baricitinib KINOMEscan	For the panel of kinases, the percent of kinase bound by ligand is measured in the presence of Baricitinib at 10 uM of concentration.
http://www.lincsproject.org/	LDG-1120	http://lincsportal.ccs.miami.edu/datasets/view/LDG-1120	2013-09-24T00:00:00+00:00		Basal profile of receptor tyrosine kinase signaling network measured by ELISA	-
http://www.lincsproject.org/	LDG-1443	http://lincsportal.ccs.miami.edu/datasets/view/LDG-1443	2019-10-16T00:00:00+00:00		Binding affinity of 6 small molecule JAK inhibitors for 5 kinases	
http://www.lincsproject.org/	LDG-1252	http://lincsportal.ccs.miami.edu/datasets/view/LDG-1252	2016-02-04T00:00:00+00:00		Breast Cancer Cell Density: Imaging assay of the density- and context-dependence of small molecule perturbagen response in breast cancer cell lines. Dataset 1 of 3: Cell count and normalized growth rate inhibition values.	-
http://www.lincsproject.org/	LDG-1253	http://lincsportal.ccs.miami.edu/datasets/view/LDG-1253	2016-02-04T00:00:00+00:00		Breast Cancer Cell Density: Imaging assay of the density- and context-dependence of small molecule perturbagen response in breast cancer cell lines. Dataset 2 of 3: Mean cell count and mean normalized growth rate inhibition values across all replicates.	-
http://www.lincsproject.org/	LDG-1254	http://lincsportal.ccs.miami.edu/datasets/view/LDG-1254	2016-02-04T00:00:00+00:00		Breast Cancer Cell Density: Imaging assay of the density- and context-dependence of small molecule perturbagen response in breast cancer cell lines. Dataset 3 of 3: Calculated dose-response metrics.	-
http://www.lincsproject.org/	LDG-1415	http://lincsportal.ccs.miami.edu/datasets/view/LDG-1415	2018-08-09T00:00:00+00:00		Breast Cancer Deubiquitinating Enzyme (DUB) Inhibitor Profiling: Fixed-cell GR measures of 21 breast cell lines to 32 small molecule perturbagens. Dataset 1 of 2: Normalized growth rate inhibition values.	
http://www.lincsproject.org/	LDG-1416	http://lincsportal.ccs.miami.edu/datasets/view/LDG-1416	2018-08-09T00:00:00+00:00		Breast Cancer Deubiquitinating Enzyme (DUB) Inhibitor Profiling: Fixed-cell GR measures of 21 breast cell lines to 32 small molecule perturbagens. Dataset 2 of 2: Calculated dose response metrics.	
http://www.lincsproject.org/	LDG-1421	http://lincsportal.ccs.miami.edu/datasets/view/LDG-1421	2018-10-18T00:00:00+00:00		Breast Cancer Profiling Project - Proteomics 1: 1 total proteome dataset for a 35-cell line breast cancer panel under basal conditions	
http://www.lincsproject.org/	LDG-1422	http://lincsportal.ccs.miami.edu/datasets/view/LDG-1422	2018-10-18T00:00:00+00:00		Breast Cancer Profiling Project - Proteomics 2: 1 phosphoproteome dataset (including phosphotyrosine enrichment) for a 35-cell line breast cancer panel under basal conditions 	
http://www.lincsproject.org/	LDG-1445	http://lincsportal.ccs.miami.edu/datasets/view/LDG-1445	2020-03-02T00:00:00+00:00		Breast Cancer Profiling Project - Proteomics 3: 1 total proteome dataset for a 27-cell line breast cancer panel under basal conditions 	
http://www.lincsproject.org/	LDG-1404	http://lincsportal.ccs.miami.edu/datasets/view/LDG-1404	2018-03-30T00:00:00+00:00		Breast Cancer Profiling Project, Drug Sensitivity 1: Fixed-cell GR measures of 35 breast cell lines to 34 small molecule perturbagens. Dataset 1 of 2: Normalized growth rate inhibition values.	
http://www.lincsproject.org/	LDG-1405	http://lincsportal.ccs.miami.edu/datasets/view/LDG-1405	2018-03-30T00:00:00+00:00		Breast Cancer Profiling Project, Drug Sensitivity 1: Fixed-cell GR measures of 35 breast cell lines to 34 small molecule perturbagens. Dataset 2 of 2: Calculated dose response metrics.	
http://www.lincsproject.org/	LDG-1430	http://lincsportal.ccs.miami.edu/datasets/view/LDG-1430	2019-06-27T00:00:00+00:00		Breast Cancer Profiling Project, Drug Sensitivity phase II: Fixed-cell GR measures of 33 breast cell lines and PDX lines to 16 small molecule perturbagens from library plate II. Dataset 1 of 2: Normalized growth rate inhibition values	
http://www.lincsproject.org/	LDG-1431	http://lincsportal.ccs.miami.edu/datasets/view/LDG-1431	2019-06-27T00:00:00+00:00		Breast Cancer Profiling Project, Drug Sensitivity phase II: Fixed-cell GR measures of 33 breast cell lines and PDX lines to 16 small molecule perturbagens from library plate II. Dataset 2 of 2: Calculated dose response metrics	
http://www.lincsproject.org/	LDG-1413	http://lincsportal.ccs.miami.edu/datasets/view/LDG-1413	2018-07-06T00:00:00+00:00		Breast Cancer Profiling Project, Gene Expression 1: Baseline mRNA sequencing on 35 breast cell lines	
http://www.lincsproject.org/	LDG-1119	http://lincsportal.ccs.miami.edu/datasets/view/LDG-1119	2014-01-24T00:00:00+00:00		Breast cell line dose response to target inhibition measured by high throughput microscopy	-
http://www.lincsproject.org/	LDG-1289	http://lincsportal.ccs.miami.edu/datasets/view/LDG-1289	2016-05-26T00:00:00+00:00		Buparlisib KINOMEscan	For the panel of kinases, the percent of kinase bound by ligand is measured in the presence of Buparlisib at 10 uM of concentration.
http://www.lincsproject.org/	LDG-1167	http://lincsportal.ccs.miami.edu/datasets/view/LDG-1167	2013-10-16T00:00:00+00:00		CEP-701 KINOMEscan	-
http://www.lincsproject.org/	LDG-1097	http://lincsportal.ccs.miami.edu/datasets/view/LDG-1097	2013-04-01T00:00:00+00:00		CG-930 KINOMEscan	For the panel of kinases, the percent of kinase bound by ligand is measured in the presence of CG-930 at 10 uM of concentration.
http://www.lincsproject.org/	LDG-1210	http://lincsportal.ccs.miami.edu/datasets/view/LDG-1210	2015-04-17T00:00:00+00:00		CGP082996 KINOMEscan	For the panel of kinases, the percent of kinase bound by ligand is measured in the presence of CGP082996 at 10 uM of concentration.
http://www.lincsproject.org/	LDG-1037	http://lincsportal.ccs.miami.edu/datasets/view/LDG-1037	2011-11-21T00:00:00+00:00		CGP60474 KINOMEscan	For the panel of kinases, the percent of kinase bound by ligand is measured in the presence of CGP60474 at 10 uM of concentration.
http://www.lincsproject.org/	LDG-1181	http://lincsportal.ccs.miami.edu/datasets/view/LDG-1181	2014-03-10T00:00:00+00:00		CGP74514A KINOMEscan	For the panel of kinases, the percent of kinase bound by ligand is measured in the presence of CGP74514A at 10 uM of concentration.
http://www.lincsproject.org/	LDG-1379	http://lincsportal.ccs.miami.edu/datasets/view/LDG-1379	2017-09-29T00:00:00+00:00		CH5424802 KINOMEscan	
http://www.lincsproject.org/	LDG-1088	http://lincsportal.ccs.miami.edu/datasets/view/LDG-1088	2013-01-10T00:00:00+00:00		CH5424802 KiNativ -- single dose experiment	-
http://www.lincsproject.org/	LDG-1101	http://lincsportal.ccs.miami.edu/datasets/view/LDG-1101	2013-04-01T00:00:00+00:00		CI-1033 KINOMEscan	For the panel of kinases, the percent of kinase bound by ligand is measured in the presence of CI-1033 at 10 uM of concentration.
http://www.lincsproject.org/	LDG-1142	http://lincsportal.ccs.miami.edu/datasets/view/LDG-1142	2013-10-16T00:00:00+00:00		CI-1033 KINOMEscan-2	-
http://www.lincsproject.org/	LDG-1131	http://lincsportal.ccs.miami.edu/datasets/view/LDG-1131	2013-10-16T00:00:00+00:00		CI-1040 KINOMEscan	For the panel of kinases, the Kd is measured using 11 serial threefold dilutions of CI-1040.
http://www.lincsproject.org/	LDG-1166	http://lincsportal.ccs.miami.edu/datasets/view/LDG-1166	2013-10-16T00:00:00+00:00		CP-690550 KINOMEscan	For the panel of kinases, the Kd is measured using 11 serial threefold dilutions of CP-690550.
http://www.lincsproject.org/	LDG-1013	http://lincsportal.ccs.miami.edu/datasets/view/LDG-1013	2011-07-15T00:00:00+00:00		CP466722 KINOMEscan	For the panel of kinases, the percent of kinase bound by ligand is measured in the presence of CP466722 at 10 uM of concentration.
http://www.lincsproject.org/	LDG-1014	http://lincsportal.ccs.miami.edu/datasets/view/LDG-1014	2011-07-15T00:00:00+00:00		CP724714 KINOMEscan	For the panel of kinases, the percent of kinase bound by ligand is measured in the presence of CP724714 at 10 uM of concentration.
http://www.lincsproject.org/	LDG-1065	http://lincsportal.ccs.miami.edu/datasets/view/LDG-1065	2012-08-10T00:00:00+00:00		CYT387 KINOMEscan	For the panel of kinases, the percent of kinase bound by ligand is measured in the presence of CYT387 at 10 uM of concentration.
http://www.lincsproject.org/	LDG-1192	http://lincsportal.ccs.miami.edu/datasets/view/LDG-1192	2014-05-30T00:00:00+00:00		Cell Painting morphological profiling assay	This dataset comprises L1000 and image-based cell-morphology profiles for small-molecule perturbations. Profiles were measured for ~18,000 compounds derived from diversity-oriented synthesis activities at the Broad Institute Center for the Science of Therapeutics, ~10,000 compounds selected from the Molecular Libraries Small-Molecule Repository (MLSMR), and ~2,000 known bioactive compounds. Each of the three subsets was selected to be structurally diverse. MLSMR compounds were further selected to have diverse biological performance. Imaging profiles were measured for a total of ~30,000 compounds. We used a \"cell-painting\" assay to stain seven major cellular components with fluorescent dyes followed by automatic image capture and analysis to extract shape, texture, and intensity parameters. The imaging assay protocol has been published by Gustafsdottir SM et al. L1000 profiles were measured for ~20,000 compounds. All experiments were performed with U-2 OS cells. Among other activities, we have analyzed these data using cheminformatics approaches to derive structure-based associations with patterns of performance in the profiles. The generation of this dataset was supported by the Molecular Libraries Program of the National Institutes of Health (U54-HG005032). Data made available as part of this project includes L1000 data and image-based cell-morphology profiles for small-molecule perturbations. Please follow the steps here to download the data: https://www.pnas.org/content/111/30/10911
http://www.lincsproject.org/	LDG-1122	http://lincsportal.ccs.miami.edu/datasets/view/LDG-1122	2013-09-24T00:00:00+00:00		Cell signaling response to cytokines measured by high throughput microscopy	-
http://www.lincsproject.org/	LDG-1123	http://lincsportal.ccs.miami.edu/datasets/view/LDG-1123	2013-09-24T00:00:00+00:00		Cell signaling response to growth factors measured by ELISA	-
http://www.lincsproject.org/	LDG-1121	http://lincsportal.ccs.miami.edu/datasets/view/LDG-1121	2013-09-24T00:00:00+00:00		Cell signaling response to growth factors measured by high throughput microscopy	-
http://www.lincsproject.org/	LDG-1382	http://lincsportal.ccs.miami.edu/datasets/view/LDG-1382	2017-09-29T00:00:00+00:00		Ceritinib KINOMEscan	
http://www.lincsproject.org/	LDG-1178	http://lincsportal.ccs.miami.edu/datasets/view/LDG-1178	2013-10-16T00:00:00+00:00		Crizotinib KINOMEscan-2	-
http://www.lincsproject.org/	LDG-1186	http://lincsportal.ccs.miami.edu/datasets/view/LDG-1186	2014-06-26T00:00:00+00:00		DCC-2036 KiNativ -- single dose experiment	-
http://www.lincsproject.org/	LDG-1114	http://lincsportal.ccs.miami.edu/datasets/view/LDG-1114	2013-07-08T00:00:00+00:00		Dabrafenib KINOMEscan	For the panel of kinases, the percent of kinase bound by ligand is measured in the presence of Dabrafenib at 10 uM of concentration.
http://www.lincsproject.org/	LDG-1174	http://lincsportal.ccs.miami.edu/datasets/view/LDG-1174	2013-10-16T00:00:00+00:00		Dasatinib KINOMEscan	For the panel of kinases, the Kd is measured using 11 serial threefold dilutions of Dasatinib.
http://www.lincsproject.org/	LDG-1111	http://lincsportal.ccs.miami.edu/datasets/view/LDG-1111	2013-07-08T00:00:00+00:00		Dinaciclib KINOMEscan	For the panel of kinases, the percent of kinase bound by ligand is measured in the presence of Dinaciclib at 10 uM of concentration.
http://www.lincsproject.org/	LDG-1196	http://lincsportal.ccs.miami.edu/datasets/view/LDG-1196	2014-05-30T00:00:00+00:00		Drug-drug synergy results from titration experiments	The Library of Integrated Network-based Cellular Signatures (LINCS) is a multi-institutional, collaborative project initiated by the National Institutes of Health whose goal is to identify and categorize molecular signatures that occur when cells are exposed to agents that perturb their normal function. Understanding how perturbations affect the behavior of cells is important because it can provide insights into the causes of disease and help researchers develop new therapeutic strategies.
http://www.lincsproject.org/	LDG-1409	http://lincsportal.ccs.miami.edu/datasets/view/LDG-1409	2018-08-22T00:00:00+00:00		EGF and Insulin combination dose and dynamic response of ERK, AKT, and mTOR signaling and the cell cycle (Cyclin D1) in serum- and growth-factor starved MCF10A cells.	MCF10A cells were seeded, allowed to attach overnight in full growth medium, serum-starved for ~24 hours, and then treated with the indicated compound(s) (EGF, Insulin and combinations) for the indicated amount of time (5, 30, 120, 360 min).
http://www.lincsproject.org/	LDG-1331	http://lincsportal.ccs.miami.edu/datasets/view/LDG-1331	2017-05-02T00:00:00+00:00		EGF-induced FoxO3a nuclear-cytoplasmic pulsing dynamics in mammary epithelial cell lines following treatment with increasing doses of a MEK inhibitor. Dataset 1 of 3: single-cell reporter measurements.	
http://www.lincsproject.org/	LDG-1332	http://lincsportal.ccs.miami.edu/datasets/view/LDG-1332	2017-05-02T00:00:00+00:00		EGF-induced FoxO3a nuclear-cytoplasmic pulsing dynamics in mammary epithelial cell lines following treatment with increasing doses of a MEK inhibitor. Dataset 2 of 3: single-cell reporter pulsing metrics.	
http://www.lincsproject.org/	LDG-1333	http://lincsportal.ccs.miami.edu/datasets/view/LDG-1333	2017-05-02T00:00:00+00:00		EGF-induced FoxO3a nuclear-cytoplasmic pulsing dynamics in mammary epithelial cell lines following treatment with increasing doses of a MEK inhibitor. Dataset 3 of 3: mean reporter pulsing metrics.	
http://www.lincsproject.org/	LDG-1400	http://lincsportal.ccs.miami.edu/datasets/view/LDG-1400	2018-04-04T00:00:00+00:00		ERK and Akt activation dynamics in MCF10A cells treated with the four core compounds.	MCF10A cells were seeded, allowed to attach overnight in full growth medium, and then treated with the indicated compound for the indicated amount of time. Cells were lysed, and then assayed for either ERK or Akt activation (phosphorylation). Tubulin signal was used as loading control.
http://www.lincsproject.org/	LDG-1390	http://lincsportal.ccs.miami.edu/datasets/view/LDG-1390	2017-09-29T00:00:00+00:00		ERK5-IN-1 KINOMEscan	
http://www.lincsproject.org/	LDG-1138	http://lincsportal.ccs.miami.edu/datasets/view/LDG-1138	2013-10-16T00:00:00+00:00		Erlotinib KINOMEscan	For the panel of kinases, the Kd is measured using 11 serial threefold dilutions of Erlotinib.
http://www.lincsproject.org/	LDG-1438	http://lincsportal.ccs.miami.edu/datasets/view/LDG-1438	2019-11-12T00:00:00+00:00		Evaluation of the sensitivities of six triple-negative breast cancer (TNBC) cell lines to 23 different PI3K/AKT/mTOR inhibitors or to a MEK inhibitor (trametinib). Dataset 1 of 2: GR values.	
http://www.lincsproject.org/	LDG-1439	http://lincsportal.ccs.miami.edu/datasets/view/LDG-1439	2019-11-12T00:00:00+00:00		Evaluation of the sensitivities of six triple-negative breast cancer (TNBC) cell lines to 23 different PI3K/AKT/mTOR inhibitors or to a MEK inhibitor (trametinib). Dataset 2 of 2: GR metrics.	
http://www.lincsproject.org/	LDG-1440	http://lincsportal.ccs.miami.edu/datasets/view/LDG-1440	2019-11-12T00:00:00+00:00		Evaluation of the sensitivity of two triple-negative breast cancer cell lines (HCC1806, HCC70) to a collection of dual mTOR and PI3K-like kinase (PIKK) inhibitors. Dataset 1 of 2: GR values.	
http://www.lincsproject.org/	LDG-1441	http://lincsportal.ccs.miami.edu/datasets/view/LDG-1441	2019-11-12T00:00:00+00:00		Evaluation of the sensitivity of two triple-negative breast cancer cell lines (HCC1806, HCC70) to a collection of dual mTOR and PI3K-like kinase (PIKK) inhibitors. Dataset 2 of 2: GR metrics.	
http://www.lincsproject.org/	LDG-1171	http://lincsportal.ccs.miami.edu/datasets/view/LDG-1171	2013-10-16T00:00:00+00:00		Flavopiridol KINOMEscan	For the panel of kinases, the Kd is measured using 11 serial threefold dilutions of Flavopiridol.
http://www.lincsproject.org/	LDG-1322	http://lincsportal.ccs.miami.edu/datasets/view/LDG-1322	2017-05-02T00:00:00+00:00		FoxO3a nuclear-cytoplasmic pulsing dynamics in a mammary epithelial cell line following growth-factor treatment with varying ERK/AKT activation loads. Dataset 1 of 3: single-cell reporter measurements.	
http://www.lincsproject.org/	LDG-1323	http://lincsportal.ccs.miami.edu/datasets/view/LDG-1323	2017-05-02T00:00:00+00:00		FoxO3a nuclear-cytoplasmic pulsing dynamics in a mammary epithelial cell line following growth-factor treatment with varying ERK/AKT activation loads. Dataset 2 of 3: single-cell reporter pulsing metrics.	
http://www.lincsproject.org/	LDG-1324	http://lincsportal.ccs.miami.edu/datasets/view/LDG-1324	2017-05-02T00:00:00+00:00		FoxO3a nuclear-cytoplasmic pulsing dynamics in a mammary epithelial cell line following growth-factor treatment with varying ERK/AKT activation loads. Dataset 3 of 3: mean reporter pulsing metrics.	
http://www.lincsproject.org/	LDG-1392	http://lincsportal.ccs.miami.edu/datasets/view/LDG-1392	2017-10-20T00:00:00+00:00		GCP aggregated data - CRISPR perturbations	
http://www.lincsproject.org/	LDG-1284	http://lincsportal.ccs.miami.edu/datasets/view/LDG-1284	2016-08-09T00:00:00+00:00		GCP aggregated data - Chemical perturbations	Global chromatin epigentic profiles of human cancer and NPC cell lines treated with neurodevelopmental compounds, epigenetic compounds and kinase inhibitors.
http://www.lincsproject.org/	LDG-1283	http://lincsportal.ccs.miami.edu/datasets/view/LDG-1283	2016-07-18T00:00:00+00:00		GCP data - Chemical perturbations (MCF10A Common Project)	Global chromatin epigentic profiles of MCF10A cell line treated with 8 FDA-approved drugs.
http://www.lincsproject.org/	LDG-1159	http://lincsportal.ccs.miami.edu/datasets/view/LDG-1159	2013-10-16T00:00:00+00:00		GDC-0879 KINOMEscan	For the panel of kinases, the Kd is measured using 11 serial threefold dilutions of GDC-0879.
http://www.lincsproject.org/	LDG-1043	http://lincsportal.ccs.miami.edu/datasets/view/LDG-1043	2011-11-21T00:00:00+00:00		GDC-0941 KINOMEscan	For the panel of kinases, the percent of kinase bound by ligand is measured in the presence of GDC-0941 at 10 uM of concentration.
http://www.lincsproject.org/	LDG-1130	http://lincsportal.ccs.miami.edu/datasets/view/LDG-1130	2013-10-16T00:00:00+00:00		GDC-0941 KINOMEscan-2	-
http://www.lincsproject.org/	LDG-1288	http://lincsportal.ccs.miami.edu/datasets/view/LDG-1288	2016-05-26T00:00:00+00:00		GDC-0941 KINOMEscan-3	For the panel of kinases, the percent of kinase bound by ligand is measured in the presence of GDC-0941 at 10 uM of concentration.
http://www.lincsproject.org/	LDG-1154	http://lincsportal.ccs.miami.edu/datasets/view/LDG-1154	2013-10-16T00:00:00+00:00		GSK-1363089 KINOMEscan	-
http://www.lincsproject.org/	LDG-1168	http://lincsportal.ccs.miami.edu/datasets/view/LDG-1168	2013-10-16T00:00:00+00:00		GSK-1838705A KINOMEscan	-
http://www.lincsproject.org/	LDG-1172	http://lincsportal.ccs.miami.edu/datasets/view/LDG-1172	2013-10-16T00:00:00+00:00		GSK-461364A KINOMEscan	-
http://www.lincsproject.org/	LDG-1147	http://lincsportal.ccs.miami.edu/datasets/view/LDG-1147	2013-10-16T00:00:00+00:00		GSK-690693 KINOMEscan	-
http://www.lincsproject.org/	LDG-1068	http://lincsportal.ccs.miami.edu/datasets/view/LDG-1068	2012-08-10T00:00:00+00:00		GSK1059615 KINOMEscan	For the panel of kinases, the percent of kinase bound by ligand is measured in the presence of GSK1059615 at 10 uM of concentration.
http://www.lincsproject.org/	LDG-1067	http://lincsportal.ccs.miami.edu/datasets/view/LDG-1067	2012-08-10T00:00:00+00:00		GSK2126458 KINOMEscan	For the panel of kinases, the percent of kinase bound by ligand is measured in the presence of GSK2126458 at 10 uM of concentration.
http://www.lincsproject.org/	LDG-1015	http://lincsportal.ccs.miami.edu/datasets/view/LDG-1015	2011-07-15T00:00:00+00:00		GSK429286A KINOMEscan	For the panel of kinases, the percent of kinase bound by ligand is measured in the presence of GSK429286A at 10 uM of concentration.
http://www.lincsproject.org/	LDG-1016	http://lincsportal.ccs.miami.edu/datasets/view/LDG-1016	2011-07-15T00:00:00+00:00		GSK461364 KINOMEscan	For the panel of kinases, the percent of kinase bound by ligand is measured in the presence of GSK461364 at 10 uM of concentration.
http://www.lincsproject.org/	LDG-1007	http://lincsportal.ccs.miami.edu/datasets/view/LDG-1007	2011-07-15T00:00:00+00:00		GW-5074 KINOMEscan	For the panel of kinases, the percent of kinase bound by ligand is measured in the presence of GW-5074 at 10 uM of concentration.
http://www.lincsproject.org/	LDG-1071	http://lincsportal.ccs.miami.edu/datasets/view/LDG-1071	2011-07-15T00:00:00+00:00		GW-5074 KiNativ -- dose response experiment	-
http://www.lincsproject.org/	LDG-1017	http://lincsportal.ccs.miami.edu/datasets/view/LDG-1017	2011-07-15T00:00:00+00:00		GW843682 KINOMEscan	For the panel of kinases, the percent of kinase bound by ligand is measured in the presence of GW843682 at 10 uM of concentration.
http://www.lincsproject.org/	LDG-1139	http://lincsportal.ccs.miami.edu/datasets/view/LDG-1139	2013-10-16T00:00:00+00:00		Gefitinib KINOMEscan	For the panel of kinases, the Kd is measured using 11 serial threefold dilutions of Gefitinib.
http://www.lincsproject.org/	LDG-1334	http://lincsportal.ccs.miami.edu/datasets/view/LDG-1334	2017-05-02T00:00:00+00:00		Growth factor-induced ERK activity and FoxO3a nuclear-cytoplasmic pulsing dynamics in a mammary epithelial cell line. Dataset 1 of 1: single-cell reporter measurements.	
http://www.lincsproject.org/	LDG-1335	http://lincsportal.ccs.miami.edu/datasets/view/LDG-1335	2017-05-02T00:00:00+00:00		Growth factor-induced ERK activity pulsing dynamics in a mammary epithelial cell line. Dataset 1 of 3: single-cell reporter measurements.	
http://www.lincsproject.org/	LDG-1336	http://lincsportal.ccs.miami.edu/datasets/view/LDG-1336	2017-05-02T00:00:00+00:00		Growth factor-induced ERK activity pulsing dynamics in a mammary epithelial cell line. Dataset 2 of 3: single-cell reporter pulsing metrics.	
http://www.lincsproject.org/	LDG-1337	http://lincsportal.ccs.miami.edu/datasets/view/LDG-1337	2017-05-02T00:00:00+00:00		Growth factor-induced ERK activity pulsing dynamics in a mammary epithelial cell line. Dataset 3 of 3: mean reporter pulsing metrics.	
http://www.lincsproject.org/	LDG-1325	http://lincsportal.ccs.miami.edu/datasets/view/LDG-1325	2017-05-02T00:00:00+00:00		Growth factor-induced FoxO3a nuclear-cytoplasmic pulsing dynamics of non-phosphorylatable reporters in mammary epithelial cell lines. Dataset 1 of 3: single-cell reporter measurements.	
http://www.lincsproject.org/	LDG-1326	http://lincsportal.ccs.miami.edu/datasets/view/LDG-1326	2017-05-02T00:00:00+00:00		Growth factor-induced FoxO3a nuclear-cytoplasmic pulsing dynamics of non-phosphorylatable reporters in mammary epithelial cell lines. Dataset 2 of 3: single-cell reporter pulsing metrics.	
http://www.lincsproject.org/	LDG-1327	http://lincsportal.ccs.miami.edu/datasets/view/LDG-1327	2017-05-02T00:00:00+00:00		Growth factor-induced FoxO3a nuclear-cytoplasmic pulsing dynamics of non-phosphorylatable reporters in mammary epithelial cell lines. Dataset 3 of 3: mean reporter pulsing metrics.	
http://www.lincsproject.org/	LDG-1304	http://lincsportal.ccs.miami.edu/datasets/view/LDG-1304	2016-12-22T00:00:00+00:00		Growth rate-corrected (GR) dose-response metric signatures across a panel of 71 breast cancer cell lines treated with a library of small molecule and antibody perturbagens. Dataset 3 of 4: Median, upper quartile, and lower quartile GR metrics per perturbagen. 	
http://www.lincsproject.org/	LDG-1305	http://lincsportal.ccs.miami.edu/datasets/view/LDG-1305	2016-12-22T00:00:00+00:00		Growth rate-corrected (GR) dose-response metric signatures across a panel of 71 breast cancer cell lines treated with a library of small molecule and antibody perturbagens. Dataset 4 of 4: Median, upper quartile, and lower quartile GR metrics per perturbagen class.	
http://www.lincsproject.org/	LDG-1302	http://lincsportal.ccs.miami.edu/datasets/view/LDG-1302	2016-12-22T00:00:00+00:00		Growth rate-corrected (GR) dose-response metrics across a panel of 71 breast cancer cell lines treated with a library of small molecule and antibody perturbagens. Dataset 1 of 4: Relative cell counts and normalized growth rate inhibition values across technical replicates.	
http://www.lincsproject.org/	LDG-1303	http://lincsportal.ccs.miami.edu/datasets/view/LDG-1303	2016-12-22T00:00:00+00:00		Growth rate-corrected (GR) dose-response metrics across a panel of 71 breast cancer cell lines treated with a library of small molecule and antibody perturbagens. Dataset 2 of 4: Calculated dose-response metrics. 	
http://www.lincsproject.org/	LDG-1117	http://lincsportal.ccs.miami.edu/datasets/view/LDG-1117	2013-07-08T00:00:00+00:00		HG-14-10-04 KINOMEscan	For the panel of kinases, the percent of kinase bound by ligand is measured in the presence of HG-14-10-04 at 10 uM of concentration.
http://www.lincsproject.org/	LDG-1116	http://lincsportal.ccs.miami.edu/datasets/view/LDG-1116	2013-07-08T00:00:00+00:00		HG-14-8-02 KINOMEscan	For the panel of kinases, the percent of kinase bound by ligand is measured in the presence of HG-14-8-02 at 10 uM of concentration.
http://www.lincsproject.org/	LDG-1034	http://lincsportal.ccs.miami.edu/datasets/view/LDG-1034	2011-11-21T00:00:00+00:00		HG-5-113-01 KINOMEscan	For the panel of kinases, the percent of kinase bound by ligand is measured in the presence of HG-5-113-01 at 10 uM of concentration.
http://www.lincsproject.org/	LDG-1035	http://lincsportal.ccs.miami.edu/datasets/view/LDG-1035	2011-11-21T00:00:00+00:00		HG-5-88-01 KINOMEscan	For the panel of kinases, the percent of kinase bound by ligand is measured in the presence of HG-5-88-01 at 10 uM of concentration.
http://www.lincsproject.org/	LDG-1076	http://lincsportal.ccs.miami.edu/datasets/view/LDG-1076	2012-05-09T00:00:00+00:00		HG-6-64-01 KiNativ -- single dose experiment	-
http://www.lincsproject.org/	LDG-1006	http://lincsportal.ccs.miami.edu/datasets/view/LDG-1006	2011-07-15T00:00:00+00:00		HG-6-64-1 KINOMEscan	For the panel of kinases, the percent of kinase bound by ligand is measured in the presence of HG-6-64-1 at 10 uM of concentration.
http://www.lincsproject.org/	LDG-1115	http://lincsportal.ccs.miami.edu/datasets/view/LDG-1115	2013-07-08T00:00:00+00:00		HG-9-91-01 KINOMEscan	For the panel of kinases, the percent of kinase bound by ligand is measured in the presence of HG-9-91-01 at 10 uM of concentration.
http://www.lincsproject.org/	LDG-1036	http://lincsportal.ccs.miami.edu/datasets/view/LDG-1036	2011-11-21T00:00:00+00:00		HKI-272 KINOMEscan	For the panel of kinases, the percent of kinase bound by ligand is measured in the presence of HKI-272 at 10 uM of concentration.
http://www.lincsproject.org/	LDG-1173	http://lincsportal.ccs.miami.edu/datasets/view/LDG-1173	2013-10-16T00:00:00+00:00		HKI-272 KINOMEscan-2	-
http://www.lincsproject.org/	LDG-1240	http://lincsportal.ccs.miami.edu/datasets/view/LDG-1240	2015-12-16T00:00:00+00:00		High-content imaging of six breast cancer cell lines treated with a library of small molecule kinase inhibitors.	-
http://www.lincsproject.org/	LDG-1236	http://lincsportal.ccs.miami.edu/datasets/view/LDG-1236	2015-09-15T00:00:00+00:00		Highly multiplexed imaging by Cyclic Immunofluorescence (CycIF) of protein levels and protein phosphorylation states in the COLO 858 melanoma cell line	-
http://www.lincsproject.org/	LDG-1301	http://lincsportal.ccs.miami.edu/datasets/view/LDG-1301	2016-09-29T00:00:00+00:00		Highly-multiplexed imaging by Cyclic Immunofluorescence (CycIF) of protein levels and protein phosphorylation states in the MCF 10A breast cell line treated with EGF or four kinase inhibitors	
http://www.lincsproject.org/	LDG-1328	http://lincsportal.ccs.miami.edu/datasets/view/LDG-1328	2017-05-02T00:00:00+00:00		IGF-I-induced FoxO3a nuclear-cytoplasmic pulsing dynamics in mammary epithelial cell lines following treatment with increasing doses of an AKT inhibitor. Dataset 1 of 3: single-cell reporter measurements.	
http://www.lincsproject.org/	LDG-1329	http://lincsportal.ccs.miami.edu/datasets/view/LDG-1329	2017-05-02T00:00:00+00:00		IGF-I-induced FoxO3a nuclear-cytoplasmic pulsing dynamics in mammary epithelial cell lines following treatment with increasing doses of an AKT inhibitor. Dataset 2 of 3: single-cell reporter pulsing metrics.	
http://www.lincsproject.org/	LDG-1330	http://lincsportal.ccs.miami.edu/datasets/view/LDG-1330	2017-05-02T00:00:00+00:00		IGF-I-induced FoxO3a nuclear-cytoplasmic pulsing dynamics in mammary epithelial cell lines following treatment with increasing doses of an AKT inhibitor. Dataset 3 of 3: mean reporter pulsing metrics.	
http://www.lincsproject.org/	LDG-1151	http://lincsportal.ccs.miami.edu/datasets/view/LDG-1151	2013-10-16T00:00:00+00:00		INCB018424 KINOMEscan	-
http://www.lincsproject.org/	LDG-1207	http://lincsportal.ccs.miami.edu/datasets/view/LDG-1207	2015-04-17T00:00:00+00:00		Ibrutinib KINOMEscan	For the panel of kinases, the percent of kinase bound by ligand is measured in the presence of Ibrutinib at 10 uM of concentration.
http://www.lincsproject.org/	LDG-1295	http://lincsportal.ccs.miami.edu/datasets/view/LDG-1295	2016-03-04T00:00:00+00:00		Ibrutinib KiNativ -- single dose experiment	-
http://www.lincsproject.org/	LDG-1176	http://lincsportal.ccs.miami.edu/datasets/view/LDG-1176	2013-10-16T00:00:00+00:00		Imatinib KINOMEscan	For the panel of kinases, the Kd is measured using 11 serial threefold dilutions of Imatinib.
http://www.lincsproject.org/	LDG-1031	http://lincsportal.ccs.miami.edu/datasets/view/LDG-1031	2011-07-15T00:00:00+00:00		JNK-9L KINOMEscan	For the panel of kinases, the percent of kinase bound by ligand is measured in the presence of JNK-9L at 10 uM of concentration.
http://www.lincsproject.org/	LDG-1388	http://lincsportal.ccs.miami.edu/datasets/view/LDG-1388	2017-09-29T00:00:00+00:00		JNK-IN-11 KINOMEscan	
http://www.lincsproject.org/	LDG-1064	http://lincsportal.ccs.miami.edu/datasets/view/LDG-1064	2012-04-30T00:00:00+00:00		JNK-IN-5A KINOMEscan	For the panel of kinases, the percent of kinase bound by ligand is measured in the presence of JNK-IN-5A at 10 uM of concentration.
http://www.lincsproject.org/	LDG-1293	http://lincsportal.ccs.miami.edu/datasets/view/LDG-1293	2015-10-08T00:00:00+00:00		JNK-IN-8 KINOMEscan	For the panel of kinases, the percent of kinase bound by ligand is measured in the presence of JNK-IN-8 at 10 uM of concentration.
http://www.lincsproject.org/	LDG-1294	http://lincsportal.ccs.miami.edu/datasets/view/LDG-1294	2015-10-08T00:00:00+00:00		JNK-IN-8 KiNativ -- single dose experiment	-
http://www.lincsproject.org/	LDG-1091	http://lincsportal.ccs.miami.edu/datasets/view/LDG-1091	2013-04-01T00:00:00+00:00		JW-7-24-1 KINOMEscan	For the panel of kinases, the percent of kinase bound by ligand is measured in the presence of JW-7-24-1 at 10 uM of concentration.
http://www.lincsproject.org/	LDG-1029	http://lincsportal.ccs.miami.edu/datasets/view/LDG-1029	2011-07-15T00:00:00+00:00		JWE-035 KINOMEscan	For the panel of kinases, the percent of kinase bound by ligand is measured in the presence of JWE-035 at 10 uM of concentration.
http://www.lincsproject.org/	LDG-1083	http://lincsportal.ccs.miami.edu/datasets/view/LDG-1083	2013-01-10T00:00:00+00:00		JWE-035 KiNativ -- single dose experiment	-
http://www.lincsproject.org/	LDG-1041	http://lincsportal.ccs.miami.edu/datasets/view/LDG-1041	2011-11-21T00:00:00+00:00		KIN001-127 KINOMEscan	For the panel of kinases, the percent of kinase bound by ligand is measured in the presence of KIN001-127 at 10 uM of concentration.
http://www.lincsproject.org/	LDG-1025	http://lincsportal.ccs.miami.edu/datasets/view/LDG-1025	2011-07-15T00:00:00+00:00		KIN001-220 KINOMEscan	For the panel of kinases, the percent of kinase bound by ligand is measured in the presence of KIN001-220 at 10 uM of concentration.
http://www.lincsproject.org/	LDG-1100	http://lincsportal.ccs.miami.edu/datasets/view/LDG-1100	2013-04-01T00:00:00+00:00		KU63794 KINOMEscan	For the panel of kinases, the percent of kinase bound by ligand is measured in the presence of KU63794 at 10 uM of concentration.
http://www.lincsproject.org/	LDG-1163	http://lincsportal.ccs.miami.edu/datasets/view/LDG-1163	2013-10-16T00:00:00+00:00		KW-2449 KINOMEscan	For the panel of kinases, the Kd is measured using 11 serial threefold dilutions of KW-2449.
http://www.lincsproject.org/	LDG-1161	http://lincsportal.ccs.miami.edu/datasets/view/LDG-1161	2013-10-16T00:00:00+00:00		Ki-20227 KINOMEscan	-
http://www.lincsproject.org/	LDG-1450	http://lincsportal.ccs.miami.edu/datasets/view/LDG-1450			L1000 Consensus Signatures - CRISPR perturbagens	
http://www.lincsproject.org/	LDG-1449	http://lincsportal.ccs.miami.edu/datasets/view/LDG-1449			L1000 Consensus Signatures - shRNA perturbagens	
http://www.lincsproject.org/	LDG-1199	http://lincsportal.ccs.miami.edu/datasets/view/LDG-1199	2014-05-30T00:00:00+00:00		L1000 Dataset -small molecule perturbagens- LINCS Joint Project	Transcriptional profiles of cultured human breast cancer cell lines treated with small molecules: 5 cell lines are treated with 109 small molecules and the expression of 978 representative genes is measured, as a part of the LINCS Joint Project.
http://www.lincsproject.org/	LDG-1188	http://lincsportal.ccs.miami.edu/datasets/view/LDG-1188	2014-05-30T00:00:00+00:00		L1000 Dataset -small molecule perturbagens- LINCS Phase 1	Transcriptional profiles of cultured human cancer cell lines treated with small molecules: Expression of 978 representative genes is measured in 39 cell lines perturbed by 13 thousands of small molecules.
http://www.lincsproject.org/	LDG-1227	http://lincsportal.ccs.miami.edu/datasets/view/LDG-1227	2015-06-30T00:00:00+00:00		L1000 Dataset -small molecule perturbagens- LINCS Phase 2 (June 2015)	Transcriptional profiles of multiple cells treated with small molecule perturbagens: The expression level is measured for 978 representative genes in 15 cell lines treated with 241 small molecules.
http://www.lincsproject.org/	LDG-1198	http://lincsportal.ccs.miami.edu/datasets/view/LDG-1198	2014-05-30T00:00:00+00:00		L1000 Dataset -small molecule perturbagens- LINCS Trans-Center Project	Transcriptional profiles of cultured human breast and prostate cancer cell lines treated with small molecules: 6 cancer cell lines are treated with 6 small molecules, as a part of the LINCS Trans-Center Project. The expression level for 978 representative genes is measured.
http://www.lincsproject.org/	LDG-1264	http://lincsportal.ccs.miami.edu/datasets/view/LDG-1264	2015-12-31T00:00:00+00:00		L1000 Dataset -small molecule, CRISPR perturbagens- LINCS Phase 2 (December 2015)	Transcriptional profiles of multiple cell and perturbation types: 23 cells are treated with 311 chemical perturbagens and CRISPR reagents. The expression level for 978 representative genes is measured.
http://www.lincsproject.org/	LDG-1312	http://lincsportal.ccs.miami.edu/datasets/view/LDG-1312	2016-03-06T00:00:00+00:00		L1000 Dataset -small molecule, CRISPR perturbagens- LINCS Phase 2 (March 2017)	Transcriptional profiles of multiple cell and perturbation types: cells are treated with chemical perturbagens and CRISPR reagents. The expression level for 978 representative genes is measured.
http://www.lincsproject.org/	LDG-1191	http://lincsportal.ccs.miami.edu/datasets/view/LDG-1191	2014-05-30T00:00:00+00:00		L1000 gene expression profiling assay - DOS small molecule perturbagens	Transcriptional profiles of U2 OS cell line treated with ~21 thousands of compounds from diversity-oriented-synthesis (DOS) library.
http://www.lincsproject.org/	LDG-1313	http://lincsportal.ccs.miami.edu/datasets/view/LDG-1313	2017-02-07T00:00:00+00:00		LINCS MCF 10A Common Project: Fixed-time-point sensitivity measures of the MCF 10A breast cell line to 8 small molecule perturbagens. Dataset 1 of 9: Cell count and normalized growth rate inhibition values for biological replicate 1	
http://www.lincsproject.org/	LDG-1314	http://lincsportal.ccs.miami.edu/datasets/view/LDG-1314	2017-02-07T00:00:00+00:00		LINCS MCF 10A Common Project: Fixed-time-point sensitivity measures of the MCF 10A breast cell line to 8 small molecule perturbagens. Dataset 2 of 9: Cell count and normalized growth rate inhibition values for biological replicate 2	
http://www.lincsproject.org/	LDG-1315	http://lincsportal.ccs.miami.edu/datasets/view/LDG-1315	2017-02-07T00:00:00+00:00		LINCS MCF 10A Common Project: Fixed-time-point sensitivity measures of the MCF 10A breast cell line to 8 small molecule perturbagens. Dataset 3 of 9: Cell count and normalized growth rate inhibition values for biological replicate 3	
http://www.lincsproject.org/	LDG-1316	http://lincsportal.ccs.miami.edu/datasets/view/LDG-1316	2017-02-07T00:00:00+00:00		LINCS MCF 10A Common Project: Fixed-time-point sensitivity measures of the MCF 10A breast cell line to 8 small molecule perturbagens. Dataset 4 of 9: Mean cell count and mean normalized growth rate inhibition values for biological replicate 1	
http://www.lincsproject.org/	LDG-1317	http://lincsportal.ccs.miami.edu/datasets/view/LDG-1317	2017-02-07T00:00:00+00:00		LINCS MCF 10A Common Project: Fixed-time-point sensitivity measures of the MCF 10A breast cell line to 8 small molecule perturbagens. Dataset 5 of 9: Mean cell count and mean normalized growth rate inhibition values for biological replicate 2	
http://www.lincsproject.org/	LDG-1318	http://lincsportal.ccs.miami.edu/datasets/view/LDG-1318	2017-02-07T00:00:00+00:00		LINCS MCF 10A Common Project: Fixed-time-point sensitivity measures of the MCF 10A breast cell line to 8 small molecule perturbagens. Dataset 6 of 9: Mean cell count and mean normalized growth rate inhibition values for biological replicate 3	
http://www.lincsproject.org/	LDG-1319	http://lincsportal.ccs.miami.edu/datasets/view/LDG-1319	2017-02-07T00:00:00+00:00		LINCS MCF 10A Common Project: Fixed-time-point sensitivity measures of the MCF 10A breast cell line to 8 small molecule perturbagens. Dataset 7 of 9: Calculated dose-response metrics for biological replicate 1	
http://www.lincsproject.org/	LDG-1320	http://lincsportal.ccs.miami.edu/datasets/view/LDG-1320	2017-02-07T00:00:00+00:00		LINCS MCF 10A Common Project: Fixed-time-point sensitivity measures of the MCF 10A breast cell line to 8 small molecule perturbagens. Dataset 8 of 9: Calculated dose-response metrics for biological replicate 2	
http://www.lincsproject.org/	LDG-1321	http://lincsportal.ccs.miami.edu/datasets/view/LDG-1321	2017-02-07T00:00:00+00:00		LINCS MCF 10A Common Project: Fixed-time-point sensitivity measures of the MCF 10A breast cell line to 8 small molecule perturbagens. Dataset 9 of 9: Calculated dose-response metrics for biological replicate 3	
http://www.lincsproject.org/	LDG-1432	http://lincsportal.ccs.miami.edu/datasets/view/LDG-1432	2019-06-27T00:00:00+00:00		LINCS MCF 10A Common Project: Fixed-time-point sensitivity measures of the MCF 10A breast cell line to 8 small molecule perturbagens. Repeat performed by Scientist A in 2019 to assess reproducibility. Dataset 1 of 2: Normalized growth rate inhibition values. 	
http://www.lincsproject.org/	LDG-1435	http://lincsportal.ccs.miami.edu/datasets/view/LDG-1435	2019-06-27T00:00:00+00:00		LINCS MCF 10A Common Project: Fixed-time-point sensitivity measures of the MCF 10A breast cell line to 8 small molecule perturbagens. Repeat performed by Scientist A in 2019 to assess reproducibility. Dataset 2 of 2: Calculated dose response metrics.	
http://www.lincsproject.org/	LDG-1433	http://lincsportal.ccs.miami.edu/datasets/view/LDG-1433	2019-06-27T00:00:00+00:00		LINCS MCF 10A Common Project: Fixed-time-point sensitivity measures of the MCF 10A breast cell line to 8 small molecule perturbagens. Repeat performed by Scientist B in 2019 to assess reproducibility. Dataset 1 of 2: Normalized growth rate inhibition values. 	
http://www.lincsproject.org/	LDG-1436	http://lincsportal.ccs.miami.edu/datasets/view/LDG-1436	2019-06-27T00:00:00+00:00		LINCS MCF 10A Common Project: Fixed-time-point sensitivity measures of the MCF 10A breast cell line to 8 small molecule perturbagens. Repeat performed by Scientist B in 2019 to assess reproducibility. Dataset 2 of 2: Calculated dose response metrics.	
http://www.lincsproject.org/	LDG-1437	http://lincsportal.ccs.miami.edu/datasets/view/LDG-1437	2019-06-27T00:00:00+00:00		LINCS MCF 10A Common Project: Fixed-time-point sensitivity measures of the MCF 10A breast cell line to 8 small molecule perturbagens. Repeat performed by Scientist C in 2019 to assess reproducibility. Dataset 2 of 2: Calculated dose response metrics.	
http://www.lincsproject.org/	LDG-1434	http://lincsportal.ccs.miami.edu/datasets/view/LDG-1434	2019-06-27T00:00:00+00:00		LINCS MCF 10A Common Project: Fixed-time-point sensitivity measures of the MCF 10A breast cell line to 8 small molecule perturbagens. Repeat performed by Scientist C to assess reproducibility. Dataset 1 of 2: Normalized growth rate inhibition values. 	
http://www.lincsproject.org/	LDG-1341	http://lincsportal.ccs.miami.edu/datasets/view/LDG-1341	2017-05-12T00:00:00+00:00		LINCS MCF 10A Common Project: Highly-multiplexed imaging by Cyclic Immunofluorescence (CycIF) of protein levels and protein phosphorylation states in the MCF 10A breast cell line treated with 8 small molecule perturbagens. Dataset 1 of 6: Cytosolic fluorescent intensity measurements at 24 hr.	
http://www.lincsproject.org/	LDG-1342	http://lincsportal.ccs.miami.edu/datasets/view/LDG-1342	2017-05-12T00:00:00+00:00		LINCS MCF 10A Common Project: Highly-multiplexed imaging by Cyclic Immunofluorescence (CycIF) of protein levels and protein phosphorylation states in the MCF 10A breast cell line treated with 8 small molecule perturbagens. Dataset 2 of 6: Nuclear fluorescent intensity measurements at 24 hr.	
http://www.lincsproject.org/	LDG-1343	http://lincsportal.ccs.miami.edu/datasets/view/LDG-1343	2017-05-12T00:00:00+00:00		LINCS MCF 10A Common Project: Highly-multiplexed imaging by Cyclic Immunofluorescence (CycIF) of protein levels and protein phosphorylation states in the MCF 10A breast cell line treated with 8 small molecule perturbagens. Dataset 3 of 6: Cytosolic fluorescent intensity measurements at 48 hr.	
http://www.lincsproject.org/	LDG-1344	http://lincsportal.ccs.miami.edu/datasets/view/LDG-1344	2017-05-12T00:00:00+00:00		LINCS MCF 10A Common Project: Highly-multiplexed imaging by Cyclic Immunofluorescence (CycIF) of protein levels and protein phosphorylation states in the MCF 10A breast cell line treated with 8 small molecule perturbagens. Dataset 4 of 6: Nuclear fluorescent intensity measurements at 48 hr.	
http://www.lincsproject.org/	LDG-1345	http://lincsportal.ccs.miami.edu/datasets/view/LDG-1345	2017-05-12T00:00:00+00:00		LINCS MCF 10A Common Project: Highly-multiplexed imaging by Cyclic Immunofluorescence (CycIF) of protein levels and protein phosphorylation states in the MCF 10A breast cell line treated with 8 small molecule perturbagens. Dataset 5 of 6: Cytosolic fluorescent intensity measurements at 72 hr.	
http://www.lincsproject.org/	LDG-1346	http://lincsportal.ccs.miami.edu/datasets/view/LDG-1346	2017-05-12T00:00:00+00:00		LINCS MCF 10A Common Project: Highly-multiplexed imaging by Cyclic Immunofluorescence (CycIF) of protein levels and protein phosphorylation states in the MCF 10A breast cell line treated with 8 small molecule perturbagens. Dataset 6 of 6: Nuclear fluorescent intensity measurements at 72 hr.	
http://www.lincsproject.org/	LDG-1347	http://lincsportal.ccs.miami.edu/datasets/view/LDG-1347	2017-05-12T00:00:00+00:00		LINCS MCF 10A Common Project: Rolling-time-point sensitivity measures of the MCF 10A breast cell line to 8 small molecule perturbagens. Dataset 1 of 15: End-point cell counts and normalized growth rate inhibition values for all technical replicates of biological replicate 1.	
http://www.lincsproject.org/	LDG-1356	http://lincsportal.ccs.miami.edu/datasets/view/LDG-1356	2017-05-12T00:00:00+00:00		LINCS MCF 10A Common Project: Rolling-time-point sensitivity measures of the MCF 10A breast cell line to 8 small molecule perturbagens. Dataset 10 of 15: Time-dependent mean normalized growth rate inhibition values for biological replicate 1.	
http://www.lincsproject.org/	LDG-1357	http://lincsportal.ccs.miami.edu/datasets/view/LDG-1357	2017-05-12T00:00:00+00:00		LINCS MCF 10A Common Project: Rolling-time-point sensitivity measures of the MCF 10A breast cell line to 8 small molecule perturbagens. Dataset 11 of 15: Time-dependent mean normalized growth rate inhibition values for biological replicate 2.	
http://www.lincsproject.org/	LDG-1358	http://lincsportal.ccs.miami.edu/datasets/view/LDG-1358	2017-05-12T00:00:00+00:00		LINCS MCF 10A Common Project: Rolling-time-point sensitivity measures of the MCF 10A breast cell line to 8 small molecule perturbagens. Dataset 12 of 15: Time-dependent mean normalized growth rate inhibition values for biological replicate 3.	
http://www.lincsproject.org/	LDG-1359	http://lincsportal.ccs.miami.edu/datasets/view/LDG-1359	2017-05-12T00:00:00+00:00		LINCS MCF 10A Common Project: Rolling-time-point sensitivity measures of the MCF 10A breast cell line to 8 small molecule perturbagens. Dataset 13 of 15: Time-dependent dose-response metrics for biological replicate 1.	
http://www.lincsproject.org/	LDG-1360	http://lincsportal.ccs.miami.edu/datasets/view/LDG-1360	2017-05-12T00:00:00+00:00		LINCS MCF 10A Common Project: Rolling-time-point sensitivity measures of the MCF 10A breast cell line to 8 small molecule perturbagens. Dataset 14 of 15: Time-dependent dose-response metrics for biological replicate 2.	
http://www.lincsproject.org/	LDG-1361	http://lincsportal.ccs.miami.edu/datasets/view/LDG-1361	2017-05-12T00:00:00+00:00		LINCS MCF 10A Common Project: Rolling-time-point sensitivity measures of the MCF 10A breast cell line to 8 small molecule perturbagens. Dataset 15 of 15: Time-dependent dose-response metrics for biological replicate 3.	
http://www.lincsproject.org/	LDG-1348	http://lincsportal.ccs.miami.edu/datasets/view/LDG-1348	2017-05-12T00:00:00+00:00		LINCS MCF 10A Common Project: Rolling-time-point sensitivity measures of the MCF 10A breast cell line to 8 small molecule perturbagens. Dataset 2 of 15: End-point cell counts and normalized growth rate inhibition values for all technical replicates of biological replicate 2.	
http://www.lincsproject.org/	LDG-1349	http://lincsportal.ccs.miami.edu/datasets/view/LDG-1349	2017-05-12T00:00:00+00:00		LINCS MCF 10A Common Project: Rolling-time-point sensitivity measures of the MCF 10A breast cell line to 8 small molecule perturbagens. Dataset 3 of 15: End-point cell counts and normalized growth rate inhibition values for all technical replicates of biological replicate 3.	
http://www.lincsproject.org/	LDG-1350	http://lincsportal.ccs.miami.edu/datasets/view/LDG-1350	2017-05-12T00:00:00+00:00		LINCS MCF 10A Common Project: Rolling-time-point sensitivity measures of the MCF 10A breast cell line to 8 small molecule perturbagens. Dataset 4 of 15: End-point mean cell counts and mean normalized growth rate inhibition values for biological replicate 1.	
http://www.lincsproject.org/	LDG-1351	http://lincsportal.ccs.miami.edu/datasets/view/LDG-1351	2017-05-12T00:00:00+00:00		LINCS MCF 10A Common Project: Rolling-time-point sensitivity measures of the MCF 10A breast cell line to 8 small molecule perturbagens. Dataset 5 of 15: End-point mean cell counts and mean normalized growth rate inhibition values for biological replicate 2.	
http://www.lincsproject.org/	LDG-1352	http://lincsportal.ccs.miami.edu/datasets/view/LDG-1352	2017-05-12T00:00:00+00:00		LINCS MCF 10A Common Project: Rolling-time-point sensitivity measures of the MCF 10A breast cell line to 8 small molecule perturbagens. Dataset 6 of 15: End-point mean cell counts and mean normalized growth rate inhibition values for biological replicate 3.	
http://www.lincsproject.org/	LDG-1353	http://lincsportal.ccs.miami.edu/datasets/view/LDG-1353	2017-05-12T00:00:00+00:00		LINCS MCF 10A Common Project: Rolling-time-point sensitivity measures of the MCF 10A breast cell line to 8 small molecule perturbagens. Dataset 7 of 15: End-point dose-response metrics for biological replicate 1.	
http://www.lincsproject.org/	LDG-1354	http://lincsportal.ccs.miami.edu/datasets/view/LDG-1354	2017-05-12T00:00:00+00:00		LINCS MCF 10A Common Project: Rolling-time-point sensitivity measures of the MCF 10A breast cell line to 8 small molecule perturbagens. Dataset 8 of 15: End-point dose-response metrics for biological replicate 2.	
http://www.lincsproject.org/	LDG-1355	http://lincsportal.ccs.miami.edu/datasets/view/LDG-1355	2017-05-12T00:00:00+00:00		LINCS MCF 10A Common Project: Rolling-time-point sensitivity measures of the MCF 10A breast cell line to 8 small molecule perturbagens. Dataset 9 of 15: End-point dose-response metrics for biological replicate 3.	
http://www.lincsproject.org/	LDG-1265	http://lincsportal.ccs.miami.edu/datasets/view/LDG-1265	2016-04-01T00:00:00+00:00		LINCS Pilot Phase Joint Project: Sensitivity measures of six breast cancer cell lines to a library of small molecule kinase inhibitors (drug combination treatments). Dataset 1 of 2: Cell count and normalized growth rate inhibition values.	-
http://www.lincsproject.org/	LDG-1266	http://lincsportal.ccs.miami.edu/datasets/view/LDG-1266	2016-04-01T00:00:00+00:00		LINCS Pilot Phase Joint Project: Sensitivity measures of six breast cancer cell lines to a library of small molecule kinase inhibitors (drug combination treatments). Dataset 2 of 2: Mean cell count and mean normalized growth rate inhibition values across technical replicates.	-
http://www.lincsproject.org/	LDG-1220	http://lincsportal.ccs.miami.edu/datasets/view/LDG-1220	2015-08-25T00:00:00+00:00		LINCS Pilot Phase Joint Project: Sensitivity measures of six breast cancer cell lines to a library of small molecule kinase inhibitors (single drug treatments). Dataset 1 of 15: Cell count and relative growth within biological replicate 1.	-
http://www.lincsproject.org/	LDG-1243	http://lincsportal.ccs.miami.edu/datasets/view/LDG-1243	2015-12-18T00:00:00+00:00		LINCS Pilot Phase Joint Project: Sensitivity measures of six breast cancer cell lines to a library of small molecule kinase inhibitors (single drug treatments). Dataset 10 of 15: Cell count and normalized growth rate inhibition values within biological replicate 3.	-
http://www.lincsproject.org/	LDG-1244	http://lincsportal.ccs.miami.edu/datasets/view/LDG-1244	2015-12-18T00:00:00+00:00		LINCS Pilot Phase Joint Project: Sensitivity measures of six breast cancer cell lines to a library of small molecule kinase inhibitors (single drug treatments). Dataset 11 of 15: Mean cell count and mean normalized growth rate inhibition values across biological replicate 1.	-
http://www.lincsproject.org/	LDG-1245	http://lincsportal.ccs.miami.edu/datasets/view/LDG-1245	2015-12-18T00:00:00+00:00		LINCS Pilot Phase Joint Project: Sensitivity measures of six breast cancer cell lines to a library of small molecule kinase inhibitors (single drug treatments). Dataset 12 of 15: Mean cell count and mean normalized growth rate inhibition values across biological replicate 2.	-
http://www.lincsproject.org/	LDG-1246	http://lincsportal.ccs.miami.edu/datasets/view/LDG-1246	2015-12-18T00:00:00+00:00		LINCS Pilot Phase Joint Project: Sensitivity measures of six breast cancer cell lines to a library of small molecule kinase inhibitors (single drug treatments). Dataset 13 of 15: Mean cell count and mean normalized growth rate inhibition values across biological replicate 3.	-
http://www.lincsproject.org/	LDG-1247	http://lincsportal.ccs.miami.edu/datasets/view/LDG-1247	2015-12-18T00:00:00+00:00		LINCS Pilot Phase Joint Project: Sensitivity measures of six breast cancer cell lines to a library of small molecule kinase inhibitors (single drug treatments). Dataset 14 of 15: Mean cell count and mean normalized growth rate inhibition values across all replicates.	-
http://www.lincsproject.org/	LDG-1248	http://lincsportal.ccs.miami.edu/datasets/view/LDG-1248	2015-12-18T00:00:00+00:00		LINCS Pilot Phase Joint Project: Sensitivity measures of six breast cancer cell lines to a library of small molecule kinase inhibitors (single drug treatments). Dataset 15 of 15: Calculated dose-response metrics.	-
http://www.lincsproject.org/	LDG-1221	http://lincsportal.ccs.miami.edu/datasets/view/LDG-1221	2015-08-25T00:00:00+00:00		LINCS Pilot Phase Joint Project: Sensitivity measures of six breast cancer cell lines to a library of small molecule kinase inhibitors (single drug treatments). Dataset 2 of 15: Cell count and relative growth within biological replicate 2.	-
http://www.lincsproject.org/	LDG-1222	http://lincsportal.ccs.miami.edu/datasets/view/LDG-1222	2015-08-25T00:00:00+00:00		LINCS Pilot Phase Joint Project: Sensitivity measures of six breast cancer cell lines to a library of small molecule kinase inhibitors (single drug treatments). Dataset 3 of 15: Cell count and relative growth within biological replicate 3.	-
http://www.lincsproject.org/	LDG-1223	http://lincsportal.ccs.miami.edu/datasets/view/LDG-1223	2015-08-25T00:00:00+00:00		LINCS Pilot Phase Joint Project: Sensitivity measures of six breast cancer cell lines to a library of small molecule kinase inhibitors (single drug treatments). Dataset 4 of 15: Mean cell count and mean growth rate across biological replicate 1.	-
http://www.lincsproject.org/	LDG-1224	http://lincsportal.ccs.miami.edu/datasets/view/LDG-1224	2015-08-25T00:00:00+00:00		LINCS Pilot Phase Joint Project: Sensitivity measures of six breast cancer cell lines to a library of small molecule kinase inhibitors (single drug treatments). Dataset 5 of 15: Mean cell count and mean growth rate across biological replicate 2.	-
http://www.lincsproject.org/	LDG-1225	http://lincsportal.ccs.miami.edu/datasets/view/LDG-1225	2015-08-25T00:00:00+00:00		LINCS Pilot Phase Joint Project: Sensitivity measures of six breast cancer cell lines to a library of small molecule kinase inhibitors (single drug treatments). Dataset 6 of 15: Mean cell count and mean growth rate across biological replicate 3.	-
http://www.lincsproject.org/	LDG-1226	http://lincsportal.ccs.miami.edu/datasets/view/LDG-1226	2015-08-25T00:00:00+00:00		LINCS Pilot Phase Joint Project: Sensitivity measures of six breast cancer cell lines to a library of small molecule kinase inhibitors (single drug treatments). Dataset 7 of 15: Mean cell count and mean growth rate across all replicates.	-
http://www.lincsproject.org/	LDG-1241	http://lincsportal.ccs.miami.edu/datasets/view/LDG-1241	2015-12-18T00:00:00+00:00		LINCS Pilot Phase Joint Project: Sensitivity measures of six breast cancer cell lines to a library of small molecule kinase inhibitors (single drug treatments). Dataset 8 of 15: Cell count and normalized growth rate inhibition values within biological replicate 1.	-
http://www.lincsproject.org/	LDG-1242	http://lincsportal.ccs.miami.edu/datasets/view/LDG-1242	2015-12-18T00:00:00+00:00		LINCS Pilot Phase Joint Project: Sensitivity measures of six breast cancer cell lines to a library of small molecule kinase inhibitors (single drug treatments). Dataset 9 of 15: Cell count and normalized growth rate inhibition values within biological replicate 2.	-
http://www.lincsproject.org/	LDG-1137	http://lincsportal.ccs.miami.edu/datasets/view/LDG-1137	2013-10-16T00:00:00+00:00		LY-317615 KINOMEscan	-
http://www.lincsproject.org/	LDG-1090	http://lincsportal.ccs.miami.edu/datasets/view/LDG-1090	2013-02-08T00:00:00+00:00		Lapatinib KINOMEscan	For the panel of kinases, the percent of kinase bound by ligand is measured in the presence of Lapatinib at 10 uM of concentration.
http://www.lincsproject.org/	LDG-1133	http://lincsportal.ccs.miami.edu/datasets/view/LDG-1133	2013-10-16T00:00:00+00:00		Lapatinib KINOMEscan-2	-
http://www.lincsproject.org/	LDG-1216	http://lincsportal.ccs.miami.edu/datasets/view/LDG-1216	2015-07-02T00:00:00+00:00		Live-cell imaging of cell-to-cell variability in caspase-8 FRET reporter activity and cell fate trajectory modeling	-
http://www.lincsproject.org/	LDG-1375	http://lincsportal.ccs.miami.edu/datasets/view/LDG-1375	2016-11-10T00:00:00+00:00		MEMA AU565 Staining Set 100 (DMSO control)	AU565 cells were grown in media with DMSO as a control in 8 well MEMA for 72h and then fixed using 2% paraformaldehyde. Cells were stained with DAPI (nuclei), KRT5(Basal lineage), KRT19 (luminal lineage) and EdU (S phase activity). The cells were imaged on a Nikon HCA microscopy system, segmented with Cell Profiler, normalized using RUV and lowess using the spatial residuals as controls, and analyzed to identify microenvironment conditions that altered phenotypes of interest.\r\n
http://www.lincsproject.org/	LDG-1376	http://lincsportal.ccs.miami.edu/datasets/view/LDG-1376	2016-11-10T00:00:00+00:00		MEMA AU565 Staining Set 100 (Lapatinib treatment)	AU565 cells were grown in media with Lapatinib in 8 well MEMA for 72h and then fixed using 2% paraformaldehyde. Cells were stained with DAPI (nuclei), KRT5(Basal lineage), KRT19 (luminal lineage) and EdU (S phase activity). The cells were imaged on a Nikon HCA microscopy system, segmented with Cell Profiler, normalized using RUV and lowess using the spatial residuals as controls, and analyzed to identify microenvironment conditions that altered phenotypes of interest.\r\n
http://www.lincsproject.org/	LDG-1377	http://lincsportal.ccs.miami.edu/datasets/view/LDG-1377	2016-11-10T00:00:00+00:00		MEMA HCC1954 Staining Set 100 (DMSO control)	HCC1954 cells were grown in media with DMSO as a control in 8 well MEMA for 72h and then fixed using 2% paraformaldehyde. Cells were stained with DAPI (nuclei), KRT5(Basal lineage), KRT19 (luminal lineage) and EdU (S phase activity). The cells were imaged on a Nikon HCA microscopy system, segmented with Cell Profiler, normalized using RUV and lowess using the spatial residuals as controls, and analyzed to identify microenvironment conditions that altered phenotypes of interest.\r\n
http://www.lincsproject.org/	LDG-1378	http://lincsportal.ccs.miami.edu/datasets/view/LDG-1378	2016-11-10T00:00:00+00:00		MEMA HCC1954 Staining Set 100 (Lapatinib treatment)	HCC1954 cells were grown in media with Lapatinib in 8 well MEMA for 72h and then fixed using 2% paraformaldehyde. Cells were stained with DAPI (nuclei), KRT5(Basal lineage), KRT19 (luminal lineage) and EdU (S phase activity). The cells were imaged on a Nikon HCA microscopy system, segmented with Cell Profiler, normalized using RUV and lowess using the spatial residuals as controls, and analyzed to identify microenvironment conditions that altered phenotypes of interest.\r\n
http://www.lincsproject.org/	LDG-1364	http://lincsportal.ccs.miami.edu/datasets/view/LDG-1364	2016-11-10T00:00:00+00:00		MEMA HMEC122L Staining Set 1	HMEC122L cells were grown in standard 8 well MEMA for 72h and then fixed using 2% paraformaldehyde. Cells were stained with DAPI (nuclei), phalloidin (actin), CellMask (cytoplasm) and MitoTracker (metabolic activity). The cells were imaged on a Nikon HCA microscopy system, segmented with Cell Profiler, normalized using RUV and lowess using the spatial residuals as controls, and analyzed to identify microenvironment conditions that altered phenotypes of interest.
http://www.lincsproject.org/	LDG-1365	http://lincsportal.ccs.miami.edu/datasets/view/LDG-1365	2016-11-10T00:00:00+00:00		MEMA HMEC122L Staining Set 4	HMEC122L cells were grown in standard 8 well MEMA for 72h and then fixed using 2% paraformaldehyde. Cells were stained with DAPI (nuclei), KRT5(basal lineage), KRT19(luminal lineage) and EdU(Active S phase). The cells were imaged on a Nikon HCA microscopy system, segmented with Cell Profiler, normalized using RUV and lowess using the spatial residuals as controls, and analyzed to identify microenvironment conditions that altered phenotypes of interest.
http://www.lincsproject.org/	LDG-1374	http://lincsportal.ccs.miami.edu/datasets/view/LDG-1374	2016-11-10T00:00:00+00:00		MEMA HMEC122L Staining Set C	
http://www.lincsproject.org/	LDG-1366	http://lincsportal.ccs.miami.edu/datasets/view/LDG-1366	2016-11-10T00:00:00+00:00		MEMA HMEC240L Staining Set 1	HMEC240L cells were grown in standard 8 well MEMA for 72h and then fixed using 2% paraformaldehyde. Cells were stained with DAPI (nuclei), phalloidin (actin), CellMask (cytoplasm) and MitoTracker (metabolic activity). The cells were imaged on a Nikon HCA microscopy system, segmented with Cell Profiler, normalized using RUV and lowess using the spatial residuals as controls, and analyzed to identify microenvironment conditions that altered phenotypes of interest.
http://www.lincsproject.org/	LDG-1367	http://lincsportal.ccs.miami.edu/datasets/view/LDG-1367	2016-11-10T00:00:00+00:00		MEMA HMEC240L Staining Set 4	HMEC240L cells were grown in standard 8 well MEMA for 72h and then fixed using 2% paraformaldehyde. Cells were stained with DAPI (nuclei), KRT5(basal lineage), KRT19(luminal lineage) and EdU(Active S phase). The cells were imaged on a Nikon HCA microscopy system, segmented with Cell Profiler, normalized using RUV and lowess using the spatial residuals as controls, and analyzed to identify microenvironment conditions that altered phenotypes of interest.
http://www.lincsproject.org/	LDG-1370	http://lincsportal.ccs.miami.edu/datasets/view/LDG-1370	2016-11-10T00:00:00+00:00		MEMA HMEC240L Staining Set C	
http://www.lincsproject.org/	LDG-1368	http://lincsportal.ccs.miami.edu/datasets/view/LDG-1368	2016-11-10T00:00:00+00:00		MEMA MCF10A Staining Set 1	MCF10A cells were grown in standard 8 well MEMA for 72h and then fixed using 2% paraformaldehyde. Cells were stained with DAPI (nuclei), phalloidin (actin), CellMask (cytoplasm) and MitoTracker (metabolic activity). The cells were imaged on a Nikon HCA microscopy system, segmented with Cell Profiler, normalized using RUV and lowess using the spatial residuals as controls, and analyzed to identify microenvironment conditions that altered phenotypes of interest.
http://www.lincsproject.org/	LDG-1371	http://lincsportal.ccs.miami.edu/datasets/view/LDG-1371	2016-11-10T00:00:00+00:00		MEMA MCF10A Staining Set 2 no H3	
http://www.lincsproject.org/	LDG-1369	http://lincsportal.ccs.miami.edu/datasets/view/LDG-1369	2016-11-10T00:00:00+00:00		MEMA MCF10A Staining Set 3	MCF10A cells were grown in standard 8 well MEMA for 72h and then fixed using 2% paraformaldehyde. Cells were stained with DAPI (nuclei), CellMask (cytoplasm) KRT5 (basal lineage) and KRT19 (luminal lineage). The cells were imaged on a Nikon HCA microscopy system, segmented with Cell Profiler, normalized using RUV and lowess using the spatial residuals as controls, and analyzed to identify microenvironment conditions that altered phenotypes of interest.
http://www.lincsproject.org/	LDG-1372	http://lincsportal.ccs.miami.edu/datasets/view/LDG-1372	2016-11-10T00:00:00+00:00		MEMA MCF10A Staining Set C	
http://www.lincsproject.org/	LDG-1373	http://lincsportal.ccs.miami.edu/datasets/view/LDG-1373	2016-11-10T00:00:00+00:00		MEMA MCF10A Staining Set I	
http://www.lincsproject.org/	LDG-1267	http://lincsportal.ccs.miami.edu/datasets/view/LDG-1267	2016-03-09T00:00:00+00:00		MEMA MCF7 Staining Set 1	Cell cycle and nuclear state imaging readouts for MCF7 cells treated with ligand and ECMp combinations to explore the role of microenvironmental signals in cancer growth.
http://www.lincsproject.org/	LDG-1268	http://lincsportal.ccs.miami.edu/datasets/view/LDG-1268	2016-03-09T00:00:00+00:00		MEMA MCF7 Staining Set 2	Cell cycle and nuclear state imaging readouts for MCF7 cells treated with ligand and ECMp combinations to explore the role of microenvironmental signals in cancer growth.
