{
   "profile": "tabular-data-package",
   "name": "table_schema_specs_for_level_1_c2m2_encoding_of_dcc_metadata",
   "title": "A complete list of schematic specifications for the resources (TSV table files) that will be used to represent C2M2 Level 1 DCC metadata prior to ingest into the C2M2 database system",
   "resources": [
      {
         "profile": "tabular-data-resource",
         "name": "file",
         "title": "file",
         "path": "file.tsv",
         "description": "A Level 1 digital asset",
         "schema": {
            "fields": [
               {
                  "name": "id_namespace",
                  "description": "ID of the identifier namespace corresponding to the top-level C2M2 metadataset containing this file",
                  "type": "string",
                  "constraints": {
                     "required": true
                  }
               },
               {
                  "name": "local_id",
                  "description": "An ID representing this file, unique within this id_namespace",
                  "type": "string",
                  "constraints": {
                     "required": true
                  }
               },
               {
                  "name": "project_id_namespace",
                  "description": "ID of the identifier namespace for the primary project within which this file was created",
                  "type": "string",
                  "constraints": {
                     "required": true
                  }
               },
               {
                  "name": "project_local_id",
                  "description": "Foreign key identifying the primary project within which this file was created",
                  "type": "string",
                  "constraints": {
                     "required": true
                  }
               },
               {
                  "name": "persistent_id",
                  "description": "A persistent, resolvable (not nec. retrievable) URI generated by a DCC (using, e.g., our minid server) and attached to this file",
                  "type": "string",
                  "format": "uri"
               },
               {
                  "name": "creation_time",
                  "description": "An ISO 8601 -- RFC 3339 (subset)-compliant timestamp documenting this file's creation time: YYYY-MM-DDTHH:MM:SS±NN:NN",
                  "type": "datetime",
                  "format": "any"
               },
               {
                  "name": "size_in_bytes",
                  "description": "The size of this file in bytes",
                  "type": "integer"
               },
               {
                  "name": "uncompressed_size_in_bytes",
                  "description": "The total decompressed size in bytes of the contents of this file",
                  "type": "integer"
               },
               {
                  "name": "sha256",
                  "description": "The output of the SHA-256 cryptographic hash function after being run on this file: one or both of sha256 and md5 is required; sha256 is preferred",
                  "type": "string",
                  "format": "binary"
               },
               {
                  "name": "md5",
                  "description": "The output of the MD5 message-digest algorithm after being run as a cryptographic hash function on this file: one or both of sha256 and md5 is required; sha256 is preferred",
                  "type": "string",
                  "format": "binary"
               },
               {
                  "name": "filename",
                  "description": "A filename with no prepended PATH information.",
                  "type": "string",
                  "constraints": {
                     "pattern": "^[^\/\\:]+$"
                  }
               },
               {
                  "name": "file_format",
                  "description": "An EDAM CV term ID identifying the digital format of this file (e.g. TSV or FASTQ)",
                  "type": "string",
                  "constraints": {
                     "pattern": "^format:[0-9]+$"
                  }
               },
               {
                  "name": "data_type",
                  "description": "An EDAM CV term ID identifying the type of information stored in this file (e.g. RNA sequence reads)",
                  "type": "string",
                  "constraints": {
                     "pattern": "^data:[0-9]+$"
                  }
               },
               {
                  "name": "assay_type",
                  "description": "An OBI CV term ID describing the type of experiment that generated the results summarized by this file",
                  "type": "string",
                  "constraints": {
                     "pattern": "^OBI:[0-9]+$"
                  }
               },
               {
                  "name": "mime_type",
                  "description": "A MIME type describing this file",
                  "type": "string"
               }
            ],
            "missingValues": [ "" ],
            "primaryKey": [ "id_namespace", "local_id" ],
            "foreignKeys": [
               {
                  "fields": "id_namespace",
                  "reference": {
                     "resource": "id_namespace",
                     "fields": "id"
                  }
               },
               {
                  "fields": [ "project_id_namespace", "project_local_id" ],
                  "reference": {
                     "resource": "project",
                     "fields": [ "id_namespace", "local_id" ]
                  }
               },
               {
                  "fields": "file_format",
                  "reference": {
                     "resource": "file_format",
                     "fields": "id"
                  }
               },
               {
                  "fields": "data_type",
                  "reference": {
                     "resource": "data_type",
                     "fields": "id"
                  }
               },
               {
                  "fields": "assay_type",
                  "reference": {
                     "resource": "assay_type",
                     "fields": "id"
                  }
               }
            ]
         }
      },
      {
         "profile": "tabular-data-resource",
         "name": "biosample",
         "title": "biosample",
         "path": "biosample.tsv",
         "description": "A Level 1 tissue sample or other physical specimen",
         "schema": {
            "fields": [
               {
                  "name": "id_namespace",
                  "description": "ID of the identifier namespace corresponding to the top-level C2M2 metadataset containing this biosample",
                  "type": "string",
                  "constraints": {
                     "required": true
                  }
               },
               {
                  "name": "local_id",
                  "description": "An ID representing this biosample, unique within this id_namespace",
                  "type": "string",
                  "constraints": {
                     "required": true
                  }
               },
               {
                  "name": "project_id_namespace",
                  "description": "ID of the identifier namespace for the primary project within which this biosample was created",
                  "type": "string",
                  "constraints": {
                     "required": true
                  }
               },
               {
                  "name": "project_local_id",
                  "description": "Foreign key identifying the primary project within which this biosample was created",
                  "type": "string",
                  "constraints": {
                     "required": true
                  }
               },
               {
                  "name": "persistent_id",
                  "description": "A persistent, resolvable (not nec. retrievable) URI generated by a DCC and attached to this biosample",
                  "type": "string",
                  "format": "uri"
               },
               {
                  "name": "creation_time",
                  "description": "An ISO 8601 -- RFC 3339 (subset)-compliant timestamp documenting this biosample's creation time: YYYY-MM-DDTHH:MM:SS±NN:NN",
                  "type": "datetime",
                  "format": "any"
               },
               {
                  "name": "anatomy",
                  "description": "An UBERON CV term ID used to locate the origin of this biosample within the physiology of its source or host organism",
                  "type": "string",
                  "constraints": {
                     "pattern": "^UBERON:[0-9]+$"
                  }
               }
            ],
            "missingValues": [ "" ],
            "primaryKey": [ "id_namespace", "local_id" ],
            "foreignKeys": [
               {
                  "fields": "id_namespace",
                  "reference": {
                     "resource": "id_namespace",
                     "fields": "id"
                  }
               },
               {
                  "fields": [ "project_id_namespace", "project_local_id" ],
                  "reference": {
                     "resource": "project",
                     "fields": [ "id_namespace", "local_id" ]
                  }
               },
               {
                  "fields": "anatomy",
                  "reference": {
                     "resource": "anatomy",
                     "fields": "id"
                  }
               }
            ]
         }
      },
      {
         "profile": "tabular-data-resource",
         "name": "subject",
         "title": "subject",
         "path": "subject.tsv",
         "description": "A biological entity from which a Level 1 biosample can be generated",
         "schema": {
            "fields": [
               {
                  "name": "id_namespace",
                  "description": "ID of the identifier namespace corresponding to the top-level C2M2 metadataset containing this subject",
                  "type": "string",
                  "constraints": {
                     "required": true
                  }
               },
               {
                  "name": "local_id",
                  "description": "An ID representing this subject, unique within this id_namespace",
                  "type": "string",
                  "constraints": {
                     "required": true
                  }
               },
               {
                  "name": "project_id_namespace",
                  "description": "ID of the identifier namespace for the primary project within which this subject was observed",
                  "type": "string",
                  "constraints": {
                     "required": true
                  }
               },
               {
                  "name": "project_local_id",
                  "description": "Foreign key identifying the primary project within which this subject was observed",
                  "type": "string",
                  "constraints": {
                     "required": true
                  }
               },
               {
                  "name": "persistent_id",
                  "description": "A persistent, resolvable (not nec. retrievable) URI generated by a DCC and attached to this subject",
                  "type": "string",
                  "format": "uri"
               },
               {
                  "name": "creation_time",
                  "description": "An ISO 8601 -- RFC 3339 (subset)-compliant timestamp documenting this subject record's creation time: YYYY-MM-DDTHH:MM:SS±NN:NN",
                  "type": "datetime",
                  "format": "any"
               },
               {
                  "name": "granularity",
                  "description": "A CFDE CV term categorizing this subject by multiplicity",
                  "type": "string",
                  "enum": [
                     "cfde_subject_granularity:0",
                     "cfde_subject_granularity:1",
                     "cfde_subject_granularity:2",
                     "cfde_subject_granularity:3",
                     "cfde_subject_granularity:4",
                     "cfde_subject_granularity:5"
                  ],
                  "constraints": {
                     "required": true
                  }
               }
            ],
            "missingValues": [ "" ],
            "primaryKey": [ "id_namespace", "local_id" ],
            "foreignKeys": [
               {
                  "fields": "id_namespace",
                  "reference": {
                     "resource": "id_namespace",
                     "fields": "id"
                  }
               },
               {
                  "fields": [ "project_id_namespace", "project_local_id" ],
                  "reference": {
                     "resource": "project",
                     "fields": [ "id_namespace", "local_id" ]
                  }
               }
            ]
         }
      },
      {
         "profile": "tabular-data-resource",
         "name": "primary_dcc_contact",
         "title": "primary_dcc_contact",
         "path": "primary_dcc_contact.tsv",
         "description": "One primary contact person for the Common Fund data coordinating center (DCC) that produced the top-level C2M2 metadataset identified by the given project foreign key",
         "schema": {
            "fields": [
               {
                  "name": "contact_email",
                  "description": "Email address of this DCC contact",
                  "type": "string",
                  "format": "email",
                  "constraints": {
                     "required": true
                  }
               },
               {
                  "name": "contact_name",
                  "description": "Name of this DCC contact",
                  "type": "string",
                  "constraints": {
                     "required": true
                  }
               },
               {
                  "name": "project_id_namespace",
                  "description": "ID of the identifier namespace for the project record representing the top-level C2M2 metadataset produced by this contact's DCC",
                  "type": "string",
                  "constraints": {
                     "required": true
                  }
               },
               {
                  "name": "project_local_id",
                  "description": "Foreign key identifying the project record representing the top-level C2M2 metadataset produced by this contact's DCC",
                  "type": "string",
                  "constraints": {
                     "required": true
                  }
               },
               {
                  "name": "dcc_abbreviation",
                  "description": "A very short display label for this contact's DCC",
                  "type": "string",
                  "constraints": {
                     "pattern": "^[a-zA-Z0-9_]+$"
                  }
               },
               {
                  "name": "dcc_name",
                  "description": "A short, human-readable, machine-read-friendly label for this contact's DCC",
                  "type": "string",
                  "constraints": {
                     "required": true
                  }
               },
               {
                  "name": "dcc_description",
                  "description": "A human-readable description of this contact's DCC",
                  "type": "string"
               },
               {
                  "name": "dcc_url",
                  "description": "URL of the front page of the website for this contact's DCC",
                  "type": "string",
                  "format": "uri",
                  "constraints": {
                     "required": true
                  }
               }
            ],
            "missingValues": [ "" ],
            "primaryKey": [ "contact_email" ],
            "foreignKeys": [
               {
                  "fields": [ "project_id_namespace", "project_local_id" ],
                  "reference": {
                     "resource": "project",
                     "fields": [ "id_namespace", "local_id" ]
                  }
               }
            ]
         }
      },
      {
         "profile": "tabular-data-resource",
         "name": "project",
         "title": "project",
         "path": "project.tsv",
         "description": "A node in the Level 1 project hierarchy subdividing this id_namespace",
         "schema": {
            "fields": [
               {
                  "name": "id_namespace",
                  "description": "ID of the identifier namespace corresponding to the top-level C2M2 metadataset containing this project",
                  "type": "string",
                  "constraints": {
                     "required": true
                  }
               },
               {
                  "name": "local_id",
                  "description": "An ID representing this project, unique within this id_namespace",
                  "type": "string",
                  "constraints": {
                     "required": true,
                     "unique": true
                  }
               },
               {
                  "name": "persistent_id",
                  "description": "A persistent, resolvable (not nec. retrievable) URI generated by a DCC and attached to this project",
                  "type": "string",
                  "format": "uri"
               },
               {
                  "name": "creation_time",
                  "description": "An ISO 8601 -- RFC 3339 (subset)-compliant timestamp documenting this project's creation time: YYYY-MM-DDTHH:MM:SS±NN:NN",
                  "type": "datetime",
                  "format": "any"
               },
               {
                  "name": "abbreviation",
                  "description": "A very short display label for this project",
                  "type": "string",
                  "constraints": {
                     "pattern": "^[a-zA-Z0-9_]+$"
                  }
               },
               {
                  "name": "name",
                  "description": "A short, human-readable, machine-read-friendly label for this project",
                  "type": "string"
               },
               {
                  "name": "description",
                  "description": "A human-readable description of this project",
                  "type": "string"
               }
            ],
            "missingValues": [ "" ],
            "primaryKey": [ "id_namespace", "local_id" ],
            "foreignKeys": [
               {
                  "fields": "id_namespace",
                  "reference": {
                     "resource": "id_namespace",
                     "fields": "id"
                  }
               }
            ]
         }
      },
      {
         "profile": "tabular-data-resource",
         "name": "project_in_project",
         "title": "project_in_project",
         "path": "project_in_project.tsv",
         "description": "Association between a child project and its parent",
         "schema": {
            "fields": [
               {
                  "name": "parent_project_id_namespace",
                  "description": "ID of the identifier namespace for the parent in this parent-child project pair",
                  "type": "string",
                  "constraints": {
                     "required": true
                  }
               },
               {
                  "name": "parent_project_local_id",
                  "description": "The ID of the containing (parent) project",
                  "type": "string",
                  "constraints": {
                     "required": true
                  }
               },
               {
                  "name": "child_project_id_namespace",
                  "description": "ID of the identifier namespace for the child in this parent-child project pair",
                  "type": "string",
                  "constraints": {
                     "required": true
                  }
               },
               {
                  "name": "child_project_local_id",
                  "description": "The ID of the contained (child) project",
                  "type": "string",
                  "constraints": {
                     "required": true
                  }
               }
            ],
            "primaryKey": [
               "parent_project_id_namespace",
               "parent_project_local_id",
               "child_project_id_namespace",
               "child_project_local_id"
            ],
            "foreignKeys": [
               {
                  "fields": [ "parent_project_id_namespace", "parent_project_local_id" ],
                  "reference": {
                     "resource": "project",
                     "fields": [ "id_namespace", "local_id" ]
                  }
               },
               {
                  "fields": [ "child_project_id_namespace", "child_project_local_id" ],
                  "reference": {
                     "resource": "project",
                     "fields": [ "id_namespace", "local_id" ]
                  }
               }
            ]
         }
      },
      {
         "profile": "tabular-data-resource",
         "name": "collection",
         "title": "collection",
         "path": "collection.tsv",
         "description": "A grouping of Level 1 files, biosamples and/or subjects",
         "schema": {
            "fields": [
               {
                  "name": "id_namespace",
                  "description": "ID of the identifier namespace corresponding to the top-level C2M2 metadataset containing this collection",
                  "type": "string",
                  "constraints": {
                     "required": true
                  }
               },
               {
                  "name": "local_id",
                  "description": "An ID representing this collection, unique within this id_namespace",
                  "type": "string",
                  "constraints": {
                     "required": true,
                     "unique": true
                  }
               },
               {
                  "name": "persistent_id",
                  "description": "A persistent, resolvable (not nec. retrievable) URI generated by a DCC and attached to this collection",
                  "type": "string",
                  "format": "uri"
               },
               {
                  "name": "creation_time",
                  "description": "An ISO 8601 -- RFC 3339 (subset)-compliant timestamp documenting this collection's creation time: YYYY-MM-DDTHH:MM:SS±NN:NN",
                  "type": "datetime",
                  "format": "any"
               },
               {
                  "name": "abbreviation",
                  "description": "A very short display label for this collection",
                  "type": "string",
                  "constraints": {
                     "pattern": "^[a-zA-Z0-9_]+$"
                  }
               },
               {
                  "name": "name",
                  "description": "A short, human-readable, machine-read-friendly label for this collection",
                  "type": "string"
               },
               {
                  "name": "description",
                  "description": "A human-readable description of this collection",
                  "type": "string"
               }
            ],
            "missingValues": [ "" ],
            "primaryKey": [ "id_namespace", "local_id" ],
            "foreignKeys": [
               {
                  "fields": "id_namespace",
                  "reference": {
                     "resource": "id_namespace",
                     "fields": "id"
                  }
               }
            ]
         }
      },
      {
         "profile": "tabular-data-resource",
         "name": "collection_in_collection",
         "title": "collection_in_collection",
         "path": "collection_in_collection.tsv",
         "description": "Association between a containing collection (superset) and a contained collection (subset)",
         "schema": {
            "fields": [
               {
                  "name": "superset_collection_id_namespace",
                  "description": "ID of the identifier namespace corresponding to the top-level C2M2 metadataset containing the superset collection",
                  "type": "string",
                  "constraints": {
                     "required": true
                  }
               },
               {
                  "name": "superset_collection_local_id",
                  "description": "The ID of the superset collection",
                  "type": "string",
                  "constraints": {
                     "required": true
                  }
               },
               {
                  "name": "subset_collection_id_namespace",
                  "description": "ID of the identifier namespace corresponding to the top-level C2M2 metadataset containing the subset collection",
                  "type": "string",
                  "constraints": {
                     "required": true
                  }
               },
               {
                  "name": "subset_collection_local_id",
                  "description": "The ID of the subset collection",
                  "type": "string",
                  "constraints": {
                     "required": true
                  }
               }
            ],
            "primaryKey": [
               "superset_collection_id_namespace",
               "superset_collection_local_id",
               "subset_collection_id_namespace",
               "subset_collection_local_id"
            ],
            "foreignKeys": [
               {
                  "fields": [ "superset_collection_id_namespace", "superset_collection_local_id" ],
                  "reference": {
                     "resource": "collection",
                     "fields": [ "id_namespace", "local_id" ]
                  }
               },
               {
                  "fields": [ "subset_collection_id_namespace", "subset_collection_local_id" ],
                  "reference": {
                     "resource": "collection",
                     "fields": [ "id_namespace", "local_id" ]
                  }
               }
            ]
         }
      },
      {
         "profile": "tabular-data-resource",
         "name": "collection_defined_by_project",
         "title": "collection_defined_by_project",
         "path": "collection_defined_by_project.tsv",
         "description": "(Shallow) association between a collection and a project that defined it",
         "schema": {
            "fields": [
               {
                  "name": "collection_id_namespace",
                  "description": "ID of the identifier namespace corresponding to the top-level C2M2 metadataset containing this collection",
                  "type": "string",
                  "constraints": {
                     "required": true
                  }
               },
               {
                  "name": "collection_local_id",
                  "description": "The ID of this collection",
                  "type": "string",
                  "constraints": {
                     "required": true
                  }
               },
               {
                  "name": "project_id_namespace",
                  "description": "ID of the identifier namespace corresponding to the top-level C2M2 metadataset containing this project",
                  "type": "string",
                  "constraints": {
                     "required": true
                  }
               },
               {
                  "name": "project_local_id",
                  "description": "The ID of this project",
                  "type": "string",
                  "constraints": {
                     "required": true
                  }
               }
            ],
            "primaryKey": [
               "collection_id_namespace",
               "collection_local_id",
               "project_id_namespace",
               "project_local_id"
            ],
            "foreignKeys": [
               {
                  "fields": [ "collection_id_namespace", "collection_local_id" ],
                  "reference": {
                     "resource": "collection",
                     "fields": [ "id_namespace", "local_id" ]
                  }
               },
               {
                  "fields": [ "project_id_namespace", "project_local_id" ],
                  "reference": {
                     "resource": "project",
                     "fields": [ "id_namespace", "local_id" ]
                  }
               }
            ]
         }
      },
      {
         "profile": "tabular-data-resource",
         "name": "file_in_collection",
         "title": "file_in_collection",
         "path": "file_in_collection.tsv",
         "description": "Association between a file and a (containing) collection",
         "schema": {
            "fields": [
               {
                  "name": "file_id_namespace",
                  "description": "Identifier namespace for this file",
                  "type": "string",
                  "constraints": {
                     "required": true
                  }
               },
               {
                  "name": "file_local_id",
                  "description": "The ID of this file",
                  "type": "string",
                  "constraints": {
                     "required": true
                  }
               },
               {
                  "name": "collection_id_namespace",
                  "description": "Identifier namespace for this collection",
                  "type": "string",
                  "constraints": {
                     "required": true
                  }
               },
               {
                  "name": "collection_local_id",
                  "description": "The ID of this collection",
                  "type": "string",
                  "constraints": {
                     "required": true
                  }
               }
            ],
            "primaryKey": [
               "file_id_namespace",
               "file_local_id",
               "collection_id_namespace",
               "collection_local_id"
            ],
            "foreignKeys": [
               {
                  "fields": [ "file_id_namespace", "file_local_id" ],
                  "reference": {
                     "resource": "file",
                     "fields": [ "id_namespace", "local_id" ]
                  }
               },
               {
                  "fields": [ "collection_id_namespace", "collection_local_id" ],
                  "reference": {
                     "resource": "collection",
                     "fields": [ "id_namespace", "local_id" ]
                  }
               }
            ]
         }
      },
      {
         "profile": "tabular-data-resource",
         "name": "biosample_in_collection",
         "title": "biosample_in_collection",
         "path": "biosample_in_collection.tsv",
         "description": "Association between a biosample and a (containing) collection",
         "schema": {
            "fields": [
               {
                  "name": "biosample_id_namespace",
                  "description": "Identifier namespace for this biosample",
                  "type": "string",
                  "constraints": {
                     "required": true
                  }
               },
               {
                  "name": "biosample_local_id",
                  "description": "The ID of this biosample",
                  "type": "string",
                  "constraints": {
                     "required": true
                  }
               },
               {
                  "name": "collection_id_namespace",
                  "description": "Identifier namespace for this collection",
                  "type": "string",
                  "constraints": {
                     "required": true
                  }
               },
               {
                  "name": "collection_local_id",
                  "description": "The ID of this collection",
                  "type": "string",
                  "constraints": {
                     "required": true
                  }
               }
            ],
            "primaryKey": [
               "biosample_id_namespace",
               "biosample_local_id",
               "collection_id_namespace",
               "collection_local_id"
            ],
            "foreignKeys": [
               {
                  "fields": [ "biosample_id_namespace", "biosample_local_id" ],
                  "reference": {
                     "resource": "biosample",
                     "fields": [ "id_namespace", "local_id" ]
                  }
               },
               {
                  "fields": [ "collection_id_namespace", "collection_local_id" ],
                  "reference": {
                     "resource": "collection",
                     "fields": [ "id_namespace", "local_id" ]
                  }
               }
            ]
         }
      },
      {
         "profile": "tabular-data-resource",
         "name": "subject_in_collection",
         "title": "subject_in_collection",
         "path": "subject_in_collection.tsv",
         "description": "Association between a subject and a (containing) collection",
         "schema": {
            "fields": [
               {
                  "name": "subject_id_namespace",
                  "description": "Identifier namespace for this subject",
                  "type": "string",
                  "constraints": {
                     "required": true
                  }
               },
               {
                  "name": "subject_local_id",
                  "description": "The ID of this subject",
                  "type": "string",
                  "constraints": {
                     "required": true
                  }
               },
               {
                  "name": "collection_id_namespace",
                  "description": "Identifier namespace for this collection",
                  "type": "string",
                  "constraints": {
                     "required": true
                  }
               },
               {
                  "name": "collection_local_id",
                  "description": "The ID of this collection",
                  "type": "string",
                  "constraints": {
                     "required": true
                  }
               }
            ],
            "primaryKey": [
               "subject_id_namespace",
               "subject_local_id",
               "collection_id_namespace",
               "collection_local_id"
            ],
            "foreignKeys": [
               {
                  "fields": [ "subject_id_namespace", "subject_local_id" ],
                  "reference": {
                     "resource": "subject",
                     "fields": [ "id_namespace", "local_id" ]
                  }
               },
               {
                  "fields": [ "collection_id_namespace", "collection_local_id" ],
                  "reference": {
                     "resource": "collection",
                     "fields": [ "id_namespace", "local_id" ]
                  }
               }
            ]
         }
      },
      {
         "profile": "tabular-data-resource",
         "name": "file_describes_biosample",
         "title": "file_describes_biosample",
         "path": "file_describes_biosample.tsv",
         "description": "Association between a biosample and a file containing information about that biosample",
         "schema": {
            "fields": [
               {
                  "name": "file_id_namespace",
                  "description": "Identifier namespace for this file",
                  "type": "string",
                  "constraints": {
                     "required": true
                  }
               },
               {
                  "name": "file_local_id",
                  "description": "The ID of this file",
                  "type": "string",
                  "constraints": {
                     "required": true
                  }
               },
               {
                  "name": "biosample_id_namespace",
                  "description": "Identifier namespace for this biosample",
                  "type": "string",
                  "constraints": {
                     "required": true
                  }
               },
               {
                  "name": "biosample_local_id",
                  "description": "The ID of this biosample",
                  "type": "string",
                  "constraints": {
                     "required": true
                  }
               }
            ],
            "primaryKey": [
               "file_id_namespace",
               "file_local_id",
               "biosample_id_namespace",
               "biosample_local_id"
            ],
            "foreignKeys": [
               {
                  "fields": [ "file_id_namespace", "file_local_id" ],
                  "reference": {
                     "resource": "file",
                     "fields": [ "id_namespace", "local_id" ]
                  }
               },
               {
                  "fields": [ "biosample_id_namespace", "biosample_local_id" ],
                  "reference": {
                     "resource": "biosample",
                     "fields": [ "id_namespace", "local_id" ]
                  }
               }
            ]
         }
      },
      {
         "profile": "tabular-data-resource",
         "name": "file_describes_subject",
         "title": "file_describes_subject",
         "path": "file_describes_subject.tsv",
         "description": "Association between a subject and a file containing information about that subject",
         "schema": {
            "fields": [
               {
                  "name": "file_id_namespace",
                  "description": "Identifier namespace for this file",
                  "type": "string",
                  "constraints": {
                     "required": true
                  }
               },
               {
                  "name": "file_local_id",
                  "description": "The ID of this file",
                  "type": "string",
                  "constraints": {
                     "required": true
                  }
               },
               {
                  "name": "subject_id_namespace",
                  "description": "Identifier namespace for this subject",
                  "type": "string",
                  "constraints": {
                     "required": true
                  }
               },
               {
                  "name": "subject_local_id",
                  "description": "The ID of this subject",
                  "type": "string",
                  "constraints": {
                     "required": true
                  }
               }
            ],
            "primaryKey": [
               "file_id_namespace",
               "file_local_id",
               "subject_id_namespace",
               "subject_local_id"
            ],
            "foreignKeys": [
               {
                  "fields": [ "file_id_namespace", "file_local_id" ],
                  "reference": {
                     "resource": "file",
                     "fields": [ "id_namespace", "local_id" ]
                  }
               },
               {
                  "fields": [ "subject_id_namespace", "subject_local_id" ],
                  "reference": {
                     "resource": "subject",
                     "fields": [ "id_namespace", "local_id" ]
                  }
               }
            ]
         }
      },
      {
         "profile": "tabular-data-resource",
         "name": "biosample_from_subject",
         "title": "biosample_from_subject",
         "path": "biosample_from_subject.tsv",
         "description": "Association between a biosample and its source subject",
         "schema": {
            "fields": [
               {
                  "name": "biosample_id_namespace",
                  "description": "Identifier namespace for this biosample",
                  "type": "string",
                  "constraints": {
                     "required": true
                  }
               },
               {
                  "name": "biosample_local_id",
                  "description": "The ID of this biosample",
                  "type": "string",
                  "constraints": {
                     "required": true
                  }
               },
               {
                  "name": "subject_id_namespace",
                  "description": "Identifier namespace for this subject",
                  "type": "string",
                  "constraints": {
                     "required": true
                  }
               },
               {
                  "name": "subject_local_id",
                  "description": "The ID of this subject",
                  "type": "string",
                  "constraints": {
                     "required": true
                  }
               }
            ],
            "primaryKey": [
               "biosample_id_namespace",
               "biosample_local_id",
               "subject_id_namespace",
               "subject_local_id"
            ],
            "foreignKeys": [
               {
                  "fields": [ "biosample_id_namespace", "biosample_local_id" ],
                  "reference": {
                     "resource": "biosample",
                     "fields": [ "id_namespace", "local_id" ]
                  }
               },
               {
                  "fields": [ "subject_id_namespace", "subject_local_id" ],
                  "reference": {
                     "resource": "subject",
                     "fields": [ "id_namespace", "local_id" ]
                  }
               }
            ]
         }
      },
      {
         "profile": "tabular-data-resource",
         "name": "subject_role_taxonomy",
         "title": "subject_role_taxonomy",
         "path": "subject_role_taxonomy.tsv",
         "description": "Trinary association linking IDs representing (1) a subject, (2) a subject_role (a named organism-level constituent component of a subject, like 'host', 'pathogen', 'endosymbiont', 'taxon detected inside a microbiome subject', etc.) and (3) a taxonomic label (which is hereby assigned to this particular subject_role within this particular subject)",
         "schema": {
            "fields": [
               {
                  "name": "subject_id_namespace",
                  "description": "Identifier namespace for this subject",
                  "type": "string",
                  "constraints": {
                     "required": true
                  }
               },
               {
                  "name": "subject_local_id",
                  "description": "The ID of this subject",
                  "type": "string",
                  "constraints": {
                     "required": true
                  }
               },
               {
                  "name": "role_id",
                  "description": "The ID of the role assigned to this organism-level constituent component of this subject",
                  "type": "string",
                  "enum": [
                     "cfde_subject_role:0",
                     "cfde_subject_role:1",
                     "cfde_subject_role:2",
                     "cfde_subject_role:3",
                     "cfde_subject_role:4",
                     "cfde_subject_role:5",
                     "cfde_subject_role:6"
                  ],
                  "constraints": {
                     "required": true
                  }
               },
               {
                  "name": "taxonomy_id",
                  "description": "An NCBI Taxonomy Database ID identifying this taxon",
                  "type": "string",
                  "constraints": {
                     "required": true
                  }
               }
            ],
            "primaryKey": [
               "subject_id_namespace",
               "subject_local_id",
               "role_id",
               "taxonomy_id"
            ],
            "foreignKeys": [
               {
                  "fields": [ "subject_id_namespace", "subject_local_id" ],
                  "reference": {
                     "resource": "subject",
                     "fields": [ "id_namespace", "local_id" ]
                  }
               },
               {
                  "fields": "taxonomy_id",
                  "reference": {
                     "resource": "ncbi_taxonomy",
                     "fields": "id"
                  }
               }
            ]
         }
      },
      {
         "profile": "tabular-data-resource",
         "name": "assay_type",
         "title": "assay_type",
         "path": "assay_type.tsv",
         "description": "List of Ontology for Biomedical Investigations (OBI) CV terms used in this dataset to describe types of experiment that generate results stored in Level 1 files",
         "schema": {
            "fields": [
               {
                  "name": "id",
                  "description": "An OBI CV term",
                  "type": "string",
                  "constraints": {
                     "required": true,
                     "unique": true,
                     "pattern": "^OBI:[0-9]+$"
                  }
               },
               {
                  "name": "name",
                  "description": "A short, human-readable, machine-read-friendly label for this OBI term",
                  "type": "string"
               },
               {
                  "name": "description",
                  "description": "A human-readable description of this OBI term",
                  "type": "string"
               },
               {
                  "name": "synonyms",
                  "description": "Pipe-separated list of synonyms (alternate OBI terms) equivalent to this OBI term",
                  "type": "string",
                  "constraints": {
                     "pattern": "^(OBI:[0-9]+|)*OBI:[0-9]+$"
                  }
               }
            ],
            "missingValues": [ "" ],
            "primaryKey": "id"
         }
      },
      {
         "profile": "tabular-data-resource",
         "name": "ncbi_taxonomy",
         "title": "ncbi_taxonomy",
         "path": "ncbi_taxonomy.tsv",
         "description": "List of NCBI Taxonomy Database IDs identifying taxa used to describe Level 1 subjects in this dataset",
         "schema": {
            "fields": [
               {
                  "name": "id",
                  "description": "An NCBI Taxonomy Database ID identifying a particular taxon",
                  "type": "string",
                  "constraints": {
                     "required": true,
                     "unique": true,
                     "pattern": "^NCBI:txid[0-9]+$"
                  }
               },
               {
                  "name": "clade",
                  "description": "The phylogenetic level (e.g. species, genus) assigned to this taxon (use 'no rank' if not defined)",
                  "type": "string",
                  "constraints": {
                     "required": true
                  }
               },
               {
                  "name": "name",
                  "description": "A short, human-readable, machine-read-friendly label for this taxon",
                  "type": "string"
               },
               {
                  "name": "description",
                  "description": "A human-readable description of this taxon",
                  "type": "string"
               },
               {
                  "name": "synonyms",
                  "description": "Pipe-separated list of synonyms (alternate NCBI Taxonomy IDs) equivalent to this taxon",
                  "type": "string",
                  "constraints": {
                     "pattern": "^([0-9]+|)*[0-9]+$"
                  }
               }
            ],
            "missingValues": [ "" ],
            "primaryKey": "id"
         }
      },
      {
         "profile": "tabular-data-resource",
         "name": "anatomy",
         "title": "anatomy",
         "path": "anatomy.tsv",
         "description": "List of Uber-anatomy ontology (Uberon) CV terms used in this dataset to locate the origin of a Level 1 biosample within the physiology of its source or host organism",
         "schema": {
            "fields": [
               {
                  "name": "id",
                  "description": "An Uberon CV term",
                  "type": "string",
                  "constraints": {
                     "required": true,
                     "unique": true,
                     "pattern": "^UBERON:[0-9]+$"
                  }
               },
               {
                  "name": "name",
                  "description": "A short, human-readable, machine-read-friendly label for this Uberon term",
                  "type": "string"
               },
               {
                  "name": "description",
                  "description": "A human-readable description of this Uberon term",
                  "type": "string"
               },
               {
                  "name": "synonyms",
                  "description": "Pipe-separated list of synonyms (alternate Uberon terms) equivalent to this Uberon term",
                  "type": "string",
                  "constraints": {
                     "pattern": "^(UBERON:[0-9]+|)*UBERON:[0-9]+$"
                  }
               }
            ],
            "missingValues": [ "" ],
            "primaryKey": "id"
         }
      },
      {
         "profile": "tabular-data-resource",
         "name": "file_format",
         "title": "file_format",
         "path": "file_format.tsv",
         "description": "List of EDAM CV 'format:' terms used to describe formats of Level 1 files in this dataset",
         "schema": {
            "fields": [
               {
                  "name": "id",
                  "description": "An EDAM CV format term",
                  "type": "string",
                  "constraints": {
                     "required": true,
                     "unique": true,
                     "pattern": "^format:[0-9]+$"
                  }
               },
               {
                  "name": "name",
                  "description": "A short, human-readable, machine-read-friendly label for this EDAM format term",
                  "type": "string"
               },
               {
                  "name": "description",
                  "description": "A human-readable description of this EDAM format term",
                  "type": "string"
               },
               {
                  "name": "synonyms",
                  "description": "Pipe-separated list of synonyms (alternate EDAM format terms) equivalent to this EDAM format term",
                  "type": "string",
                  "constraints": {
                     "pattern": "^(format:[0-9]+|)*format:[0-9]+$"
                  }
               }
            ],
            "missingValues": [ "" ],
            "primaryKey": "id"
         }
      },
      {
         "profile": "tabular-data-resource",
         "name": "data_type",
         "title": "data_type",
         "path": "data_type.tsv",
         "description": "List of EDAM CV 'data:' terms used to describe data in Level 1 files in this dataset",
         "schema": {
            "fields": [
               {
                  "name": "id",
                  "description": "An EDAM CV data term",
                  "type": "string",
                  "constraints": {
                     "required": true,
                     "unique": true,
                     "pattern": "^data:[0-9]+$"
                  }
               },
               {
                  "name": "name",
                  "description": "A short, human-readable, machine-read-friendly label for this EDAM data term",
                  "type": "string"
               },
               {
                  "name": "description",
                  "description": "A human-readable description of this EDAM data term",
                  "type": "string"
               },
               {
                  "name": "synonyms",
                  "description": "Pipe-separated list of synonyms (alternate EDAM data terms) equivalent to this EDAM data term",
                  "type": "string",
                  "constraints": {
                     "pattern": "^(data:[0-9]+|)*data:[0-9]+$"
                  }
               }
            ],
            "missingValues": [ "" ],
            "primaryKey": "id"
         }
      },
      {
         "profile": "tabular-data-resource",
         "name": "id_namespace",
         "title": "id_namespace",
         "path": "id_namespace.tsv",
         "description": "INTERNAL CV: Dictionary of CFDE-generated identifier namespaces corresponding to top-level C2M2 metadatasets",
         "schema": {
            "fields": [
               {
                  "name": "id",
                  "description": "A globally unique ID representing this identifier namespace",
                  "type": "string",
                  "constraints": {
                     "required": true,
                     "unique": true
                  }
               },
               {
                  "name": "abbreviation",
                  "description": "A very short display label for this identifier namespace",
                  "type": "string",
                  "constraints": {
                     "pattern": "^[a-zA-Z0-9_]+$"
                  }
               },
               {
                  "name": "name",
                  "description": "A short, human-readable, machine-read-friendly label for this identifier namespace",
                  "type": "string"
               },
               {
                  "name": "description",
                  "description": "A human-readable description of this identifier namespace",
                  "type": "string"
               }
            ],
            "missingValues": [ "" ],
            "primaryKey": "id"
         }
      }
   ]
}

