id	name	description	synonyms
data:1566	Protein-ligand interaction report	An informative report on protein-ligand (small molecule) interaction(s).	
data:3112	Gene expression matrix	The final processed (normalised) data for a set of hybridisations in a microarray experiment.	
data:2603	Expression data	Image, hybridisation or some other data arising from a study of feature/molecule expression, typically profiling or quantification.	
data:0928	Gene expression profile	Data quantifying the level of expression of (typically) multiple genes, derived for example from microarray experiments.	
data:2968	Image	Data (typically biological or biomedical) that has been rendered into an image, typically for display on screen.	
