id_namespace	local_id	project_id_namespace	project_local_id	persistent_id	creation_time	size_in_bytes	uncompressed_size_in_bytes	sha256	md5	filename	file_format	data_type	assay_type	mime_type
http://www.lincsproject.org/	LDS-1505	http://www.lincsproject.org/	LINCS phase 2	http://lincsportal.ccs.miami.edu/datasets/view/LDS-1505	2017-12-22T00:00:00+00:00					LDS-1505_1.0.tar.gz	format:3751	data:1566	OBI:0002963	application/gzip
http://www.lincsproject.org/	LDS-1110	http://www.lincsproject.org/	LINCS phase 1	http://lincsportal.ccs.miami.edu/datasets/view/LDS-1110	2013-07-08T00:00:00+00:00					LDS-1110_1.1.tar.gz	format:3751	data:1566	OBI:0002963	application/gzip
http://www.lincsproject.org/	LDS-1507	http://www.lincsproject.org/	LINCS phase 2	http://lincsportal.ccs.miami.edu/datasets/view/LDS-1507	2017-12-22T00:00:00+00:00					LDS-1507_1.0.tar.gz	format:3751	data:1566	OBI:0002963	application/gzip
http://www.lincsproject.org/	LDS-1592	http://www.lincsproject.org/	LINCS phase 2	http://lincsportal.ccs.miami.edu/datasets/view/LDS-1592	2020-11-09T00:00:00+00:00					LDS-1592_1.0.tar.gz	format:3751	data:3112	OBI:0001271	application/gzip
http://www.lincsproject.org/	LDS-1593	http://www.lincsproject.org/	LINCS phase 2	http://lincsportal.ccs.miami.edu/datasets/view/LDS-1593	2020-11-09T00:00:00+00:00					LDS-1593_1.0.tar.gz	format:3751	data:3112	OBI:0001271	application/gzip
http://www.lincsproject.org/	LDS-1594	http://www.lincsproject.org/	LINCS phase 2	http://lincsportal.ccs.miami.edu/datasets/view/LDS-1594	2020-11-09T00:00:00+00:00					LDS-1594_1.0.tar.gz	format:3751	data:3112	OBI:0001271	application/gzip
http://www.lincsproject.org/	LDS-1595	http://www.lincsproject.org/	LINCS phase 2	http://lincsportal.ccs.miami.edu/datasets/view/LDS-1595	2020-11-09T00:00:00+00:00					LDS-1595_1.0.tar.gz	format:3751	data:3112	OBI:0001271	application/gzip
http://www.lincsproject.org/	LDS-1596	http://www.lincsproject.org/	LINCS phase 2	http://lincsportal.ccs.miami.edu/datasets/view/LDS-1596	2020-11-09T00:00:00+00:00					LDS-1596_1.0.tar.gz	format:3751	data:3112	OBI:0001271	application/gzip
http://www.lincsproject.org/	LDS-1190	http://www.lincsproject.org/	LINCS phase 1	http://lincsportal.ccs.miami.edu/datasets/view/LDS-1190	2014-06-26T00:00:00+00:00					LDS-1190_1.1.tar.gz	format:3751	data:1566	OBI:0002963	application/gzip
http://www.lincsproject.org/	LDS-1260	http://www.lincsproject.org/	LINCS phase 2	http://lincsportal.ccs.miami.edu/datasets/view/LDS-1260	2016-01-20T00:00:00+00:00					LDS-1260_2.0.tar.gz	format:3475	data:1566	OBI:0002964	application/gzip
http://www.lincsproject.org/	LDS-1045	http://www.lincsproject.org/	LINCS phase 1	http://lincsportal.ccs.miami.edu/datasets/view/LDS-1045	2011-11-21T00:00:00+00:00					LDS-1045_1.1.tar.gz	format:3751	data:1566	OBI:0002963	application/gzip
http://www.lincsproject.org/	LDS-1107	http://www.lincsproject.org/	LINCS phase 1	http://lincsportal.ccs.miami.edu/datasets/view/LDS-1107	2013-06-10T00:00:00+00:00					LDS-1107_2.0.tar.gz	format:3475	data:2603	OBI:0000661	application/gzip
http://www.lincsproject.org/	LDS-1099	http://www.lincsproject.org/	LINCS phase 1	http://lincsportal.ccs.miami.edu/datasets/view/LDS-1099	2013-04-01T00:00:00+00:00					LDS-1099_1.1.tar.gz	format:3751	data:1566	OBI:0002963	application/gzip
http://www.lincsproject.org/	LDS-1151	http://www.lincsproject.org/	LINCS phase 1	http://lincsportal.ccs.miami.edu/datasets/view/LDS-1151	2013-10-16T00:00:00+00:00					LDS-1151_1.1.tar.gz	format:3751	data:1566	OBI:0002963	application/gzip
http://www.lincsproject.org/	LDS-1163	http://www.lincsproject.org/	LINCS phase 1	http://lincsportal.ccs.miami.edu/datasets/view/LDS-1163	2013-10-16T00:00:00+00:00					LDS-1163_1.1.tar.gz	format:3751	data:1566	OBI:0002963	application/gzip
http://www.lincsproject.org/	LDS-1128	http://www.lincsproject.org/	LINCS phase 1	http://lincsportal.ccs.miami.edu/datasets/view/LDS-1128	2013-10-16T00:00:00+00:00					LDS-1128_1.1.tar.gz	format:3751	data:1566	OBI:0002963	application/gzip
http://www.lincsproject.org/	LDS-1072	http://www.lincsproject.org/	LINCS phase 1	http://lincsportal.ccs.miami.edu/datasets/view/LDS-1072	2012-08-10T00:00:00+00:00					LDS-1072_1.1.tar.gz	format:3751	data:1566	OBI:0002963	application/gzip
http://www.lincsproject.org/	LDS-1035	http://www.lincsproject.org/	LINCS phase 1	http://lincsportal.ccs.miami.edu/datasets/view/LDS-1035	2011-11-21T00:00:00+00:00					LDS-1035_1.1.tar.gz	format:3751	data:1566	OBI:0002963	application/gzip
http://www.lincsproject.org/	LDS-1036	http://www.lincsproject.org/	LINCS phase 1	http://lincsportal.ccs.miami.edu/datasets/view/LDS-1036	2011-11-21T00:00:00+00:00					LDS-1036_1.1.tar.gz	format:3751	data:1566	OBI:0002963	application/gzip
http://www.lincsproject.org/	LDS-1131	http://www.lincsproject.org/	LINCS phase 1	http://lincsportal.ccs.miami.edu/datasets/view/LDS-1131	2013-10-16T00:00:00+00:00					LDS-1131_1.1.tar.gz	format:3751	data:1566	OBI:0002963	application/gzip
http://www.lincsproject.org/	LDS-1506	http://www.lincsproject.org/	LINCS phase 2	http://lincsportal.ccs.miami.edu/datasets/view/LDS-1506	2017-12-22T00:00:00+00:00					LDS-1506_1.0.tar.gz	format:3751	data:1566	OBI:0002963	application/gzip
http://www.lincsproject.org/	LDS-1172	http://www.lincsproject.org/	LINCS phase 1	http://lincsportal.ccs.miami.edu/datasets/view/LDS-1172	2013-10-16T00:00:00+00:00					LDS-1172_1.1.tar.gz	format:3751	data:1566	OBI:0002963	application/gzip
http://www.lincsproject.org/	LDS-1011	http://www.lincsproject.org/	LINCS phase 1	http://lincsportal.ccs.miami.edu/datasets/view/LDS-1011	2011-07-15T00:00:00+00:00					LDS-1011_1.1.tar.gz	format:3751	data:1566	OBI:0002963	application/gzip
http://www.lincsproject.org/	LDS-1077	http://www.lincsproject.org/	LINCS phase 1	http://lincsportal.ccs.miami.edu/datasets/view/LDS-1077	2011-07-15T00:00:00+00:00					LDS-1077_2.0.tar.gz	format:3475	data:1566	OBI:0002964	application/gzip
http://www.lincsproject.org/	LDS-1121	http://www.lincsproject.org/	LINCS phase 1	http://lincsportal.ccs.miami.edu/datasets/view/LDS-1121	2013-07-08T00:00:00+00:00					LDS-1121_1.1.tar.gz	format:3751	data:1566	OBI:0002963	application/gzip
http://www.lincsproject.org/	LDS-1139	http://www.lincsproject.org/	LINCS phase 1	http://lincsportal.ccs.miami.edu/datasets/view/LDS-1139	2013-10-16T00:00:00+00:00					LDS-1139_1.1.tar.gz	format:3751	data:1566	OBI:0002963	application/gzip
http://www.lincsproject.org/	LDS-1137	http://www.lincsproject.org/	LINCS phase 1	http://lincsportal.ccs.miami.edu/datasets/view/LDS-1137	2013-10-16T00:00:00+00:00					LDS-1137_1.1.tar.gz	format:3751	data:1566	OBI:0002963	application/gzip
http://www.lincsproject.org/	LDS-1024	http://www.lincsproject.org/	LINCS phase 1	http://lincsportal.ccs.miami.edu/datasets/view/LDS-1024	2011-07-15T00:00:00+00:00					LDS-1024_1.1.tar.gz	format:3751	data:1566	OBI:0002963	application/gzip
http://www.lincsproject.org/	LDS-1029	http://www.lincsproject.org/	LINCS phase 1	http://lincsportal.ccs.miami.edu/datasets/view/LDS-1029	2011-07-15T00:00:00+00:00					LDS-1029_1.1.tar.gz	format:3751	data:1566	OBI:0002963	application/gzip
http://www.lincsproject.org/	LDS-1115	http://www.lincsproject.org/	LINCS phase 1	http://lincsportal.ccs.miami.edu/datasets/view/LDS-1115	2013-07-08T00:00:00+00:00					LDS-1115_1.1.tar.gz	format:3751	data:1566	OBI:0002963	application/gzip
http://www.lincsproject.org/	LDS-1013	http://www.lincsproject.org/	LINCS phase 1	http://lincsportal.ccs.miami.edu/datasets/view/LDS-1013	2011-07-15T00:00:00+00:00					LDS-1013_1.1.tar.gz	format:3751	data:1566	OBI:0002963	application/gzip
http://www.lincsproject.org/	LDS-1503	http://www.lincsproject.org/	LINCS phase 2	http://lincsportal.ccs.miami.edu/datasets/view/LDS-1503	2017-12-22T00:00:00+00:00					LDS-1503_1.0.tar.gz	format:3751	data:1566	OBI:0002963	application/gzip
http://www.lincsproject.org/	EDS-1015	http://www.lincsproject.org/	External	http://lincsportal.ccs.miami.edu/datasets/view/EDS-1015	2016-03-01T00:00:00+00:00					EDS-1015_1.0.tar.gz			OBI:0001632	application/gzip
http://www.lincsproject.org/	EDS-1016	http://www.lincsproject.org/	External	http://lincsportal.ccs.miami.edu/datasets/view/EDS-1016	2019-02-28T00:00:00+00:00					EDS-1016_1.0.tar.gz			OBI:0002960	application/gzip
http://www.lincsproject.org/	EDS-1017	http://www.lincsproject.org/	External	http://lincsportal.ccs.miami.edu/datasets/view/EDS-1017	2019-02-28T00:00:00+00:00					EDS-1017_1.0.tar.gz			OBI:0002960	application/gzip
http://www.lincsproject.org/	LDS-1221	http://www.lincsproject.org/	LINCS phase 2	http://lincsportal.ccs.miami.edu/datasets/view/LDS-1221	2015-04-17T00:00:00+00:00					LDS-1221_1.1.tar.gz	format:3475	data:1566	OBI:0002946	application/gzip
http://www.lincsproject.org/	LDS-1082	http://www.lincsproject.org/	LINCS phase 1	http://lincsportal.ccs.miami.edu/datasets/view/LDS-1082	2013-01-11T00:00:00+00:00					LDS-1082_2.0.tar.gz	format:3751	data:1566	OBI:0002963	application/gzip
http://www.lincsproject.org/	LDS-1215	http://www.lincsproject.org/	LINCS phase 2	http://lincsportal.ccs.miami.edu/datasets/view/LDS-1215	2015-04-17T00:00:00+00:00					LDS-1215_1.1.tar.gz	format:3751	data:1566	OBI:0002963	application/gzip
http://www.lincsproject.org/	LDS-1043	http://www.lincsproject.org/	LINCS phase 1	http://lincsportal.ccs.miami.edu/datasets/view/LDS-1043	2011-11-21T00:00:00+00:00					LDS-1043_1.1.tar.gz	format:3751	data:1566	OBI:0002963	application/gzip
http://www.lincsproject.org/	LDS-1130	http://www.lincsproject.org/	LINCS phase 1	http://lincsportal.ccs.miami.edu/datasets/view/LDS-1130	2013-10-16T00:00:00+00:00					LDS-1130_1.1.tar.gz	format:3751	data:1566	OBI:0002963	application/gzip
http://www.lincsproject.org/	LDS-1486	http://www.lincsproject.org/	LINCS phase 2	http://lincsportal.ccs.miami.edu/datasets/view/LDS-1486	2017-09-29T00:00:00+00:00					LDS-1486_1.0.tar.gz	format:3751	data:1566	OBI:0002963	application/gzip
http://www.lincsproject.org/	LDS-1156	http://www.lincsproject.org/	LINCS phase 1	http://lincsportal.ccs.miami.edu/datasets/view/LDS-1156	2013-10-16T00:00:00+00:00					LDS-1156_1.1.tar.gz	format:3751	data:1566	OBI:0002963	application/gzip
http://www.lincsproject.org/	LDS-1153	http://www.lincsproject.org/	LINCS phase 1	http://lincsportal.ccs.miami.edu/datasets/view/LDS-1153	2013-10-16T00:00:00+00:00					LDS-1153_1.1.tar.gz	format:3751	data:1566	OBI:0002963	application/gzip
http://www.lincsproject.org/	LDS-1132	http://www.lincsproject.org/	LINCS phase 1	http://lincsportal.ccs.miami.edu/datasets/view/LDS-1132	2013-10-16T00:00:00+00:00					LDS-1132_1.1.tar.gz	format:3751	data:1566	OBI:0002963	application/gzip
http://www.lincsproject.org/	LDS-1127	http://www.lincsproject.org/	LINCS phase 1	http://lincsportal.ccs.miami.edu/datasets/view/LDS-1127	2013-10-16T00:00:00+00:00					LDS-1127_1.1.tar.gz	format:3751	data:1566	OBI:0002963	application/gzip
http://www.lincsproject.org/	LDS-1152	http://www.lincsproject.org/	LINCS phase 1	http://lincsportal.ccs.miami.edu/datasets/view/LDS-1152	2013-10-16T00:00:00+00:00					LDS-1152_1.1.tar.gz	format:3751	data:1566	OBI:0002963	application/gzip
http://www.lincsproject.org/	LDS-1098	http://www.lincsproject.org/	LINCS phase 1	http://lincsportal.ccs.miami.edu/datasets/view/LDS-1098	2013-04-01T00:00:00+00:00					LDS-1098_1.1.tar.gz	format:3751	data:1566	OBI:0002963	application/gzip
http://www.lincsproject.org/	LDS-1161	http://www.lincsproject.org/	LINCS phase 1	http://lincsportal.ccs.miami.edu/datasets/view/LDS-1161	2013-10-16T00:00:00+00:00					LDS-1161_1.1.tar.gz	format:3751	data:1566	OBI:0002963	application/gzip
http://www.lincsproject.org/	LDS-1020	http://www.lincsproject.org/	LINCS phase 1	http://lincsportal.ccs.miami.edu/datasets/view/LDS-1020	2011-07-15T00:00:00+00:00					LDS-1020_1.1.tar.gz	format:3751	data:1566	OBI:0002963	application/gzip
http://www.lincsproject.org/	LDS-1491	http://www.lincsproject.org/	LINCS phase 2	http://lincsportal.ccs.miami.edu/datasets/view/LDS-1491	2017-09-29T00:00:00+00:00					LDS-1491_1.0.tar.gz	format:3751	data:1566	OBI:0002963	application/gzip
http://www.lincsproject.org/	LDS-1113	http://www.lincsproject.org/	LINCS phase 1	http://lincsportal.ccs.miami.edu/datasets/view/LDS-1113	2013-07-08T00:00:00+00:00					LDS-1113_1.1.tar.gz	format:3751	data:1566	OBI:0002963	application/gzip
http://www.lincsproject.org/	LDS-1023	http://www.lincsproject.org/	LINCS phase 1	http://lincsportal.ccs.miami.edu/datasets/view/LDS-1023	2011-07-15T00:00:00+00:00					LDS-1023_1.1.tar.gz	format:3751	data:1566	OBI:0002963	application/gzip
http://www.lincsproject.org/	LDS-1347	http://www.lincsproject.org/	LINCS phase 2	http://lincsportal.ccs.miami.edu/datasets/view/LDS-1347	2016-05-26T00:00:00+00:00					LDS-1347_1.1.tar.gz	format:3751	data:1566	OBI:0002963	application/gzip
http://www.lincsproject.org/	LDS-1217	http://www.lincsproject.org/	LINCS phase 2	http://lincsportal.ccs.miami.edu/datasets/view/LDS-1217	2015-04-17T00:00:00+00:00					LDS-1217_1.1.tar.gz	format:3751	data:1566	OBI:0002963	application/gzip
http://www.lincsproject.org/	LDS-1123	http://www.lincsproject.org/	LINCS phase 1	http://lincsportal.ccs.miami.edu/datasets/view/LDS-1123	2013-09-24T00:00:00+00:00					LDS-1123_2.0.tar.gz	format:3475	data:2603	OBI:0000661	application/gzip
http://www.lincsproject.org/	LDS-1574	http://www.lincsproject.org/	LINCS phase 2	http://lincsportal.ccs.miami.edu/datasets/view/LDS-1574	2019-10-16T00:00:00+00:00					LDS-1574_1.0.tar.gz	format:3751	data:1566	OBI:0002963	application/gzip
http://www.lincsproject.org/	LDS-1261	http://www.lincsproject.org/	LINCS phase 2	http://lincsportal.ccs.miami.edu/datasets/view/LDS-1261	2016-02-04T00:00:00+00:00					LDS-1261_2.0.tar.gz	format:3475	data:1566	OBI:0002947	application/gzip
http://www.lincsproject.org/	LDS-1262	http://www.lincsproject.org/	LINCS phase 2	http://lincsportal.ccs.miami.edu/datasets/view/LDS-1262	2016-02-04T00:00:00+00:00					LDS-1262_2.0.tar.gz	format:3475	data:1566	OBI:0002947	application/gzip
http://www.lincsproject.org/	LDS-1263	http://www.lincsproject.org/	LINCS phase 2	http://lincsportal.ccs.miami.edu/datasets/view/LDS-1263	2016-02-04T00:00:00+00:00					LDS-1263_2.0.tar.gz	format:3475	data:1566	OBI:0002947	application/gzip
http://www.lincsproject.org/	LDS-1532	http://www.lincsproject.org/	LINCS phase 2	http://lincsportal.ccs.miami.edu/datasets/view/LDS-1532	2018-08-09T00:00:00+00:00					LDS-1532_2.0.tar.gz	format:3475	data:1566	OBI:0002947	application/gzip
http://www.lincsproject.org/	LDS-1533	http://www.lincsproject.org/	LINCS phase 2	http://lincsportal.ccs.miami.edu/datasets/view/LDS-1533	2018-08-09T00:00:00+00:00					LDS-1533_2.0.tar.gz	format:3475	data:1566	OBI:0002947	application/gzip
http://www.lincsproject.org/	LDS-1546	http://www.lincsproject.org/	LINCS phase 2	http://lincsportal.ccs.miami.edu/datasets/view/LDS-1546	2018-10-18T00:00:00+00:00					LDS-1546_1.0.tar.gz	format:3752	data:3112	OBI:0002959	application/gzip
http://www.lincsproject.org/	LDS-1547	http://www.lincsproject.org/	LINCS phase 2	http://lincsportal.ccs.miami.edu/datasets/view/LDS-1547	2018-10-18T00:00:00+00:00					LDS-1547_1.0.tar.gz	format:3752	data:3112	OBI:0002959	application/gzip
http://www.lincsproject.org/	LDS-1580	http://www.lincsproject.org/	LINCS phase 2	http://lincsportal.ccs.miami.edu/datasets/view/LDS-1580	2020-03-02T00:00:00+00:00					LDS-1580_1.0.tar.gz	format:3752	data:3112	OBI:0002959	application/gzip
http://www.lincsproject.org/	LDS-1518	http://www.lincsproject.org/	LINCS phase 2	http://lincsportal.ccs.miami.edu/datasets/view/LDS-1518	2018-03-30T00:00:00+00:00					LDS-1518_2.0.tar.gz	format:3751	data:1566	OBI:0002947	application/gzip
http://www.lincsproject.org/	LDS-1519	http://www.lincsproject.org/	LINCS phase 2	http://lincsportal.ccs.miami.edu/datasets/view/LDS-1519	2018-03-30T00:00:00+00:00					LDS-1519_2.0.tar.gz	format:3751	data:1566	OBI:0002947	application/gzip
http://www.lincsproject.org/	LDS-1561	http://www.lincsproject.org/	LINCS phase 2	http://lincsportal.ccs.miami.edu/datasets/view/LDS-1561	2019-06-27T00:00:00+00:00					LDS-1561_1.0.tar.gz	format:3751	data:1566	OBI:0002947	application/gzip
http://www.lincsproject.org/	LDS-1562	http://www.lincsproject.org/	LINCS phase 2	http://lincsportal.ccs.miami.edu/datasets/view/LDS-1562	2019-06-27T00:00:00+00:00					LDS-1562_1.0.tar.gz	format:3751	data:1566	OBI:0002947	application/gzip
http://www.lincsproject.org/	LDS-1530	http://www.lincsproject.org/	LINCS phase 2	http://lincsportal.ccs.miami.edu/datasets/view/LDS-1530	2018-07-06T00:00:00+00:00					LDS-1530_2.0.tar.gz	format:3751	data:3112	OBI:0001271	application/gzip
http://www.lincsproject.org/	LDS-1122	http://www.lincsproject.org/	LINCS phase 1	http://lincsportal.ccs.miami.edu/datasets/view/LDS-1122	2014-01-24T00:00:00+00:00					LDS-1122_2.0.tar.gz	format:3475	data:2603	OBI:0002954	application/gzip
http://www.lincsproject.org/	LDS-1346	http://www.lincsproject.org/	LINCS phase 2	http://lincsportal.ccs.miami.edu/datasets/view/LDS-1346	2016-05-26T00:00:00+00:00					LDS-1346_1.1.tar.gz	format:3751	data:1566	OBI:0002963	application/gzip
http://www.lincsproject.org/	LDS-1170	http://www.lincsproject.org/	LINCS phase 1	http://lincsportal.ccs.miami.edu/datasets/view/LDS-1170	2013-10-16T00:00:00+00:00					LDS-1170_1.1.tar.gz	format:3751	data:1566	OBI:0002963	application/gzip
http://www.lincsproject.org/	LDS-1100	http://www.lincsproject.org/	LINCS phase 1	http://lincsportal.ccs.miami.edu/datasets/view/LDS-1100	2013-04-01T00:00:00+00:00					LDS-1100_1.1.tar.gz	format:3751	data:1566	OBI:0002963	application/gzip
http://www.lincsproject.org/	LDS-1216	http://www.lincsproject.org/	LINCS phase 2	http://lincsportal.ccs.miami.edu/datasets/view/LDS-1216	2015-04-17T00:00:00+00:00					LDS-1216_1.1.tar.gz	format:3751	data:1566	OBI:0002963	application/gzip
http://www.lincsproject.org/	LDS-1040	http://www.lincsproject.org/	LINCS phase 1	http://lincsportal.ccs.miami.edu/datasets/view/LDS-1040	2011-11-21T00:00:00+00:00					LDS-1040_1.1.tar.gz	format:3751	data:1566	OBI:0002963	application/gzip
http://www.lincsproject.org/	LDS-1184	http://www.lincsproject.org/	LINCS phase 1	http://lincsportal.ccs.miami.edu/datasets/view/LDS-1184	2014-03-10T00:00:00+00:00					LDS-1184_1.1.tar.gz	format:3751	data:1566	OBI:0002963	application/gzip
http://www.lincsproject.org/	LDS-1485	http://www.lincsproject.org/	LINCS phase 2	http://lincsportal.ccs.miami.edu/datasets/view/LDS-1485	2017-09-29T00:00:00+00:00					LDS-1485_1.0.tar.gz	format:3751	data:1566	OBI:0002963	application/gzip
http://www.lincsproject.org/	LDS-1091	http://www.lincsproject.org/	LINCS phase 1	http://lincsportal.ccs.miami.edu/datasets/view/LDS-1091	2013-01-10T00:00:00+00:00					LDS-1091_2.0.tar.gz	format:3475	data:1566	OBI:0002964	application/gzip
http://www.lincsproject.org/	LDS-1104	http://www.lincsproject.org/	LINCS phase 1	http://lincsportal.ccs.miami.edu/datasets/view/LDS-1104	2013-04-01T00:00:00+00:00					LDS-1104_1.1.tar.gz	format:3751	data:1566	OBI:0002963	application/gzip
http://www.lincsproject.org/	LDS-1145	http://www.lincsproject.org/	LINCS phase 1	http://lincsportal.ccs.miami.edu/datasets/view/LDS-1145	2013-10-16T00:00:00+00:00					LDS-1145_1.1.tar.gz	format:3751	data:1566	OBI:0002963	application/gzip
http://www.lincsproject.org/	LDS-1134	http://www.lincsproject.org/	LINCS phase 1	http://lincsportal.ccs.miami.edu/datasets/view/LDS-1134	2013-10-16T00:00:00+00:00					LDS-1134_1.1.tar.gz	format:3751	data:1566	OBI:0002963	application/gzip
http://www.lincsproject.org/	LDS-1169	http://www.lincsproject.org/	LINCS phase 1	http://lincsportal.ccs.miami.edu/datasets/view/LDS-1169	2013-10-16T00:00:00+00:00					LDS-1169_1.1.tar.gz	format:3751	data:1566	OBI:0002963	application/gzip
http://www.lincsproject.org/	LDS-1014	http://www.lincsproject.org/	LINCS phase 1	http://lincsportal.ccs.miami.edu/datasets/view/LDS-1014	2011-07-15T00:00:00+00:00					LDS-1014_1.1.tar.gz	format:3751	data:1566	OBI:0002963	application/gzip
http://www.lincsproject.org/	LDS-1015	http://www.lincsproject.org/	LINCS phase 1	http://lincsportal.ccs.miami.edu/datasets/view/LDS-1015	2011-07-15T00:00:00+00:00					LDS-1015_1.1.tar.gz	format:3751	data:1566	OBI:0002963	application/gzip
http://www.lincsproject.org/	LDS-1068	http://www.lincsproject.org/	LINCS phase 1	http://lincsportal.ccs.miami.edu/datasets/view/LDS-1068	2012-08-10T00:00:00+00:00					LDS-1068_1.1.tar.gz	format:3751	data:1566	OBI:0002963	application/gzip
http://www.lincsproject.org/	LDS-1195	http://www.lincsproject.org/	External	http://lincsportal.ccs.miami.edu/datasets/view/LDS-1195	2014-05-30T00:00:00+00:00					LDS-1195_2.0.tar.gz	format:3475	data:2603	OBI:0002952	application/gzip
http://www.lincsproject.org/	LDS-1125	http://www.lincsproject.org/	LINCS phase 1	http://lincsportal.ccs.miami.edu/datasets/view/LDS-1125	2013-09-24T00:00:00+00:00					LDS-1125_2.0.tar.gz	format:3475	data:2603	OBI:0002954	application/gzip
http://www.lincsproject.org/	LDS-1126	http://www.lincsproject.org/	LINCS phase 1	http://lincsportal.ccs.miami.edu/datasets/view/LDS-1126	2013-09-24T00:00:00+00:00					LDS-1126_2.0.tar.gz	format:3475	data:2603	OBI:0000661	application/gzip
http://www.lincsproject.org/	LDS-1124	http://www.lincsproject.org/	LINCS phase 1	http://lincsportal.ccs.miami.edu/datasets/view/LDS-1124	2013-09-24T00:00:00+00:00					LDS-1124_2.0.tar.gz	format:3475	data:2603	OBI:0002954	application/gzip
http://www.lincsproject.org/	LDS-1488	http://www.lincsproject.org/	LINCS phase 2	http://lincsportal.ccs.miami.edu/datasets/view/LDS-1488	2017-09-29T00:00:00+00:00					LDS-1488_1.0.tar.gz	format:3751	data:1566	OBI:0002963	application/gzip
http://www.lincsproject.org/	LDS-1181	http://www.lincsproject.org/	LINCS phase 1	http://lincsportal.ccs.miami.edu/datasets/view/LDS-1181	2013-10-16T00:00:00+00:00					LDS-1181_1.1.tar.gz	format:3751	data:1566	OBI:0002963	application/gzip
http://www.lincsproject.org/	LDS-1189	http://www.lincsproject.org/	LINCS phase 1	http://lincsportal.ccs.miami.edu/datasets/view/LDS-1189	2014-06-26T00:00:00+00:00					LDS-1189_2.0.tar.gz	format:3475	data:1566	OBI:0002964	application/gzip
http://www.lincsproject.org/	LDS-1117	http://www.lincsproject.org/	LINCS phase 1	http://lincsportal.ccs.miami.edu/datasets/view/LDS-1117	2013-07-08T00:00:00+00:00					LDS-1117_1.1.tar.gz	format:3751	data:1566	OBI:0002963	application/gzip
http://www.lincsproject.org/	LDS-1177	http://www.lincsproject.org/	LINCS phase 1	http://lincsportal.ccs.miami.edu/datasets/view/LDS-1177	2013-10-16T00:00:00+00:00					LDS-1177_1.1.tar.gz	format:3751	data:1566	OBI:0002963	application/gzip
http://www.lincsproject.org/	LDS-1114	http://www.lincsproject.org/	LINCS phase 1	http://lincsportal.ccs.miami.edu/datasets/view/LDS-1114	2013-07-08T00:00:00+00:00					LDS-1114_1.1.tar.gz	format:3751	data:1566	OBI:0002963	application/gzip
http://www.lincsproject.org/	LDS-1200	http://www.lincsproject.org/	LINCS phase 1	http://lincsportal.ccs.miami.edu/datasets/view/LDS-1200	2014-05-30T00:00:00+00:00					LDS-1200_1.1.tar.gz	format:3752	data:1566	OBI:0002950	application/gzip
http://www.lincsproject.org/	LDS-1523	http://www.lincsproject.org/	LINCS MCF10A project	http://lincsportal.ccs.miami.edu/datasets/view/LDS-1523	2018-08-22T00:00:00+00:00					LDS-1523_1.1.tar.gz	format:3475	data:2603	OBI:0002967	application/gzip
http://www.lincsproject.org/	LDS-1524	http://www.lincsproject.org/	LINCS MCF10A project	http://lincsportal.ccs.miami.edu/datasets/view/LDS-1524	2018-08-22T00:00:00+00:00					LDS-1524_1.1.tar.gz	format:3475	data:2603	OBI:0002967	application/gzip
http://www.lincsproject.org/	LDS-1525	http://www.lincsproject.org/	LINCS MCF10A project	http://lincsportal.ccs.miami.edu/datasets/view/LDS-1525	2018-08-22T00:00:00+00:00					LDS-1525_1.1.tar.gz	format:3475	data:2603	OBI:0002967	application/gzip
http://www.lincsproject.org/	LDS-1526	http://www.lincsproject.org/	LINCS MCF10A project	http://lincsportal.ccs.miami.edu/datasets/view/LDS-1526	2018-08-22T00:00:00+00:00					LDS-1526_1.1.tar.gz	format:3475	data:2603	OBI:0002967	application/gzip
http://www.lincsproject.org/	LDS-1391	http://www.lincsproject.org/	LINCS phase 2	http://lincsportal.ccs.miami.edu/datasets/view/LDS-1391	2017-05-02T00:00:00+00:00					LDS-1391_1.1.tar.gz	format:3475	data:2603	OBI:0002951	application/gzip
http://www.lincsproject.org/	LDS-1392	http://www.lincsproject.org/	LINCS phase 2	http://lincsportal.ccs.miami.edu/datasets/view/LDS-1392	2017-05-02T00:00:00+00:00					LDS-1392_1.1.tar.gz	format:3475	data:2603	OBI:0002951	application/gzip
http://www.lincsproject.org/	LDS-1393	http://www.lincsproject.org/	LINCS phase 2	http://lincsportal.ccs.miami.edu/datasets/view/LDS-1393	2017-05-02T00:00:00+00:00					LDS-1393_1.1.tar.gz	format:3475	data:2603	OBI:0002951	application/gzip
http://www.lincsproject.org/	LDS-1508	http://www.lincsproject.org/	LINCS MCF10A project	http://lincsportal.ccs.miami.edu/datasets/view/LDS-1508	2018-04-04T00:00:00+00:00					LDS-1508_1.0.tar.gz	format:3475	data:2603	OBI:0002967	application/gzip
http://www.lincsproject.org/	LDS-1509	http://www.lincsproject.org/	LINCS MCF10A project	http://lincsportal.ccs.miami.edu/datasets/view/LDS-1509	2018-04-04T00:00:00+00:00					LDS-1509_1.0.tar.gz	format:3475	data:2603	OBI:0002967	application/gzip
http://www.lincsproject.org/	LDS-1510	http://www.lincsproject.org/	LINCS MCF10A project	http://lincsportal.ccs.miami.edu/datasets/view/LDS-1510	2018-04-04T00:00:00+00:00					LDS-1510_1.0.tar.gz	format:3475	data:2603	OBI:0002967	application/gzip
http://www.lincsproject.org/	LDS-1511	http://www.lincsproject.org/	LINCS MCF10A project	http://lincsportal.ccs.miami.edu/datasets/view/LDS-1511	2018-04-04T00:00:00+00:00					LDS-1511_1.0.tar.gz	format:3475	data:2603	OBI:0002967	application/gzip
http://www.lincsproject.org/	LDS-1496	http://www.lincsproject.org/	LINCS phase 2	http://lincsportal.ccs.miami.edu/datasets/view/LDS-1496	2017-09-29T00:00:00+00:00					LDS-1496_1.0.tar.gz	format:3751	data:1566	OBI:0002963	application/gzip
http://www.lincsproject.org/	LDS-1141	http://www.lincsproject.org/	LINCS phase 1	http://lincsportal.ccs.miami.edu/datasets/view/LDS-1141	2013-10-16T00:00:00+00:00					LDS-1141_1.1.tar.gz	format:3751	data:1566	OBI:0002963	application/gzip
http://www.lincsproject.org/	LDS-1569	http://www.lincsproject.org/	LINCS phase 2	http://lincsportal.ccs.miami.edu/datasets/view/LDS-1569	2019-11-12T00:00:00+00:00					LDS-1569_1.0.tar.gz	format:3751	data:1566	OBI:0002949	application/gzip
http://www.lincsproject.org/	LDS-1570	http://www.lincsproject.org/	LINCS phase 2	http://lincsportal.ccs.miami.edu/datasets/view/LDS-1570	2019-11-12T00:00:00+00:00					LDS-1570_1.0.tar.gz	format:3751	data:1566	OBI:0002949	application/gzip
http://www.lincsproject.org/	LDS-1571	http://www.lincsproject.org/	LINCS phase 2	http://lincsportal.ccs.miami.edu/datasets/view/LDS-1571	2019-11-12T00:00:00+00:00					LDS-1571_1.0.tar.gz	format:3751	data:1566	OBI:0002949	application/gzip
http://www.lincsproject.org/	LDS-1572	http://www.lincsproject.org/	LINCS phase 2	http://lincsportal.ccs.miami.edu/datasets/view/LDS-1572	2019-11-12T00:00:00+00:00					LDS-1572_1.0.tar.gz	format:3751	data:1566	OBI:0002949	application/gzip
http://www.lincsproject.org/	LDS-1174	http://www.lincsproject.org/	LINCS phase 1	http://lincsportal.ccs.miami.edu/datasets/view/LDS-1174	2013-10-16T00:00:00+00:00					LDS-1174_1.1.tar.gz	format:3751	data:1566	OBI:0002963	application/gzip
http://www.lincsproject.org/	LDS-1382	http://www.lincsproject.org/	LINCS phase 2	http://lincsportal.ccs.miami.edu/datasets/view/LDS-1382	2017-05-02T00:00:00+00:00					LDS-1382_1.1.tar.gz	format:3475	data:2603	OBI:0002954	application/gzip
http://www.lincsproject.org/	LDS-1383	http://www.lincsproject.org/	LINCS phase 2	http://lincsportal.ccs.miami.edu/datasets/view/LDS-1383	2017-05-02T00:00:00+00:00					LDS-1383_1.1.tar.gz	format:3475	data:2603	OBI:0002954	application/gzip
http://www.lincsproject.org/	LDS-1384	http://www.lincsproject.org/	LINCS phase 2	http://lincsportal.ccs.miami.edu/datasets/view/LDS-1384	2017-05-02T00:00:00+00:00					LDS-1384_1.1.tar.gz	format:3475	data:2603	OBI:0002954	application/gzip
http://www.lincsproject.org/	LDS-1498	http://www.lincsproject.org/	LINCS phase 2	http://lincsportal.ccs.miami.edu/datasets/view/LDS-1498	2017-10-20T00:00:00+00:00					LDS-1498_2.0.tar.gz	format:3709	data:2603	OBI:0002961	application/gzip
http://www.lincsproject.org/	LDS-41235	http://www.lincsproject.org/	LINCS phase 2	http://lincsportal.ccs.miami.edu/datasets/view/LDS-41235	2016-08-09T00:00:00+00:00					LDS-41235_2.0.tar.gz	format:3709	data:2603	OBI:0002961	application/gzip
http://www.lincsproject.org/	LDS-1343	http://www.lincsproject.org/	LINCS MCF10A project	http://lincsportal.ccs.miami.edu/datasets/view/LDS-1343	2016-07-18T00:00:00+00:00					LDS-1343_1.1.tar.gz	format:3709	data:2603	OBI:0002961	application/gzip
http://www.lincsproject.org/	LDS-1162	http://www.lincsproject.org/	LINCS phase 1	http://lincsportal.ccs.miami.edu/datasets/view/LDS-1162	2013-10-16T00:00:00+00:00					LDS-1162_1.1.tar.gz	format:3751	data:1566	OBI:0002963	application/gzip
http://www.lincsproject.org/	LDS-1046	http://www.lincsproject.org/	LINCS phase 1	http://lincsportal.ccs.miami.edu/datasets/view/LDS-1046	2011-11-21T00:00:00+00:00					LDS-1046_2.0.tar.gz	format:3751	data:1566	OBI:0002963	application/gzip
http://www.lincsproject.org/	LDS-1133	http://www.lincsproject.org/	LINCS phase 1	http://lincsportal.ccs.miami.edu/datasets/view/LDS-1133	2013-10-16T00:00:00+00:00					LDS-1133_2.0.tar.gz	format:3751	data:1566	OBI:0002963	application/gzip
http://www.lincsproject.org/	LDS-1345	http://www.lincsproject.org/	LINCS phase 2	http://lincsportal.ccs.miami.edu/datasets/view/LDS-1345	2016-05-26T00:00:00+00:00					LDS-1345_2.0.tar.gz	format:3751	data:1566	OBI:0002963	application/gzip
http://www.lincsproject.org/	LDS-1157	http://www.lincsproject.org/	LINCS phase 1	http://lincsportal.ccs.miami.edu/datasets/view/LDS-1157	2013-10-16T00:00:00+00:00					LDS-1157_1.1.tar.gz	format:3751	data:1566	OBI:0002963	application/gzip
http://www.lincsproject.org/	LDS-1171	http://www.lincsproject.org/	LINCS phase 1	http://lincsportal.ccs.miami.edu/datasets/view/LDS-1171	2013-10-16T00:00:00+00:00					LDS-1171_1.1.tar.gz	format:3751	data:1566	OBI:0002963	application/gzip
http://www.lincsproject.org/	LDS-1175	http://www.lincsproject.org/	LINCS phase 1	http://lincsportal.ccs.miami.edu/datasets/view/LDS-1175	2013-10-16T00:00:00+00:00					LDS-1175_1.1.tar.gz	format:3751	data:1566	OBI:0002963	application/gzip
http://www.lincsproject.org/	LDS-1150	http://www.lincsproject.org/	LINCS phase 1	http://lincsportal.ccs.miami.edu/datasets/view/LDS-1150	2013-10-16T00:00:00+00:00					LDS-1150_1.1.tar.gz	format:3751	data:1566	OBI:0002963	application/gzip
http://www.lincsproject.org/	LDS-1071	http://www.lincsproject.org/	LINCS phase 1	http://lincsportal.ccs.miami.edu/datasets/view/LDS-1071	2012-08-10T00:00:00+00:00					LDS-1071_1.1.tar.gz	format:3751	data:1566	OBI:0002963	application/gzip
http://www.lincsproject.org/	LDS-1070	http://www.lincsproject.org/	LINCS phase 1	http://lincsportal.ccs.miami.edu/datasets/view/LDS-1070	2012-08-10T00:00:00+00:00					LDS-1070_1.1.tar.gz	format:3751	data:1566	OBI:0002963	application/gzip
http://www.lincsproject.org/	LDS-1016	http://www.lincsproject.org/	LINCS phase 1	http://lincsportal.ccs.miami.edu/datasets/view/LDS-1016	2011-07-15T00:00:00+00:00					LDS-1016_1.1.tar.gz	format:3751	data:1566	OBI:0002963	application/gzip
http://www.lincsproject.org/	LDS-1017	http://www.lincsproject.org/	LINCS phase 1	http://lincsportal.ccs.miami.edu/datasets/view/LDS-1017	2011-07-15T00:00:00+00:00					LDS-1017_1.1.tar.gz	format:3751	data:1566	OBI:0002963	application/gzip
http://www.lincsproject.org/	LDS-1008	http://www.lincsproject.org/	LINCS phase 1	http://lincsportal.ccs.miami.edu/datasets/view/LDS-1008	2011-07-15T00:00:00+00:00					LDS-1008_1.1.tar.gz	format:3751	data:1566	OBI:0002963	application/gzip
http://www.lincsproject.org/	LDS-1074	http://www.lincsproject.org/	LINCS phase 1	http://lincsportal.ccs.miami.edu/datasets/view/LDS-1074	2011-07-15T00:00:00+00:00					LDS-1074_2.0.tar.gz	format:3475	data:1566	OBI:0002964	application/gzip
http://www.lincsproject.org/	LDS-1018	http://www.lincsproject.org/	LINCS phase 1	http://lincsportal.ccs.miami.edu/datasets/view/LDS-1018	2011-07-15T00:00:00+00:00					LDS-1018_1.1.tar.gz	format:3751	data:1566	OBI:0002963	application/gzip
http://www.lincsproject.org/	LDS-1142	http://www.lincsproject.org/	LINCS phase 1	http://lincsportal.ccs.miami.edu/datasets/view/LDS-1142	2013-10-16T00:00:00+00:00					LDS-1142_1.1.tar.gz	format:3751	data:1566	OBI:0002963	application/gzip
http://www.lincsproject.org/	LDS-1394	http://www.lincsproject.org/	LINCS phase 2	http://lincsportal.ccs.miami.edu/datasets/view/LDS-1394	2017-05-02T00:00:00+00:00					LDS-1394_1.1.tar.gz	format:3475	data:2603	OBI:0002951	application/gzip
http://www.lincsproject.org/	LDS-1395	http://www.lincsproject.org/	LINCS phase 2	http://lincsportal.ccs.miami.edu/datasets/view/LDS-1395	2017-05-02T00:00:00+00:00					LDS-1395_1.1.tar.gz	format:3475	data:2603	OBI:0002951	application/gzip
http://www.lincsproject.org/	LDS-1396	http://www.lincsproject.org/	LINCS phase 2	http://lincsportal.ccs.miami.edu/datasets/view/LDS-1396	2017-05-02T00:00:00+00:00					LDS-1396_1.1.tar.gz	format:3475	data:2603	OBI:0002951	application/gzip
http://www.lincsproject.org/	LDS-1397	http://www.lincsproject.org/	LINCS phase 2	http://lincsportal.ccs.miami.edu/datasets/view/LDS-1397	2017-05-02T00:00:00+00:00					LDS-1397_1.1.tar.gz	format:3475	data:2603	OBI:0002951	application/gzip
http://www.lincsproject.org/	LDS-1385	http://www.lincsproject.org/	LINCS phase 2	http://lincsportal.ccs.miami.edu/datasets/view/LDS-1385	2017-05-02T00:00:00+00:00					LDS-1385_1.1.tar.gz	format:3475	data:2603	OBI:0002954	application/gzip
http://www.lincsproject.org/	LDS-1386	http://www.lincsproject.org/	LINCS phase 2	http://lincsportal.ccs.miami.edu/datasets/view/LDS-1386	2017-05-02T00:00:00+00:00					LDS-1386_1.1.tar.gz	format:3475	data:2603	OBI:0002954	application/gzip
http://www.lincsproject.org/	LDS-1387	http://www.lincsproject.org/	LINCS phase 2	http://lincsportal.ccs.miami.edu/datasets/view/LDS-1387	2017-05-02T00:00:00+00:00					LDS-1387_1.1.tar.gz	format:3475	data:2603	OBI:0002954	application/gzip
http://www.lincsproject.org/	LDS-1364	http://www.lincsproject.org/	LINCS phase 2	http://lincsportal.ccs.miami.edu/datasets/view/LDS-1364	2016-12-22T00:00:00+00:00					LDS-1364_1.0.tar.gz				application/gzip
http://www.lincsproject.org/	LDS-1365	http://www.lincsproject.org/	LINCS phase 2	http://lincsportal.ccs.miami.edu/datasets/view/LDS-1365	2016-12-22T00:00:00+00:00					LDS-1365_1.1.tar.gz				application/gzip
http://www.lincsproject.org/	LDS-1362	http://www.lincsproject.org/	LINCS phase 2	http://lincsportal.ccs.miami.edu/datasets/view/LDS-1362	2016-12-22T00:00:00+00:00					LDS-1362_2.0.tar.gz				application/gzip
http://www.lincsproject.org/	LDS-1363	http://www.lincsproject.org/	LINCS phase 2	http://lincsportal.ccs.miami.edu/datasets/view/LDS-1363	2016-12-22T00:00:00+00:00					LDS-1363_2.0.tar.gz				application/gzip
http://www.lincsproject.org/	LDS-1120	http://www.lincsproject.org/	LINCS phase 1	http://lincsportal.ccs.miami.edu/datasets/view/LDS-1120	2013-07-08T00:00:00+00:00					LDS-1120_1.1.tar.gz	format:3751	data:1566	OBI:0002963	application/gzip
http://www.lincsproject.org/	LDS-1119	http://www.lincsproject.org/	LINCS phase 1	http://lincsportal.ccs.miami.edu/datasets/view/LDS-1119	2013-07-08T00:00:00+00:00					LDS-1119_1.1.tar.gz	format:3751	data:1566	OBI:0002963	application/gzip
http://www.lincsproject.org/	LDS-1037	http://www.lincsproject.org/	LINCS phase 1	http://lincsportal.ccs.miami.edu/datasets/view/LDS-1037	2011-11-21T00:00:00+00:00					LDS-1037_1.1.tar.gz	format:3751	data:1566	OBI:0002963	application/gzip
http://www.lincsproject.org/	LDS-1038	http://www.lincsproject.org/	LINCS phase 1	http://lincsportal.ccs.miami.edu/datasets/view/LDS-1038	2011-11-21T00:00:00+00:00					LDS-1038_1.1.tar.gz	format:3751	data:1566	OBI:0002963	application/gzip
http://www.lincsproject.org/	LDS-1079	http://www.lincsproject.org/	LINCS phase 1	http://lincsportal.ccs.miami.edu/datasets/view/LDS-1079	2012-05-09T00:00:00+00:00					LDS-1079_2.0.tar.gz	format:3475	data:1566	OBI:0002964	application/gzip
http://www.lincsproject.org/	LDS-1007	http://www.lincsproject.org/	LINCS phase 1	http://lincsportal.ccs.miami.edu/datasets/view/LDS-1007	2011-07-15T00:00:00+00:00					LDS-1007_1.1.tar.gz	format:3751	data:1566	OBI:0002963	application/gzip
http://www.lincsproject.org/	LDS-1118	http://www.lincsproject.org/	LINCS phase 1	http://lincsportal.ccs.miami.edu/datasets/view/LDS-1118	2013-07-08T00:00:00+00:00					LDS-1118_1.1.tar.gz	format:3751	data:1566	OBI:0002963	application/gzip
http://www.lincsproject.org/	LDS-1039	http://www.lincsproject.org/	LINCS phase 1	http://lincsportal.ccs.miami.edu/datasets/view/LDS-1039	2011-11-21T00:00:00+00:00					LDS-1039_1.1.tar.gz	format:3751	data:1566	OBI:0002963	application/gzip
http://www.lincsproject.org/	LDS-1176	http://www.lincsproject.org/	LINCS phase 1	http://lincsportal.ccs.miami.edu/datasets/view/LDS-1176	2013-10-16T00:00:00+00:00					LDS-1176_1.1.tar.gz	format:3751	data:1566	OBI:0002963	application/gzip
http://www.lincsproject.org/	LDS-1249	http://www.lincsproject.org/	LINCS phase 2	http://lincsportal.ccs.miami.edu/datasets/view/LDS-1249	2015-12-16T00:00:00+00:00					LDS-1249_2.0.tar.gz	format:3475	data:2603	OBI:0002951	application/gzip
http://www.lincsproject.org/	LDS-1242	http://www.lincsproject.org/	LINCS phase 2	http://lincsportal.ccs.miami.edu/datasets/view/LDS-1242	2015-09-15T00:00:00+00:00					LDS-1242_2.0.tar.gz	format:3475	data:2603	OBI:0002954	application/gzip
http://www.lincsproject.org/	LDS-1361	http://www.lincsproject.org/	LINCS phase 2	http://lincsportal.ccs.miami.edu/datasets/view/LDS-1361	2016-09-29T00:00:00+00:00					LDS-1361_1.0.tar.gz	format:3475	data:2603	OBI:0002952	application/gzip
http://www.lincsproject.org/	LDS-1388	http://www.lincsproject.org/	LINCS phase 2	http://lincsportal.ccs.miami.edu/datasets/view/LDS-1388	2017-05-02T00:00:00+00:00					LDS-1388_1.1.tar.gz	format:3475	data:2603	OBI:0002954	application/gzip
http://www.lincsproject.org/	LDS-1389	http://www.lincsproject.org/	LINCS phase 2	http://lincsportal.ccs.miami.edu/datasets/view/LDS-1389	2017-05-02T00:00:00+00:00					LDS-1389_1.1.tar.gz	format:3475	data:2603	OBI:0002954	application/gzip
http://www.lincsproject.org/	LDS-1390	http://www.lincsproject.org/	LINCS phase 2	http://lincsportal.ccs.miami.edu/datasets/view/LDS-1390	2017-05-02T00:00:00+00:00					LDS-1390_1.1.tar.gz	format:3475	data:2603	OBI:0002954	application/gzip
http://www.lincsproject.org/	LDS-1154	http://www.lincsproject.org/	LINCS phase 1	http://lincsportal.ccs.miami.edu/datasets/view/LDS-1154	2013-10-16T00:00:00+00:00					LDS-1154_1.1.tar.gz	format:3751	data:1566	OBI:0002963	application/gzip
http://www.lincsproject.org/	LDS-1213	http://www.lincsproject.org/	LINCS phase 2	http://lincsportal.ccs.miami.edu/datasets/view/LDS-1213	2015-04-17T00:00:00+00:00					LDS-1213_1.1.tar.gz	format:3751	data:1566	OBI:0002963	application/gzip
http://www.lincsproject.org/	LDS-1352	http://www.lincsproject.org/	LINCS phase 2	http://lincsportal.ccs.miami.edu/datasets/view/LDS-1352	2016-03-04T00:00:00+00:00					LDS-1352_2.0.tar.gz	format:3475	data:1566	OBI:0002964	application/gzip
http://www.lincsproject.org/	LDS-1179	http://www.lincsproject.org/	LINCS phase 1	http://lincsportal.ccs.miami.edu/datasets/view/LDS-1179	2013-10-16T00:00:00+00:00					LDS-1179_1.1.tar.gz	format:3751	data:1566	OBI:0002963	application/gzip
http://www.lincsproject.org/	LDS-1034	http://www.lincsproject.org/	LINCS phase 1	http://lincsportal.ccs.miami.edu/datasets/view/LDS-1034	2011-07-15T00:00:00+00:00					LDS-1034_1.1.tar.gz	format:3751	data:1566	OBI:0002963	application/gzip
http://www.lincsproject.org/	LDS-1494	http://www.lincsproject.org/	LINCS phase 2	http://lincsportal.ccs.miami.edu/datasets/view/LDS-1494	2017-09-29T00:00:00+00:00					LDS-1494_1.0.tar.gz	format:3751	data:1566	OBI:0002963	application/gzip
http://www.lincsproject.org/	LDS-1067	http://www.lincsproject.org/	LINCS phase 1	http://lincsportal.ccs.miami.edu/datasets/view/LDS-1067	2012-04-30T00:00:00+00:00					LDS-1067_1.1.tar.gz	format:3751	data:1566	OBI:0002963	application/gzip
http://www.lincsproject.org/	LDS-1350	http://www.lincsproject.org/	LINCS phase 2	http://lincsportal.ccs.miami.edu/datasets/view/LDS-1350	2015-10-08T00:00:00+00:00					LDS-1350_1.1.tar.gz	format:3751	data:1566	OBI:0002963	application/gzip
http://www.lincsproject.org/	LDS-1351	http://www.lincsproject.org/	LINCS phase 2	http://lincsportal.ccs.miami.edu/datasets/view/LDS-1351	2015-10-08T00:00:00+00:00					LDS-1351_2.0.tar.gz	format:3475	data:1566	OBI:0002964	application/gzip
http://www.lincsproject.org/	LDS-1094	http://www.lincsproject.org/	LINCS phase 1	http://lincsportal.ccs.miami.edu/datasets/view/LDS-1094	2013-04-01T00:00:00+00:00					LDS-1094_1.1.tar.gz	format:3751	data:1566	OBI:0002963	application/gzip
http://www.lincsproject.org/	LDS-1032	http://www.lincsproject.org/	LINCS phase 1	http://lincsportal.ccs.miami.edu/datasets/view/LDS-1032	2011-07-15T00:00:00+00:00					LDS-1032_1.1.tar.gz	format:3751	data:1566	OBI:0002963	application/gzip
http://www.lincsproject.org/	LDS-1086	http://www.lincsproject.org/	LINCS phase 1	http://lincsportal.ccs.miami.edu/datasets/view/LDS-1086	2013-01-10T00:00:00+00:00					LDS-1086_2.0.tar.gz	format:3475	data:1566	OBI:0002964	application/gzip
http://www.lincsproject.org/	LDS-1044	http://www.lincsproject.org/	LINCS phase 1	http://lincsportal.ccs.miami.edu/datasets/view/LDS-1044	2011-11-21T00:00:00+00:00					LDS-1044_1.1.tar.gz	format:3751	data:1566	OBI:0002963	application/gzip
http://www.lincsproject.org/	LDS-1027	http://www.lincsproject.org/	LINCS phase 1	http://lincsportal.ccs.miami.edu/datasets/view/LDS-1027	2011-07-15T00:00:00+00:00					LDS-1027_1.1.tar.gz	format:3751	data:1566	OBI:0002963	application/gzip
http://www.lincsproject.org/	LDS-1103	http://www.lincsproject.org/	LINCS phase 1	http://lincsportal.ccs.miami.edu/datasets/view/LDS-1103	2013-04-01T00:00:00+00:00					LDS-1103_1.1.tar.gz	format:3751	data:1566	OBI:0002963	application/gzip
http://www.lincsproject.org/	LDS-1166	http://www.lincsproject.org/	LINCS phase 1	http://lincsportal.ccs.miami.edu/datasets/view/LDS-1166	2013-10-16T00:00:00+00:00					LDS-1166_1.1.tar.gz	format:3751	data:1566	OBI:0002963	application/gzip
http://www.lincsproject.org/	LDS-1164	http://www.lincsproject.org/	LINCS phase 1	http://lincsportal.ccs.miami.edu/datasets/view/LDS-1164	2013-10-16T00:00:00+00:00					LDS-1164_1.1.tar.gz	format:3751	data:1566	OBI:0002963	application/gzip
http://www.lincsproject.org/	LDS-1586	http://www.lincsproject.org/	LINCS phase 2	http://lincsportal.ccs.miami.edu/datasets/view/LDS-1586						LDS-1586_-.tar.gz	format:3475	data:0928	OBI:0002965	application/gzip
http://www.lincsproject.org/	LDS-1585	http://www.lincsproject.org/	LINCS phase 2	http://lincsportal.ccs.miami.edu/datasets/view/LDS-1585						LDS-1585_-.tar.gz	format:3475	data:0928	OBI:0002965	application/gzip
http://www.lincsproject.org/	LDS-1203	http://www.lincsproject.org/	LINCS joint project	http://lincsportal.ccs.miami.edu/datasets/view/LDS-1203	2014-05-30T00:00:00+00:00					LDS-1203_2.0.tar.gz	format:3475	data:0928	OBI:0002965	application/gzip
http://www.lincsproject.org/	LDS-1191	http://www.lincsproject.org/	LINCS phase 1	http://lincsportal.ccs.miami.edu/datasets/view/LDS-1191	2014-05-30T00:00:00+00:00					LDS-1191_2.0.tar.gz	format:3475	data:0928	OBI:0002965	application/gzip
http://www.lincsproject.org/	LDS-1481	http://www.lincsproject.org/	LINCS phase 1	http://lincsportal.ccs.miami.edu/datasets/view/LDS-1481	2014-05-30T00:00:00+00:00					LDS-1481_1.0.tar.gz	format:3475	data:0928	OBI:0002965	application/gzip
http://www.lincsproject.org/	LDS-1273	http://www.lincsproject.org/	LINCS phase 2	http://lincsportal.ccs.miami.edu/datasets/view/LDS-1273	2015-06-30T00:00:00+00:00					LDS-1273_1.1.tar.gz	format:3475	data:0928	OBI:0002965	application/gzip
http://www.lincsproject.org/	LDS-1274	http://www.lincsproject.org/	LINCS phase 2	http://lincsportal.ccs.miami.edu/datasets/view/LDS-1274	2015-06-30T00:00:00+00:00					LDS-1274_1.1.tar.gz	format:3475	data:0928	OBI:0002965	application/gzip
http://www.lincsproject.org/	LDS-1275	http://www.lincsproject.org/	LINCS phase 2	http://lincsportal.ccs.miami.edu/datasets/view/LDS-1275	2015-06-30T00:00:00+00:00					LDS-1275_1.1.tar.gz	format:3475	data:0928	OBI:0002965	application/gzip
http://www.lincsproject.org/	LDS-1233	http://www.lincsproject.org/	LINCS phase 2	http://lincsportal.ccs.miami.edu/datasets/view/LDS-1233	2015-06-30T00:00:00+00:00					LDS-1233_2.0.tar.gz	format:3475	data:0928	OBI:0002965	application/gzip
http://www.lincsproject.org/	LDS-1202	http://www.lincsproject.org/	LINCS trans-center	http://lincsportal.ccs.miami.edu/datasets/view/LDS-1202	2014-05-30T00:00:00+00:00					LDS-1202_2.0.tar.gz	format:3475	data:0928	OBI:0002965	application/gzip
http://www.lincsproject.org/	LDS-1291	http://www.lincsproject.org/	LINCS phase 2	http://lincsportal.ccs.miami.edu/datasets/view/LDS-1291	2015-12-31T00:00:00+00:00					LDS-1291_2.0.tar.gz	format:3475	data:0928	OBI:0002965	application/gzip
http://www.lincsproject.org/	LDS-1292	http://www.lincsproject.org/	LINCS phase 2	http://lincsportal.ccs.miami.edu/datasets/view/LDS-1292	2015-12-31T00:00:00+00:00					LDS-1292_2.0.tar.gz	format:3475	data:0928	OBI:0002965	application/gzip
http://www.lincsproject.org/	LDS-1293	http://www.lincsproject.org/	LINCS phase 2	http://lincsportal.ccs.miami.edu/datasets/view/LDS-1293	2015-12-31T00:00:00+00:00					LDS-1293_2.0.tar.gz	format:3475	data:0928	OBI:0002965	application/gzip
http://www.lincsproject.org/	LDS-1482	http://www.lincsproject.org/	LINCS phase 2	http://lincsportal.ccs.miami.edu/datasets/view/LDS-1482	2016-03-06T00:00:00+00:00					LDS-1482_1.0.tar.gz	format:3475	data:0928	OBI:0002965	application/gzip
http://www.lincsproject.org/	LDS-1483	http://www.lincsproject.org/	LINCS phase 2	http://lincsportal.ccs.miami.edu/datasets/view/LDS-1483	2016-03-06T00:00:00+00:00					LDS-1483_1.0.tar.gz	format:3475	data:0928	OBI:0002965	application/gzip
http://www.lincsproject.org/	LDS-1372	http://www.lincsproject.org/	LINCS phase 2	http://lincsportal.ccs.miami.edu/datasets/view/LDS-1372	2016-03-06T00:00:00+00:00					LDS-1372_1.0.tar.gz	format:3475	data:0928	OBI:0002965	application/gzip
http://www.lincsproject.org/	LDS-1484	http://www.lincsproject.org/	LINCS phase 2	http://lincsportal.ccs.miami.edu/datasets/view/LDS-1484	2016-03-06T00:00:00+00:00					LDS-1484_1.0.tar.gz	format:3475	data:0928	OBI:0002965	application/gzip
http://www.lincsproject.org/	LDS-1194	http://www.lincsproject.org/	External	http://lincsportal.ccs.miami.edu/datasets/view/LDS-1194	2014-05-30T00:00:00+00:00					LDS-1194_2.0.tar.gz	format:3475	data:0928	OBI:0002965	application/gzip
http://www.lincsproject.org/	LDS-1373	http://www.lincsproject.org/	LINCS MCF10A project	http://lincsportal.ccs.miami.edu/datasets/view/LDS-1373	2017-02-07T00:00:00+00:00					LDS-1373_1.0.tar.gz	format:3751	data:1566	OBI:0002949	application/gzip
http://www.lincsproject.org/	LDS-1374	http://www.lincsproject.org/	LINCS MCF10A project	http://lincsportal.ccs.miami.edu/datasets/view/LDS-1374	2017-02-07T00:00:00+00:00					LDS-1374_1.1.tar.gz	format:3751	data:1566	OBI:0002949	application/gzip
http://www.lincsproject.org/	LDS-1375	http://www.lincsproject.org/	LINCS MCF10A project	http://lincsportal.ccs.miami.edu/datasets/view/LDS-1375	2017-02-07T00:00:00+00:00					LDS-1375_1.1.tar.gz	format:3751	data:1566	OBI:0002949	application/gzip
http://www.lincsproject.org/	LDS-1376	http://www.lincsproject.org/	LINCS MCF10A project	http://lincsportal.ccs.miami.edu/datasets/view/LDS-1376	2017-02-07T00:00:00+00:00					LDS-1376_1.1.tar.gz	format:3751	data:1566	OBI:0002949	application/gzip
http://www.lincsproject.org/	LDS-1377	http://www.lincsproject.org/	LINCS MCF10A project	http://lincsportal.ccs.miami.edu/datasets/view/LDS-1377	2017-02-07T00:00:00+00:00					LDS-1377_1.1.tar.gz	format:3751	data:1566	OBI:0002949	application/gzip
http://www.lincsproject.org/	LDS-1378	http://www.lincsproject.org/	LINCS MCF10A project	http://lincsportal.ccs.miami.edu/datasets/view/LDS-1378	2017-02-07T00:00:00+00:00					LDS-1378_1.1.tar.gz	format:3751	data:1566	OBI:0002949	application/gzip
http://www.lincsproject.org/	LDS-1379	http://www.lincsproject.org/	LINCS MCF10A project	http://lincsportal.ccs.miami.edu/datasets/view/LDS-1379	2017-02-07T00:00:00+00:00					LDS-1379_1.1.tar.gz	format:3751	data:1566	OBI:0002949	application/gzip
http://www.lincsproject.org/	LDS-1380	http://www.lincsproject.org/	LINCS MCF10A project	http://lincsportal.ccs.miami.edu/datasets/view/LDS-1380	2017-02-07T00:00:00+00:00					LDS-1380_1.1.tar.gz	format:3751	data:1566	OBI:0002949	application/gzip
http://www.lincsproject.org/	LDS-1381	http://www.lincsproject.org/	LINCS MCF10A project	http://lincsportal.ccs.miami.edu/datasets/view/LDS-1381	2017-02-07T00:00:00+00:00					LDS-1381_1.1.tar.gz	format:3751	data:1566	OBI:0002949	application/gzip
http://www.lincsproject.org/	LDS-1563	http://www.lincsproject.org/	LINCS phase 2	http://lincsportal.ccs.miami.edu/datasets/view/LDS-1563	2019-06-27T00:00:00+00:00					LDS-1563_1.0.tar.gz	format:3751	data:1566	OBI:0002947	application/gzip
http://www.lincsproject.org/	LDS-1566	http://www.lincsproject.org/	LINCS phase 2	http://lincsportal.ccs.miami.edu/datasets/view/LDS-1566	2019-06-27T00:00:00+00:00					LDS-1566_1.0.tar.gz	format:3751	data:1566	OBI:0002947	application/gzip
http://www.lincsproject.org/	LDS-1564	http://www.lincsproject.org/	LINCS phase 2	http://lincsportal.ccs.miami.edu/datasets/view/LDS-1564	2019-06-27T00:00:00+00:00					LDS-1564_1.0.tar.gz	format:3751	data:1566	OBI:0002947	application/gzip
http://www.lincsproject.org/	LDS-1567	http://www.lincsproject.org/	LINCS phase 2	http://lincsportal.ccs.miami.edu/datasets/view/LDS-1567	2019-06-27T00:00:00+00:00					LDS-1567_1.0.tar.gz	format:3751	data:1566	OBI:0002947	application/gzip
http://www.lincsproject.org/	LDS-1568	http://www.lincsproject.org/	LINCS phase 2	http://lincsportal.ccs.miami.edu/datasets/view/LDS-1568	2019-06-27T00:00:00+00:00					LDS-1568_1.0.tar.gz	format:3751	data:1566	OBI:0002947	application/gzip
http://www.lincsproject.org/	LDS-1565	http://www.lincsproject.org/	LINCS phase 2	http://lincsportal.ccs.miami.edu/datasets/view/LDS-1565	2019-06-27T00:00:00+00:00					LDS-1565_1.0.tar.gz	format:3751	data:1566	OBI:0002947	application/gzip
http://www.lincsproject.org/	LDS-1402	http://www.lincsproject.org/	LINCS MCF10A project	http://lincsportal.ccs.miami.edu/datasets/view/LDS-1402	2017-05-12T00:00:00+00:00					LDS-1402_2.0.tar.gz	format:3751	data:1566	OBI:0002949	application/gzip
http://www.lincsproject.org/	LDS-1403	http://www.lincsproject.org/	LINCS MCF10A project	http://lincsportal.ccs.miami.edu/datasets/view/LDS-1403	2017-05-12T00:00:00+00:00					LDS-1403_2.0.tar.gz	format:3751	data:1566	OBI:0002949	application/gzip
http://www.lincsproject.org/	LDS-1404	http://www.lincsproject.org/	LINCS MCF10A project	http://lincsportal.ccs.miami.edu/datasets/view/LDS-1404	2017-05-12T00:00:00+00:00					LDS-1404_2.0.tar.gz	format:3751	data:1566	OBI:0002949	application/gzip
http://www.lincsproject.org/	LDS-1405	http://www.lincsproject.org/	LINCS MCF10A project	http://lincsportal.ccs.miami.edu/datasets/view/LDS-1405	2017-05-12T00:00:00+00:00					LDS-1405_2.0.tar.gz	format:3751	data:1566	OBI:0002949	application/gzip
http://www.lincsproject.org/	LDS-1406	http://www.lincsproject.org/	LINCS MCF10A project	http://lincsportal.ccs.miami.edu/datasets/view/LDS-1406	2017-05-12T00:00:00+00:00					LDS-1406_2.0.tar.gz	format:3751	data:1566	OBI:0002949	application/gzip
http://www.lincsproject.org/	LDS-1407	http://www.lincsproject.org/	LINCS MCF10A project	http://lincsportal.ccs.miami.edu/datasets/view/LDS-1407	2017-05-12T00:00:00+00:00					LDS-1407_2.0.tar.gz	format:3751	data:1566	OBI:0002949	application/gzip
http://www.lincsproject.org/	LDS-1408	http://www.lincsproject.org/	LINCS MCF10A project	http://lincsportal.ccs.miami.edu/datasets/view/LDS-1408	2017-05-12T00:00:00+00:00					LDS-1408_1.1.tar.gz	format:3751	data:1566	OBI:0002949	application/gzip
http://www.lincsproject.org/	LDS-1417	http://www.lincsproject.org/	LINCS MCF10A project	http://lincsportal.ccs.miami.edu/datasets/view/LDS-1417	2017-05-12T00:00:00+00:00					LDS-1417_1.1.tar.gz	format:3751	data:1566	OBI:0002949	application/gzip
http://www.lincsproject.org/	LDS-1418	http://www.lincsproject.org/	LINCS MCF10A project	http://lincsportal.ccs.miami.edu/datasets/view/LDS-1418	2017-05-12T00:00:00+00:00					LDS-1418_1.1.tar.gz	format:3751	data:1566	OBI:0002949	application/gzip
http://www.lincsproject.org/	LDS-1419	http://www.lincsproject.org/	LINCS MCF10A project	http://lincsportal.ccs.miami.edu/datasets/view/LDS-1419	2017-05-12T00:00:00+00:00					LDS-1419_1.1.tar.gz	format:3751	data:1566	OBI:0002949	application/gzip
http://www.lincsproject.org/	LDS-1420	http://www.lincsproject.org/	LINCS MCF10A project	http://lincsportal.ccs.miami.edu/datasets/view/LDS-1420	2017-05-12T00:00:00+00:00					LDS-1420_1.1.tar.gz	format:3751	data:1566	OBI:0002949	application/gzip
http://www.lincsproject.org/	LDS-1421	http://www.lincsproject.org/	LINCS MCF10A project	http://lincsportal.ccs.miami.edu/datasets/view/LDS-1421	2017-05-12T00:00:00+00:00					LDS-1421_1.1.tar.gz	format:3751	data:1566	OBI:0002949	application/gzip
http://www.lincsproject.org/	LDS-1422	http://www.lincsproject.org/	LINCS MCF10A project	http://lincsportal.ccs.miami.edu/datasets/view/LDS-1422	2017-05-12T00:00:00+00:00					LDS-1422_1.1.tar.gz	format:3751	data:1566	OBI:0002949	application/gzip
http://www.lincsproject.org/	LDS-1409	http://www.lincsproject.org/	LINCS MCF10A project	http://lincsportal.ccs.miami.edu/datasets/view/LDS-1409	2017-05-12T00:00:00+00:00					LDS-1409_1.1.tar.gz	format:3751	data:1566	OBI:0002949	application/gzip
http://www.lincsproject.org/	LDS-1410	http://www.lincsproject.org/	LINCS MCF10A project	http://lincsportal.ccs.miami.edu/datasets/view/LDS-1410	2017-05-12T00:00:00+00:00					LDS-1410_1.1.tar.gz	format:3751	data:1566	OBI:0002949	application/gzip
http://www.lincsproject.org/	LDS-1411	http://www.lincsproject.org/	LINCS MCF10A project	http://lincsportal.ccs.miami.edu/datasets/view/LDS-1411	2017-05-12T00:00:00+00:00					LDS-1411_1.1.tar.gz	format:3751	data:1566	OBI:0002949	application/gzip
http://www.lincsproject.org/	LDS-1412	http://www.lincsproject.org/	LINCS MCF10A project	http://lincsportal.ccs.miami.edu/datasets/view/LDS-1412	2017-05-12T00:00:00+00:00					LDS-1412_1.1.tar.gz	format:3751	data:1566	OBI:0002949	application/gzip
http://www.lincsproject.org/	LDS-1413	http://www.lincsproject.org/	LINCS MCF10A project	http://lincsportal.ccs.miami.edu/datasets/view/LDS-1413	2017-05-12T00:00:00+00:00					LDS-1413_1.1.tar.gz	format:3751	data:1566	OBI:0002949	application/gzip
http://www.lincsproject.org/	LDS-1414	http://www.lincsproject.org/	LINCS MCF10A project	http://lincsportal.ccs.miami.edu/datasets/view/LDS-1414	2017-05-12T00:00:00+00:00					LDS-1414_1.1.tar.gz	format:3751	data:1566	OBI:0002949	application/gzip
http://www.lincsproject.org/	LDS-1415	http://www.lincsproject.org/	LINCS MCF10A project	http://lincsportal.ccs.miami.edu/datasets/view/LDS-1415	2017-05-12T00:00:00+00:00					LDS-1415_1.1.tar.gz	format:3751	data:1566	OBI:0002949	application/gzip
http://www.lincsproject.org/	LDS-1416	http://www.lincsproject.org/	LINCS MCF10A project	http://lincsportal.ccs.miami.edu/datasets/view/LDS-1416	2017-05-12T00:00:00+00:00					LDS-1416_1.1.tar.gz	format:3751	data:1566	OBI:0002949	application/gzip
http://www.lincsproject.org/	LDS-1294	http://www.lincsproject.org/	LINCS joint project	http://lincsportal.ccs.miami.edu/datasets/view/LDS-1294	2016-04-01T00:00:00+00:00					LDS-1294_2.0.tar.gz	format:3475	data:1566	OBI:0002947	application/gzip
http://www.lincsproject.org/	LDS-1295	http://www.lincsproject.org/	LINCS joint project	http://lincsportal.ccs.miami.edu/datasets/view/LDS-1295	2016-04-01T00:00:00+00:00					LDS-1295_2.0.tar.gz	format:3475	data:1566	OBI:0002947	application/gzip
http://www.lincsproject.org/	LDS-1226	http://www.lincsproject.org/	LINCS joint project	http://lincsportal.ccs.miami.edu/datasets/view/LDS-1226	2015-08-25T00:00:00+00:00					LDS-1226_2.0.tar.gz	format:3475	data:1566	OBI:0002947	application/gzip
http://www.lincsproject.org/	LDS-1252	http://www.lincsproject.org/	LINCS joint project	http://lincsportal.ccs.miami.edu/datasets/view/LDS-1252	2015-12-18T00:00:00+00:00					LDS-1252_2.0.tar.gz	format:3475	data:1566	OBI:0002947	application/gzip
http://www.lincsproject.org/	LDS-1253	http://www.lincsproject.org/	LINCS joint project	http://lincsportal.ccs.miami.edu/datasets/view/LDS-1253	2015-12-18T00:00:00+00:00					LDS-1253_2.0.tar.gz	format:3475	data:1566	OBI:0002947	application/gzip
http://www.lincsproject.org/	LDS-1254	http://www.lincsproject.org/	LINCS joint project	http://lincsportal.ccs.miami.edu/datasets/view/LDS-1254	2015-12-18T00:00:00+00:00					LDS-1254_2.0.tar.gz	format:3475	data:1566	OBI:0002947	application/gzip
http://www.lincsproject.org/	LDS-1255	http://www.lincsproject.org/	LINCS joint project	http://lincsportal.ccs.miami.edu/datasets/view/LDS-1255	2015-12-18T00:00:00+00:00					LDS-1255_2.0.tar.gz	format:3475	data:1566	OBI:0002947	application/gzip
http://www.lincsproject.org/	LDS-1256	http://www.lincsproject.org/	LINCS joint project	http://lincsportal.ccs.miami.edu/datasets/view/LDS-1256	2015-12-18T00:00:00+00:00					LDS-1256_2.0.tar.gz	format:3475	data:1566	OBI:0002947	application/gzip
http://www.lincsproject.org/	LDS-1257	http://www.lincsproject.org/	LINCS joint project	http://lincsportal.ccs.miami.edu/datasets/view/LDS-1257	2015-12-18T00:00:00+00:00					LDS-1257_2.0.tar.gz	format:3475	data:1566	OBI:0002947	application/gzip
http://www.lincsproject.org/	LDS-1227	http://www.lincsproject.org/	LINCS joint project	http://lincsportal.ccs.miami.edu/datasets/view/LDS-1227	2015-08-25T00:00:00+00:00					LDS-1227_2.0.tar.gz	format:3475	data:1566	OBI:0002947	application/gzip
http://www.lincsproject.org/	LDS-1228	http://www.lincsproject.org/	LINCS joint project	http://lincsportal.ccs.miami.edu/datasets/view/LDS-1228	2015-08-25T00:00:00+00:00					LDS-1228_2.0.tar.gz	format:3475	data:1566	OBI:0002947	application/gzip
http://www.lincsproject.org/	LDS-1229	http://www.lincsproject.org/	LINCS joint project	http://lincsportal.ccs.miami.edu/datasets/view/LDS-1229	2015-08-25T00:00:00+00:00					LDS-1229_2.0.tar.gz	format:3475	data:1566	OBI:0002947	application/gzip
http://www.lincsproject.org/	LDS-1230	http://www.lincsproject.org/	LINCS joint project	http://lincsportal.ccs.miami.edu/datasets/view/LDS-1230	2015-08-25T00:00:00+00:00					LDS-1230_2.0.tar.gz	format:3475	data:1566	OBI:0002947	application/gzip
http://www.lincsproject.org/	LDS-1231	http://www.lincsproject.org/	LINCS joint project	http://lincsportal.ccs.miami.edu/datasets/view/LDS-1231	2015-08-25T00:00:00+00:00					LDS-1231_2.0.tar.gz	format:3475	data:1566	OBI:0002947	application/gzip
http://www.lincsproject.org/	LDS-1232	http://www.lincsproject.org/	LINCS joint project	http://lincsportal.ccs.miami.edu/datasets/view/LDS-1232	2015-08-25T00:00:00+00:00					LDS-1232_2.0.tar.gz	format:3475	data:1566	OBI:0002947	application/gzip
http://www.lincsproject.org/	LDS-1250	http://www.lincsproject.org/	LINCS joint project	http://lincsportal.ccs.miami.edu/datasets/view/LDS-1250	2015-12-18T00:00:00+00:00					LDS-1250_2.0.tar.gz	format:3475	data:1566	OBI:0002947	application/gzip
http://www.lincsproject.org/	LDS-1251	http://www.lincsproject.org/	LINCS joint project	http://lincsportal.ccs.miami.edu/datasets/view/LDS-1251	2015-12-18T00:00:00+00:00					LDS-1251_2.0.tar.gz	format:3475	data:1566	OBI:0002947	application/gzip
http://www.lincsproject.org/	LDS-1140	http://www.lincsproject.org/	LINCS phase 1	http://lincsportal.ccs.miami.edu/datasets/view/LDS-1140	2013-10-16T00:00:00+00:00					LDS-1140_1.1.tar.gz	format:3751	data:1566	OBI:0002963	application/gzip
http://www.lincsproject.org/	LDS-1093	http://www.lincsproject.org/	LINCS phase 1	http://lincsportal.ccs.miami.edu/datasets/view/LDS-1093	2013-02-08T00:00:00+00:00					LDS-1093_1.1.tar.gz	format:3751	data:1566	OBI:0002963	application/gzip
http://www.lincsproject.org/	LDS-1136	http://www.lincsproject.org/	LINCS phase 1	http://lincsportal.ccs.miami.edu/datasets/view/LDS-1136	2013-10-16T00:00:00+00:00					LDS-1136_1.1.tar.gz	format:3751	data:1566	OBI:0002963	application/gzip
http://www.lincsproject.org/	LDS-1222	http://www.lincsproject.org/	LINCS phase 2	http://lincsportal.ccs.miami.edu/datasets/view/LDS-1222	2015-07-02T00:00:00+00:00					LDS-1222_2.0.tar.gz	format:3475	data:1566	OBI:0002946	application/gzip
http://www.lincsproject.org/	LDS-1465	http://www.lincsproject.org/	LINCS phase 2	http://lincsportal.ccs.miami.edu/datasets/view/LDS-1465	2016-11-10T00:00:00+00:00					LDS-1465_1.0.tar.gz	format:3475	data:2968	OBI:0002966	application/gzip
http://www.lincsproject.org/	LDS-1466	http://www.lincsproject.org/	LINCS phase 2	http://lincsportal.ccs.miami.edu/datasets/view/LDS-1466	2016-11-10T00:00:00+00:00					LDS-1466_1.0.tar.gz	format:3475	data:2968	OBI:0002966	application/gzip
http://www.lincsproject.org/	LDS-1467	http://www.lincsproject.org/	LINCS phase 2	http://lincsportal.ccs.miami.edu/datasets/view/LDS-1467	2016-11-10T00:00:00+00:00					LDS-1467_1.0.tar.gz	format:3475	data:2968	OBI:0002966	application/gzip
http://www.lincsproject.org/	LDS-1468	http://www.lincsproject.org/	LINCS phase 2	http://lincsportal.ccs.miami.edu/datasets/view/LDS-1468	2016-11-10T00:00:00+00:00					LDS-1468_1.0.tar.gz	format:3475	data:2968	OBI:0002966	application/gzip
http://www.lincsproject.org/	LDS-1469	http://www.lincsproject.org/	LINCS phase 2	http://lincsportal.ccs.miami.edu/datasets/view/LDS-1469	2016-11-10T00:00:00+00:00					LDS-1469_1.0.tar.gz	format:3475	data:2968	OBI:0002966	application/gzip
http://www.lincsproject.org/	LDS-1470	http://www.lincsproject.org/	LINCS phase 2	http://lincsportal.ccs.miami.edu/datasets/view/LDS-1470	2016-11-10T00:00:00+00:00					LDS-1470_1.0.tar.gz	format:3475	data:2968	OBI:0002966	application/gzip
http://www.lincsproject.org/	LDS-1471	http://www.lincsproject.org/	LINCS phase 2	http://lincsportal.ccs.miami.edu/datasets/view/LDS-1471	2016-11-10T00:00:00+00:00					LDS-1471_1.0.tar.gz	format:3475	data:2968	OBI:0002966	application/gzip
http://www.lincsproject.org/	LDS-1472	http://www.lincsproject.org/	LINCS phase 2	http://lincsportal.ccs.miami.edu/datasets/view/LDS-1472	2016-11-10T00:00:00+00:00					LDS-1472_1.0.tar.gz	format:3475	data:2968	OBI:0002966	application/gzip
http://www.lincsproject.org/	LDS-1473	http://www.lincsproject.org/	LINCS phase 2	http://lincsportal.ccs.miami.edu/datasets/view/LDS-1473	2016-11-10T00:00:00+00:00					LDS-1473_1.0.tar.gz	format:3475	data:2968	OBI:0002966	application/gzip
http://www.lincsproject.org/	LDS-1474	http://www.lincsproject.org/	LINCS phase 2	http://lincsportal.ccs.miami.edu/datasets/view/LDS-1474	2016-11-10T00:00:00+00:00					LDS-1474_1.0.tar.gz	format:3475	data:2968	OBI:0002966	application/gzip
http://www.lincsproject.org/	LDS-1475	http://www.lincsproject.org/	LINCS phase 2	http://lincsportal.ccs.miami.edu/datasets/view/LDS-1475	2016-11-10T00:00:00+00:00					LDS-1475_1.0.tar.gz	format:3475	data:2968	OBI:0002966	application/gzip
http://www.lincsproject.org/	LDS-1476	http://www.lincsproject.org/	LINCS phase 2	http://lincsportal.ccs.miami.edu/datasets/view/LDS-1476	2016-11-10T00:00:00+00:00					LDS-1476_1.0.tar.gz	format:3475	data:2968	OBI:0002966	application/gzip
http://www.lincsproject.org/	LDS-1477	http://www.lincsproject.org/	LINCS phase 2	http://lincsportal.ccs.miami.edu/datasets/view/LDS-1477	2016-11-10T00:00:00+00:00					LDS-1477_1.0.tar.gz	format:3475	data:2968	OBI:0002966	application/gzip
http://www.lincsproject.org/	LDS-1478	http://www.lincsproject.org/	LINCS phase 2	http://lincsportal.ccs.miami.edu/datasets/view/LDS-1478	2016-11-10T00:00:00+00:00					LDS-1478_1.0.tar.gz	format:3475	data:2968	OBI:0002966	application/gzip
http://www.lincsproject.org/	LDS-1479	http://www.lincsproject.org/	LINCS phase 2	http://lincsportal.ccs.miami.edu/datasets/view/LDS-1479	2016-11-10T00:00:00+00:00					LDS-1479_1.0.tar.gz	format:3475	data:2968	OBI:0002966	application/gzip
http://www.lincsproject.org/	LDS-1480	http://www.lincsproject.org/	LINCS phase 2	http://lincsportal.ccs.miami.edu/datasets/view/LDS-1480	2016-11-10T00:00:00+00:00					LDS-1480_1.0.tar.gz	format:3475	data:2968	OBI:0002966	application/gzip
http://www.lincsproject.org/	LDS-1427	http://www.lincsproject.org/	LINCS phase 2	http://lincsportal.ccs.miami.edu/datasets/view/LDS-1427	2016-11-10T00:00:00+00:00					LDS-1427_1.0.tar.gz	format:3475	data:2968	OBI:0002966	application/gzip
http://www.lincsproject.org/	LDS-1428	http://www.lincsproject.org/	LINCS phase 2	http://lincsportal.ccs.miami.edu/datasets/view/LDS-1428	2016-11-10T00:00:00+00:00					LDS-1428_1.0.tar.gz	format:3475	data:2968	OBI:0002966	application/gzip
http://www.lincsproject.org/	LDS-1429	http://www.lincsproject.org/	LINCS phase 2	http://lincsportal.ccs.miami.edu/datasets/view/LDS-1429	2016-11-10T00:00:00+00:00					LDS-1429_1.0.tar.gz	format:3475	data:2968	OBI:0002966	application/gzip
http://www.lincsproject.org/	LDS-1430	http://www.lincsproject.org/	LINCS phase 2	http://lincsportal.ccs.miami.edu/datasets/view/LDS-1430	2016-11-10T00:00:00+00:00					LDS-1430_1.0.tar.gz	format:3475	data:2968	OBI:0002966	application/gzip
http://www.lincsproject.org/	LDS-1431	http://www.lincsproject.org/	LINCS phase 2	http://lincsportal.ccs.miami.edu/datasets/view/LDS-1431	2016-11-10T00:00:00+00:00					LDS-1431_1.0.tar.gz	format:3475	data:2968	OBI:0002966	application/gzip
http://www.lincsproject.org/	LDS-1432	http://www.lincsproject.org/	LINCS phase 2	http://lincsportal.ccs.miami.edu/datasets/view/LDS-1432	2016-11-10T00:00:00+00:00					LDS-1432_1.0.tar.gz	format:3475	data:2968	OBI:0002966	application/gzip
http://www.lincsproject.org/	LDS-1433	http://www.lincsproject.org/	LINCS phase 2	http://lincsportal.ccs.miami.edu/datasets/view/LDS-1433	2016-11-10T00:00:00+00:00					LDS-1433_1.0.tar.gz	format:3475	data:2968	OBI:0002966	application/gzip
http://www.lincsproject.org/	LDS-1434	http://www.lincsproject.org/	LINCS phase 2	http://lincsportal.ccs.miami.edu/datasets/view/LDS-1434	2016-11-10T00:00:00+00:00					LDS-1434_1.0.tar.gz	format:3475	data:2968	OBI:0002966	application/gzip
http://www.lincsproject.org/	LDS-1463	http://www.lincsproject.org/	LINCS phase 2	http://lincsportal.ccs.miami.edu/datasets/view/LDS-1463	2016-11-10T00:00:00+00:00					LDS-1463_1.0.tar.gz	format:3475	data:2968	OBI:0002966	application/gzip
http://www.lincsproject.org/	LDS-1464	http://www.lincsproject.org/	LINCS phase 2	http://lincsportal.ccs.miami.edu/datasets/view/LDS-1464	2016-11-10T00:00:00+00:00					LDS-1464_1.0.tar.gz	format:3475	data:2968	OBI:0002966	application/gzip
http://www.lincsproject.org/	LDS-1435	http://www.lincsproject.org/	LINCS phase 2	http://lincsportal.ccs.miami.edu/datasets/view/LDS-1435	2016-11-10T00:00:00+00:00					LDS-1435_1.0.tar.gz	format:3475	data:2968	OBI:0002966	application/gzip
http://www.lincsproject.org/	LDS-1436	http://www.lincsproject.org/	LINCS phase 2	http://lincsportal.ccs.miami.edu/datasets/view/LDS-1436	2016-11-10T00:00:00+00:00					LDS-1436_1.0.tar.gz	format:3475	data:2968	OBI:0002966	application/gzip
http://www.lincsproject.org/	LDS-1437	http://www.lincsproject.org/	LINCS phase 2	http://lincsportal.ccs.miami.edu/datasets/view/LDS-1437	2016-11-10T00:00:00+00:00					LDS-1437_1.0.tar.gz	format:3475	data:2968	OBI:0002966	application/gzip
http://www.lincsproject.org/	LDS-1438	http://www.lincsproject.org/	LINCS phase 2	http://lincsportal.ccs.miami.edu/datasets/view/LDS-1438	2016-11-10T00:00:00+00:00					LDS-1438_1.0.tar.gz	format:3475	data:2968	OBI:0002966	application/gzip
http://www.lincsproject.org/	LDS-1439	http://www.lincsproject.org/	LINCS phase 2	http://lincsportal.ccs.miami.edu/datasets/view/LDS-1439	2016-11-10T00:00:00+00:00					LDS-1439_1.0.tar.gz	format:3475	data:2968	OBI:0002966	application/gzip
http://www.lincsproject.org/	LDS-1440	http://www.lincsproject.org/	LINCS phase 2	http://lincsportal.ccs.miami.edu/datasets/view/LDS-1440	2016-11-10T00:00:00+00:00					LDS-1440_1.0.tar.gz	format:3475	data:2968	OBI:0002966	application/gzip
http://www.lincsproject.org/	LDS-1441	http://www.lincsproject.org/	LINCS phase 2	http://lincsportal.ccs.miami.edu/datasets/view/LDS-1441	2016-11-10T00:00:00+00:00					LDS-1441_1.0.tar.gz	format:3475	data:2968	OBI:0002966	application/gzip
http://www.lincsproject.org/	LDS-1442	http://www.lincsproject.org/	LINCS phase 2	http://lincsportal.ccs.miami.edu/datasets/view/LDS-1442	2016-11-10T00:00:00+00:00					LDS-1442_1.0.tar.gz	format:3475	data:2968	OBI:0002966	application/gzip
http://www.lincsproject.org/	LDS-1451	http://www.lincsproject.org/	LINCS phase 2	http://lincsportal.ccs.miami.edu/datasets/view/LDS-1451	2016-11-10T00:00:00+00:00					LDS-1451_1.0.tar.gz	format:3475	data:2968	OBI:0002966	application/gzip
http://www.lincsproject.org/	LDS-1452	http://www.lincsproject.org/	LINCS phase 2	http://lincsportal.ccs.miami.edu/datasets/view/LDS-1452	2016-11-10T00:00:00+00:00					LDS-1452_1.0.tar.gz	format:3475	data:2968	OBI:0002966	application/gzip
http://www.lincsproject.org/	LDS-1443	http://www.lincsproject.org/	LINCS MCF10A project	http://lincsportal.ccs.miami.edu/datasets/view/LDS-1443	2016-11-10T00:00:00+00:00					LDS-1443_1.0.tar.gz	format:3475	data:2968	OBI:0002966	application/gzip
http://www.lincsproject.org/	LDS-1444	http://www.lincsproject.org/	LINCS MCF10A project	http://lincsportal.ccs.miami.edu/datasets/view/LDS-1444	2016-11-10T00:00:00+00:00					LDS-1444_1.0.tar.gz	format:3475	data:2968	OBI:0002966	application/gzip
http://www.lincsproject.org/	LDS-1445	http://www.lincsproject.org/	LINCS MCF10A project	http://lincsportal.ccs.miami.edu/datasets/view/LDS-1445	2016-11-10T00:00:00+00:00					LDS-1445_1.0.tar.gz	format:3475	data:2968	OBI:0002966	application/gzip
http://www.lincsproject.org/	LDS-1446	http://www.lincsproject.org/	LINCS MCF10A project	http://lincsportal.ccs.miami.edu/datasets/view/LDS-1446	2016-11-10T00:00:00+00:00					LDS-1446_1.0.tar.gz	format:3475	data:2968	OBI:0002966	application/gzip
http://www.lincsproject.org/	LDS-1453	http://www.lincsproject.org/	LINCS MCF10A project	http://lincsportal.ccs.miami.edu/datasets/view/LDS-1453	2016-11-10T00:00:00+00:00					LDS-1453_1.0.tar.gz	format:3475	data:2968	OBI:0002966	application/gzip
http://www.lincsproject.org/	LDS-1454	http://www.lincsproject.org/	LINCS MCF10A project	http://lincsportal.ccs.miami.edu/datasets/view/LDS-1454	2016-11-10T00:00:00+00:00					LDS-1454_1.0.tar.gz	format:3475	data:2968	OBI:0002966	application/gzip
http://www.lincsproject.org/	LDS-1455	http://www.lincsproject.org/	LINCS MCF10A project	http://lincsportal.ccs.miami.edu/datasets/view/LDS-1455	2016-11-10T00:00:00+00:00					LDS-1455_1.0.tar.gz	format:3475	data:2968	OBI:0002966	application/gzip
http://www.lincsproject.org/	LDS-1456	http://www.lincsproject.org/	LINCS MCF10A project	http://lincsportal.ccs.miami.edu/datasets/view/LDS-1456	2016-11-10T00:00:00+00:00					LDS-1456_1.0.tar.gz	format:3475	data:2968	OBI:0002966	application/gzip
http://www.lincsproject.org/	LDS-1447	http://www.lincsproject.org/	LINCS MCF10A project	http://lincsportal.ccs.miami.edu/datasets/view/LDS-1447	2016-11-10T00:00:00+00:00					LDS-1447_1.0.tar.gz	format:3475	data:2968	OBI:0002966	application/gzip
http://www.lincsproject.org/	LDS-1448	http://www.lincsproject.org/	LINCS MCF10A project	http://lincsportal.ccs.miami.edu/datasets/view/LDS-1448	2016-11-10T00:00:00+00:00					LDS-1448_1.0.tar.gz	format:3475	data:2968	OBI:0002966	application/gzip
http://www.lincsproject.org/	LDS-1449	http://www.lincsproject.org/	LINCS MCF10A project	http://lincsportal.ccs.miami.edu/datasets/view/LDS-1449	2016-11-10T00:00:00+00:00					LDS-1449_1.0.tar.gz	format:3475	data:2968	OBI:0002966	application/gzip
http://www.lincsproject.org/	LDS-1450	http://www.lincsproject.org/	LINCS MCF10A project	http://lincsportal.ccs.miami.edu/datasets/view/LDS-1450	2016-11-10T00:00:00+00:00					LDS-1450_1.0.tar.gz	format:3475	data:2968	OBI:0002966	application/gzip
http://www.lincsproject.org/	LDS-1457	http://www.lincsproject.org/	LINCS MCF10A project	http://lincsportal.ccs.miami.edu/datasets/view/LDS-1457	2016-11-10T00:00:00+00:00					LDS-1457_1.0.tar.gz	format:3475	data:2968	OBI:0002966	application/gzip
http://www.lincsproject.org/	LDS-1458	http://www.lincsproject.org/	LINCS MCF10A project	http://lincsportal.ccs.miami.edu/datasets/view/LDS-1458	2016-11-10T00:00:00+00:00					LDS-1458_1.0.tar.gz	format:3475	data:2968	OBI:0002966	application/gzip
http://www.lincsproject.org/	LDS-1459	http://www.lincsproject.org/	LINCS MCF10A project	http://lincsportal.ccs.miami.edu/datasets/view/LDS-1459	2016-11-10T00:00:00+00:00					LDS-1459_1.0.tar.gz	format:3475	data:2968	OBI:0002966	application/gzip
http://www.lincsproject.org/	LDS-1460	http://www.lincsproject.org/	LINCS MCF10A project	http://lincsportal.ccs.miami.edu/datasets/view/LDS-1460	2016-11-10T00:00:00+00:00					LDS-1460_1.0.tar.gz	format:3475	data:2968	OBI:0002966	application/gzip
http://www.lincsproject.org/	LDS-1461	http://www.lincsproject.org/	LINCS MCF10A project	http://lincsportal.ccs.miami.edu/datasets/view/LDS-1461	2016-11-10T00:00:00+00:00					LDS-1461_1.0.tar.gz	format:3475	data:2968	OBI:0002966	application/gzip
http://www.lincsproject.org/	LDS-1462	http://www.lincsproject.org/	LINCS MCF10A project	http://lincsportal.ccs.miami.edu/datasets/view/LDS-1462	2016-11-10T00:00:00+00:00					LDS-1462_1.0.tar.gz	format:3475	data:2968	OBI:0002966	application/gzip
http://www.lincsproject.org/	LDS-1296	http://www.lincsproject.org/	LINCS phase 2	http://lincsportal.ccs.miami.edu/datasets/view/LDS-1296	2016-03-09T00:00:00+00:00					LDS-1296_1.1.tar.gz	format:3475	data:2968	OBI:0002966	application/gzip
http://www.lincsproject.org/	LDS-1297	http://www.lincsproject.org/	LINCS phase 2	http://lincsportal.ccs.miami.edu/datasets/view/LDS-1297	2016-03-09T00:00:00+00:00					LDS-1297_1.1.tar.gz	format:3475	data:2968	OBI:0002966	application/gzip
http://www.lincsproject.org/	LDS-1298	http://www.lincsproject.org/	LINCS phase 2	http://lincsportal.ccs.miami.edu/datasets/view/LDS-1298	2016-03-09T00:00:00+00:00					LDS-1298_1.1.tar.gz	format:3475	data:2968	OBI:0002966	application/gzip
http://www.lincsproject.org/	LDS-1299	http://www.lincsproject.org/	LINCS phase 2	http://lincsportal.ccs.miami.edu/datasets/view/LDS-1299	2016-03-09T00:00:00+00:00					LDS-1299_1.1.tar.gz	format:3475	data:2968	OBI:0002966	application/gzip
http://www.lincsproject.org/	LDS-1300	http://www.lincsproject.org/	LINCS phase 2	http://lincsportal.ccs.miami.edu/datasets/view/LDS-1300	2016-03-09T00:00:00+00:00					LDS-1300_1.1.tar.gz	format:3475	data:2968	OBI:0002966	application/gzip
http://www.lincsproject.org/	LDS-1301	http://www.lincsproject.org/	LINCS phase 2	http://lincsportal.ccs.miami.edu/datasets/view/LDS-1301	2016-03-09T00:00:00+00:00					LDS-1301_1.1.tar.gz	format:3475	data:2968	OBI:0002966	application/gzip
http://www.lincsproject.org/	LDS-1302	http://www.lincsproject.org/	LINCS phase 2	http://lincsportal.ccs.miami.edu/datasets/view/LDS-1302	2016-03-09T00:00:00+00:00					LDS-1302_1.1.tar.gz	format:3475	data:2968	OBI:0002966	application/gzip
http://www.lincsproject.org/	LDS-1303	http://www.lincsproject.org/	LINCS phase 2	http://lincsportal.ccs.miami.edu/datasets/view/LDS-1303	2016-03-09T00:00:00+00:00					LDS-1303_1.1.tar.gz	format:3475	data:2968	OBI:0002966	application/gzip
http://www.lincsproject.org/	LJP005_A375_24H:A03	http://www.lincsproject.org/	LINCS L1000							L1000_LINCS_DCIC_LJP005_A375_24H_A03_DMSO.tsv	format:3475	data:3112	OBI:0002965	application/gzip
http://www.lincsproject.org/	LPROT001_A375_6H:B03	http://www.lincsproject.org/	LINCS L1000							L1000_LINCS_DCIC_LPROT001_A375_6H_B03_DMSO.tsv	format:3475	data:3112	OBI:0002965	application/gzip
http://www.lincsproject.org/	LPROT001_A375_6H:B05	http://www.lincsproject.org/	LINCS L1000							L1000_LINCS_DCIC_LPROT001_A375_6H_B05_DMSO.tsv	format:3475	data:3112	OBI:0002965	application/gzip
http://www.lincsproject.org/	LPROT002_A375_6H:B03	http://www.lincsproject.org/	LINCS L1000							L1000_LINCS_DCIC_LPROT002_A375_6H_B03_DMSO.tsv	format:3475	data:3112	OBI:0002965	application/gzip
http://www.lincsproject.org/	LPROT002_A375_6H:B05	http://www.lincsproject.org/	LINCS L1000							L1000_LINCS_DCIC_LPROT002_A375_6H_B05_DMSO.tsv	format:3475	data:3112	OBI:0002965	application/gzip
http://www.lincsproject.org/	LJP005_A375_24H:N19	http://www.lincsproject.org/	LINCS L1000							L1000_LINCS_DCIC_LJP005_A375_24H_N19_DMSO.tsv	format:3475	data:3112	OBI:0002965	application/gzip
http://www.lincsproject.org/	LJP005_A375_24H:N20	http://www.lincsproject.org/	LINCS L1000							L1000_LINCS_DCIC_LJP005_A375_24H_N20_DMSO.tsv	format:3475	data:3112	OBI:0002965	application/gzip
http://www.lincsproject.org/	LJP005_A375_24H:N21	http://www.lincsproject.org/	LINCS L1000							L1000_LINCS_DCIC_LJP005_A375_24H_N21_DMSO.tsv	format:3475	data:3112	OBI:0002965	application/gzip
http://www.lincsproject.org/	LJP005_A375_24H:N22	http://www.lincsproject.org/	LINCS L1000							L1000_LINCS_DCIC_LJP005_A375_24H_N22_DMSO.tsv	format:3475	data:3112	OBI:0002965	application/gzip
http://www.lincsproject.org/	LJP005_A375_24H:N23	http://www.lincsproject.org/	LINCS L1000							L1000_LINCS_DCIC_LJP005_A375_24H_N23_DMSO.tsv	format:3475	data:3112	OBI:0002965	application/gzip
http://www.lincsproject.org/	LJP005_A375_24H:N24	http://www.lincsproject.org/	LINCS L1000							L1000_LINCS_DCIC_LJP005_A375_24H_N24_DMSO.tsv	format:3475	data:3112	OBI:0002965	application/gzip
http://www.lincsproject.org/	LJP005_A375_24H:F07	http://www.lincsproject.org/	LINCS L1000							L1000_LINCS_DCIC_LJP005_A375_24H_F07_DMSO.tsv	format:3475	data:3112	OBI:0002965	application/gzip
http://www.lincsproject.org/	LJP005_A375_24H:F08	http://www.lincsproject.org/	LINCS L1000							L1000_LINCS_DCIC_LJP005_A375_24H_F08_DMSO.tsv	format:3475	data:3112	OBI:0002965	application/gzip
http://www.lincsproject.org/	LJP005_A375_24H:F09	http://www.lincsproject.org/	LINCS L1000							L1000_LINCS_DCIC_LJP005_A375_24H_F09_DMSO.tsv	format:3475	data:3112	OBI:0002965	application/gzip
http://www.lincsproject.org/	LJP005_A375_24H:F10	http://www.lincsproject.org/	LINCS L1000							L1000_LINCS_DCIC_LJP005_A375_24H_F10_DMSO.tsv	format:3475	data:3112	OBI:0002965	application/gzip
http://www.lincsproject.org/	LJP005_A375_24H:F11	http://www.lincsproject.org/	LINCS L1000							L1000_LINCS_DCIC_LJP005_A375_24H_F11_DMSO.tsv	format:3475	data:3112	OBI:0002965	application/gzip
http://www.lincsproject.org/	LJP005_A375_24H:F12	http://www.lincsproject.org/	LINCS L1000							L1000_LINCS_DCIC_LJP005_A375_24H_F12_DMSO.tsv	format:3475	data:3112	OBI:0002965	application/gzip
http://www.lincsproject.org/	LJP005_A375_24H:A04	http://www.lincsproject.org/	LINCS L1000							L1000_LINCS_DCIC_LJP005_A375_24H_A04_DMSO.tsv	format:3475	data:3112	OBI:0002965	application/gzip
http://www.lincsproject.org/	LJP005_A375_24H:B03	http://www.lincsproject.org/	LINCS L1000							L1000_LINCS_DCIC_LJP005_A375_24H_B03_DMSO.tsv	format:3475	data:3112	OBI:0002965	application/gzip
http://www.lincsproject.org/	LJP006_A375_24H:A03	http://www.lincsproject.org/	LINCS L1000							L1000_LINCS_DCIC_LJP006_A375_24H_A03_DMSO.tsv	format:3475	data:3112	OBI:0002965	application/gzip
http://www.lincsproject.org/	LJP006_A375_24H:A04	http://www.lincsproject.org/	LINCS L1000							L1000_LINCS_DCIC_LJP006_A375_24H_A04_DMSO.tsv	format:3475	data:3112	OBI:0002965	application/gzip
http://www.lincsproject.org/	LJP006_A375_24H:A05	http://www.lincsproject.org/	LINCS L1000							L1000_LINCS_DCIC_LJP006_A375_24H_A05_DMSO.tsv	format:3475	data:3112	OBI:0002965	application/gzip
http://www.lincsproject.org/	LJP006_A375_24H:A06	http://www.lincsproject.org/	LINCS L1000							L1000_LINCS_DCIC_LJP006_A375_24H_A06_DMSO.tsv	format:3475	data:3112	OBI:0002965	application/gzip
http://www.lincsproject.org/	LJP005_A375_24H:J13	http://www.lincsproject.org/	LINCS L1000							L1000_LINCS_DCIC_LJP005_A375_24H_J13_DMSO.tsv	format:3475	data:3112	OBI:0002965	application/gzip
http://www.lincsproject.org/	LJP006_A375_24H:B03	http://www.lincsproject.org/	LINCS L1000							L1000_LINCS_DCIC_LJP006_A375_24H_B03_DMSO.tsv	format:3475	data:3112	OBI:0002965	application/gzip
http://www.lincsproject.org/	LJP006_A375_24H:B04	http://www.lincsproject.org/	LINCS L1000							L1000_LINCS_DCIC_LJP006_A375_24H_B04_DMSO.tsv	format:3475	data:3112	OBI:0002965	application/gzip
http://www.lincsproject.org/	LJP006_A375_24H:B05	http://www.lincsproject.org/	LINCS L1000							L1000_LINCS_DCIC_LJP006_A375_24H_B05_DMSO.tsv	format:3475	data:3112	OBI:0002965	application/gzip
http://www.lincsproject.org/	LJP006_A375_24H:B06	http://www.lincsproject.org/	LINCS L1000							L1000_LINCS_DCIC_LJP006_A375_24H_B06_DMSO.tsv	format:3475	data:3112	OBI:0002965	application/gzip
http://www.lincsproject.org/	LJP005_A375_24H:J14	http://www.lincsproject.org/	LINCS L1000							L1000_LINCS_DCIC_LJP005_A375_24H_J14_DMSO.tsv	format:3475	data:3112	OBI:0002965	application/gzip
http://www.lincsproject.org/	LJP006_A375_24H:F07	http://www.lincsproject.org/	LINCS L1000							L1000_LINCS_DCIC_LJP006_A375_24H_F07_DMSO.tsv	format:3475	data:3112	OBI:0002965	application/gzip
http://www.lincsproject.org/	LJP006_A375_24H:F08	http://www.lincsproject.org/	LINCS L1000							L1000_LINCS_DCIC_LJP006_A375_24H_F08_DMSO.tsv	format:3475	data:3112	OBI:0002965	application/gzip
http://www.lincsproject.org/	LJP006_A375_24H:F09	http://www.lincsproject.org/	LINCS L1000							L1000_LINCS_DCIC_LJP006_A375_24H_F09_DMSO.tsv	format:3475	data:3112	OBI:0002965	application/gzip
http://www.lincsproject.org/	LJP006_A375_24H:F10	http://www.lincsproject.org/	LINCS L1000							L1000_LINCS_DCIC_LJP006_A375_24H_F10_DMSO.tsv	format:3475	data:3112	OBI:0002965	application/gzip
http://www.lincsproject.org/	LJP006_A375_24H:F11	http://www.lincsproject.org/	LINCS L1000							L1000_LINCS_DCIC_LJP006_A375_24H_F11_DMSO.tsv	format:3475	data:3112	OBI:0002965	application/gzip
http://www.lincsproject.org/	LJP006_A375_24H:F12	http://www.lincsproject.org/	LINCS L1000							L1000_LINCS_DCIC_LJP006_A375_24H_F12_DMSO.tsv	format:3475	data:3112	OBI:0002965	application/gzip
http://www.lincsproject.org/	LJP006_A375_24H:J13	http://www.lincsproject.org/	LINCS L1000							L1000_LINCS_DCIC_LJP006_A375_24H_J13_DMSO.tsv	format:3475	data:3112	OBI:0002965	application/gzip
http://www.lincsproject.org/	LJP006_A375_24H:J14	http://www.lincsproject.org/	LINCS L1000							L1000_LINCS_DCIC_LJP006_A375_24H_J14_DMSO.tsv	format:3475	data:3112	OBI:0002965	application/gzip
http://www.lincsproject.org/	LJP006_A375_24H:J15	http://www.lincsproject.org/	LINCS L1000							L1000_LINCS_DCIC_LJP006_A375_24H_J15_DMSO.tsv	format:3475	data:3112	OBI:0002965	application/gzip
http://www.lincsproject.org/	LJP005_A375_24H:J15	http://www.lincsproject.org/	LINCS L1000							L1000_LINCS_DCIC_LJP005_A375_24H_J15_DMSO.tsv	format:3475	data:3112	OBI:0002965	application/gzip
http://www.lincsproject.org/	LJP006_A375_24H:J16	http://www.lincsproject.org/	LINCS L1000							L1000_LINCS_DCIC_LJP006_A375_24H_J16_DMSO.tsv	format:3475	data:3112	OBI:0002965	application/gzip
http://www.lincsproject.org/	LJP006_A375_24H:J17	http://www.lincsproject.org/	LINCS L1000							L1000_LINCS_DCIC_LJP006_A375_24H_J17_DMSO.tsv	format:3475	data:3112	OBI:0002965	application/gzip
http://www.lincsproject.org/	LJP006_A375_24H:J18	http://www.lincsproject.org/	LINCS L1000							L1000_LINCS_DCIC_LJP006_A375_24H_J18_DMSO.tsv	format:3475	data:3112	OBI:0002965	application/gzip
http://www.lincsproject.org/	LJP006_A375_24H:N19	http://www.lincsproject.org/	LINCS L1000							L1000_LINCS_DCIC_LJP006_A375_24H_N19_DMSO.tsv	format:3475	data:3112	OBI:0002965	application/gzip
http://www.lincsproject.org/	LJP006_A375_24H:N20	http://www.lincsproject.org/	LINCS L1000							L1000_LINCS_DCIC_LJP006_A375_24H_N20_DMSO.tsv	format:3475	data:3112	OBI:0002965	application/gzip
http://www.lincsproject.org/	LJP006_A375_24H:N21	http://www.lincsproject.org/	LINCS L1000							L1000_LINCS_DCIC_LJP006_A375_24H_N21_DMSO.tsv	format:3475	data:3112	OBI:0002965	application/gzip
http://www.lincsproject.org/	LJP005_A375_24H:J16	http://www.lincsproject.org/	LINCS L1000							L1000_LINCS_DCIC_LJP005_A375_24H_J16_DMSO.tsv	format:3475	data:3112	OBI:0002965	application/gzip
http://www.lincsproject.org/	LJP006_A375_24H:N22	http://www.lincsproject.org/	LINCS L1000							L1000_LINCS_DCIC_LJP006_A375_24H_N22_DMSO.tsv	format:3475	data:3112	OBI:0002965	application/gzip
http://www.lincsproject.org/	LJP006_A375_24H:N23	http://www.lincsproject.org/	LINCS L1000							L1000_LINCS_DCIC_LJP006_A375_24H_N23_DMSO.tsv	format:3475	data:3112	OBI:0002965	application/gzip
http://www.lincsproject.org/	LJP006_A375_24H:N24	http://www.lincsproject.org/	LINCS L1000							L1000_LINCS_DCIC_LJP006_A375_24H_N24_DMSO.tsv	format:3475	data:3112	OBI:0002965	application/gzip
http://www.lincsproject.org/	LJP005_A375_24H:J17	http://www.lincsproject.org/	LINCS L1000							L1000_LINCS_DCIC_LJP005_A375_24H_J17_DMSO.tsv	format:3475	data:3112	OBI:0002965	application/gzip
http://www.lincsproject.org/	LJP005_A375_24H:J18	http://www.lincsproject.org/	LINCS L1000							L1000_LINCS_DCIC_LJP005_A375_24H_J18_DMSO.tsv	format:3475	data:3112	OBI:0002965	application/gzip
http://www.lincsproject.org/	LJP005_A375_24H:B04	http://www.lincsproject.org/	LINCS L1000							L1000_LINCS_DCIC_LJP005_A375_24H_B04_DMSO.tsv	format:3475	data:3112	OBI:0002965	application/gzip
http://www.lincsproject.org/	LJP005_A375_24H:B05	http://www.lincsproject.org/	LINCS L1000							L1000_LINCS_DCIC_LJP005_A375_24H_B05_DMSO.tsv	format:3475	data:3112	OBI:0002965	application/gzip
http://www.lincsproject.org/	LJP005_A375_24H:B06	http://www.lincsproject.org/	LINCS L1000							L1000_LINCS_DCIC_LJP005_A375_24H_B06_DMSO.tsv	format:3475	data:3112	OBI:0002965	application/gzip
http://www.lincsproject.org/	LJP005_A375_24H:A05	http://www.lincsproject.org/	LINCS L1000							L1000_LINCS_DCIC_LJP005_A375_24H_A05_DMSO.tsv	format:3475	data:3112	OBI:0002965	application/gzip
http://www.lincsproject.org/	LJP005_A375_24H:A06	http://www.lincsproject.org/	LINCS L1000							L1000_LINCS_DCIC_LJP005_A375_24H_A06_DMSO.tsv	format:3475	data:3112	OBI:0002965	application/gzip
http://www.lincsproject.org/	LJP007_A375_24H:A05	http://www.lincsproject.org/	LINCS L1000							L1000_LINCS_DCIC_LJP007_A375_24H_A05_DMSO.tsv	format:3475	data:3112	OBI:0002965	application/gzip
http://www.lincsproject.org/	LJP007_A375_24H:A06	http://www.lincsproject.org/	LINCS L1000							L1000_LINCS_DCIC_LJP007_A375_24H_A06_DMSO.tsv	format:3475	data:3112	OBI:0002965	application/gzip
http://www.lincsproject.org/	LJP007_A375_24H:B05	http://www.lincsproject.org/	LINCS L1000							L1000_LINCS_DCIC_LJP007_A375_24H_B05_DMSO.tsv	format:3475	data:3112	OBI:0002965	application/gzip
http://www.lincsproject.org/	LJP007_A375_24H:B06	http://www.lincsproject.org/	LINCS L1000							L1000_LINCS_DCIC_LJP007_A375_24H_B06_DMSO.tsv	format:3475	data:3112	OBI:0002965	application/gzip
http://www.lincsproject.org/	LJP007_A375_24H:F07	http://www.lincsproject.org/	LINCS L1000							L1000_LINCS_DCIC_LJP007_A375_24H_F07_DMSO.tsv	format:3475	data:3112	OBI:0002965	application/gzip
http://www.lincsproject.org/	LJP007_A375_24H:F08	http://www.lincsproject.org/	LINCS L1000							L1000_LINCS_DCIC_LJP007_A375_24H_F08_DMSO.tsv	format:3475	data:3112	OBI:0002965	application/gzip
http://www.lincsproject.org/	LJP007_A375_24H:F09	http://www.lincsproject.org/	LINCS L1000							L1000_LINCS_DCIC_LJP007_A375_24H_F09_DMSO.tsv	format:3475	data:3112	OBI:0002965	application/gzip
http://www.lincsproject.org/	LJP007_A375_24H:F10	http://www.lincsproject.org/	LINCS L1000							L1000_LINCS_DCIC_LJP007_A375_24H_F10_DMSO.tsv	format:3475	data:3112	OBI:0002965	application/gzip
http://www.lincsproject.org/	LJP007_A375_24H:F11	http://www.lincsproject.org/	LINCS L1000							L1000_LINCS_DCIC_LJP007_A375_24H_F11_DMSO.tsv	format:3475	data:3112	OBI:0002965	application/gzip
http://www.lincsproject.org/	LJP007_A375_24H:F12	http://www.lincsproject.org/	LINCS L1000							L1000_LINCS_DCIC_LJP007_A375_24H_F12_DMSO.tsv	format:3475	data:3112	OBI:0002965	application/gzip
http://www.lincsproject.org/	LJP007_A375_24H:J13	http://www.lincsproject.org/	LINCS L1000							L1000_LINCS_DCIC_LJP007_A375_24H_J13_DMSO.tsv	format:3475	data:3112	OBI:0002965	application/gzip
http://www.lincsproject.org/	LJP007_A375_24H:J14	http://www.lincsproject.org/	LINCS L1000							L1000_LINCS_DCIC_LJP007_A375_24H_J14_DMSO.tsv	format:3475	data:3112	OBI:0002965	application/gzip
http://www.lincsproject.org/	LJP007_A375_24H:J15	http://www.lincsproject.org/	LINCS L1000							L1000_LINCS_DCIC_LJP007_A375_24H_J15_DMSO.tsv	format:3475	data:3112	OBI:0002965	application/gzip
http://www.lincsproject.org/	LJP007_A375_24H:J16	http://www.lincsproject.org/	LINCS L1000							L1000_LINCS_DCIC_LJP007_A375_24H_J16_DMSO.tsv	format:3475	data:3112	OBI:0002965	application/gzip
http://www.lincsproject.org/	LJP007_A375_24H:J17	http://www.lincsproject.org/	LINCS L1000							L1000_LINCS_DCIC_LJP007_A375_24H_J17_DMSO.tsv	format:3475	data:3112	OBI:0002965	application/gzip
http://www.lincsproject.org/	LJP007_A375_24H:J18	http://www.lincsproject.org/	LINCS L1000							L1000_LINCS_DCIC_LJP007_A375_24H_J18_DMSO.tsv	format:3475	data:3112	OBI:0002965	application/gzip
http://www.lincsproject.org/	LJP007_A375_24H:N19	http://www.lincsproject.org/	LINCS L1000							L1000_LINCS_DCIC_LJP007_A375_24H_N19_DMSO.tsv	format:3475	data:3112	OBI:0002965	application/gzip
http://www.lincsproject.org/	LJP007_A375_24H:N20	http://www.lincsproject.org/	LINCS L1000							L1000_LINCS_DCIC_LJP007_A375_24H_N20_DMSO.tsv	format:3475	data:3112	OBI:0002965	application/gzip
http://www.lincsproject.org/	LJP007_A375_24H:N21	http://www.lincsproject.org/	LINCS L1000							L1000_LINCS_DCIC_LJP007_A375_24H_N21_DMSO.tsv	format:3475	data:3112	OBI:0002965	application/gzip
http://www.lincsproject.org/	LJP007_A375_24H:N22	http://www.lincsproject.org/	LINCS L1000							L1000_LINCS_DCIC_LJP007_A375_24H_N22_DMSO.tsv	format:3475	data:3112	OBI:0002965	application/gzip
http://www.lincsproject.org/	LJP007_A375_24H:N23	http://www.lincsproject.org/	LINCS L1000							L1000_LINCS_DCIC_LJP007_A375_24H_N23_DMSO.tsv	format:3475	data:3112	OBI:0002965	application/gzip
http://www.lincsproject.org/	LJP007_A375_24H:N24	http://www.lincsproject.org/	LINCS L1000							L1000_LINCS_DCIC_LJP007_A375_24H_N24_DMSO.tsv	format:3475	data:3112	OBI:0002965	application/gzip
http://www.lincsproject.org/	LJP008_A375_24H:A05	http://www.lincsproject.org/	LINCS L1000							L1000_LINCS_DCIC_LJP008_A375_24H_A05_DMSO.tsv	format:3475	data:3112	OBI:0002965	application/gzip
http://www.lincsproject.org/	LJP008_A375_24H:A06	http://www.lincsproject.org/	LINCS L1000							L1000_LINCS_DCIC_LJP008_A375_24H_A06_DMSO.tsv	format:3475	data:3112	OBI:0002965	application/gzip
http://www.lincsproject.org/	LJP008_A375_24H:B05	http://www.lincsproject.org/	LINCS L1000							L1000_LINCS_DCIC_LJP008_A375_24H_B05_DMSO.tsv	format:3475	data:3112	OBI:0002965	application/gzip
http://www.lincsproject.org/	LJP008_A375_24H:B06	http://www.lincsproject.org/	LINCS L1000							L1000_LINCS_DCIC_LJP008_A375_24H_B06_DMSO.tsv	format:3475	data:3112	OBI:0002965	application/gzip
http://www.lincsproject.org/	LJP008_A375_24H:F07	http://www.lincsproject.org/	LINCS L1000							L1000_LINCS_DCIC_LJP008_A375_24H_F07_DMSO.tsv	format:3475	data:3112	OBI:0002965	application/gzip
http://www.lincsproject.org/	LJP008_A375_24H:F08	http://www.lincsproject.org/	LINCS L1000							L1000_LINCS_DCIC_LJP008_A375_24H_F08_DMSO.tsv	format:3475	data:3112	OBI:0002965	application/gzip
http://www.lincsproject.org/	LJP008_A375_24H:F09	http://www.lincsproject.org/	LINCS L1000							L1000_LINCS_DCIC_LJP008_A375_24H_F09_DMSO.tsv	format:3475	data:3112	OBI:0002965	application/gzip
http://www.lincsproject.org/	LJP008_A375_24H:F10	http://www.lincsproject.org/	LINCS L1000							L1000_LINCS_DCIC_LJP008_A375_24H_F10_DMSO.tsv	format:3475	data:3112	OBI:0002965	application/gzip
http://www.lincsproject.org/	LJP008_A375_24H:F11	http://www.lincsproject.org/	LINCS L1000							L1000_LINCS_DCIC_LJP008_A375_24H_F11_DMSO.tsv	format:3475	data:3112	OBI:0002965	application/gzip
http://www.lincsproject.org/	LJP008_A375_24H:F12	http://www.lincsproject.org/	LINCS L1000							L1000_LINCS_DCIC_LJP008_A375_24H_F12_DMSO.tsv	format:3475	data:3112	OBI:0002965	application/gzip
http://www.lincsproject.org/	LJP008_A375_24H:J13	http://www.lincsproject.org/	LINCS L1000							L1000_LINCS_DCIC_LJP008_A375_24H_J13_DMSO.tsv	format:3475	data:3112	OBI:0002965	application/gzip
http://www.lincsproject.org/	LJP008_A375_24H:J14	http://www.lincsproject.org/	LINCS L1000							L1000_LINCS_DCIC_LJP008_A375_24H_J14_DMSO.tsv	format:3475	data:3112	OBI:0002965	application/gzip
http://www.lincsproject.org/	LJP008_A375_24H:J15	http://www.lincsproject.org/	LINCS L1000							L1000_LINCS_DCIC_LJP008_A375_24H_J15_DMSO.tsv	format:3475	data:3112	OBI:0002965	application/gzip
http://www.lincsproject.org/	LJP008_A375_24H:J16	http://www.lincsproject.org/	LINCS L1000							L1000_LINCS_DCIC_LJP008_A375_24H_J16_DMSO.tsv	format:3475	data:3112	OBI:0002965	application/gzip
http://www.lincsproject.org/	LJP008_A375_24H:J17	http://www.lincsproject.org/	LINCS L1000							L1000_LINCS_DCIC_LJP008_A375_24H_J17_DMSO.tsv	format:3475	data:3112	OBI:0002965	application/gzip
http://www.lincsproject.org/	LJP008_A375_24H:J18	http://www.lincsproject.org/	LINCS L1000							L1000_LINCS_DCIC_LJP008_A375_24H_J18_DMSO.tsv	format:3475	data:3112	OBI:0002965	application/gzip
http://www.lincsproject.org/	LJP008_A375_24H:N19	http://www.lincsproject.org/	LINCS L1000							L1000_LINCS_DCIC_LJP008_A375_24H_N19_DMSO.tsv	format:3475	data:3112	OBI:0002965	application/gzip
http://www.lincsproject.org/	LJP008_A375_24H:N20	http://www.lincsproject.org/	LINCS L1000							L1000_LINCS_DCIC_LJP008_A375_24H_N20_DMSO.tsv	format:3475	data:3112	OBI:0002965	application/gzip
http://www.lincsproject.org/	LJP008_A375_24H:N21	http://www.lincsproject.org/	LINCS L1000							L1000_LINCS_DCIC_LJP008_A375_24H_N21_DMSO.tsv	format:3475	data:3112	OBI:0002965	application/gzip
http://www.lincsproject.org/	LJP008_A375_24H:N22	http://www.lincsproject.org/	LINCS L1000							L1000_LINCS_DCIC_LJP008_A375_24H_N22_DMSO.tsv	format:3475	data:3112	OBI:0002965	application/gzip
http://www.lincsproject.org/	LJP008_A375_24H:N23	http://www.lincsproject.org/	LINCS L1000							L1000_LINCS_DCIC_LJP008_A375_24H_N23_DMSO.tsv	format:3475	data:3112	OBI:0002965	application/gzip
http://www.lincsproject.org/	LJP008_A375_24H:N24	http://www.lincsproject.org/	LINCS L1000							L1000_LINCS_DCIC_LJP008_A375_24H_N24_DMSO.tsv	format:3475	data:3112	OBI:0002965	application/gzip
http://www.lincsproject.org/	LJP008_A375_24H:P19	http://www.lincsproject.org/	LINCS L1000							L1000_LINCS_DCIC_LJP008_A375_24H_P19_DMSO.tsv	format:3475	data:3112	OBI:0002965	application/gzip
http://www.lincsproject.org/	LJP008_A375_24H:P20	http://www.lincsproject.org/	LINCS L1000							L1000_LINCS_DCIC_LJP008_A375_24H_P20_DMSO.tsv	format:3475	data:3112	OBI:0002965	application/gzip
http://www.lincsproject.org/	LJP008_A375_24H:P21	http://www.lincsproject.org/	LINCS L1000							L1000_LINCS_DCIC_LJP008_A375_24H_P21_DMSO.tsv	format:3475	data:3112	OBI:0002965	application/gzip
http://www.lincsproject.org/	LJP008_A375_24H:P22	http://www.lincsproject.org/	LINCS L1000							L1000_LINCS_DCIC_LJP008_A375_24H_P22_DMSO.tsv	format:3475	data:3112	OBI:0002965	application/gzip
http://www.lincsproject.org/	LJP008_A375_24H:P23	http://www.lincsproject.org/	LINCS L1000							L1000_LINCS_DCIC_LJP008_A375_24H_P23_DMSO.tsv	format:3475	data:3112	OBI:0002965	application/gzip
http://www.lincsproject.org/	LJP008_A375_24H:P24	http://www.lincsproject.org/	LINCS L1000							L1000_LINCS_DCIC_LJP008_A375_24H_P24_DMSO.tsv	format:3475	data:3112	OBI:0002965	application/gzip
