id_namespace	local_id	persistent_id	creation_time	abbreviation	name	description
http://www.lincsproject.org/	LINCS	http://www.lincsproject.org/		LINCS	Library of Integrated Network-based Cellular Signatures	The Library of Integrated Network-Based Cellular Signatures (LINCS) Program aims to create a network-based understanding of biology by cataloging changes in gene expression and other cellular processes that occur when cells are exposed to a variety of perturbing agents.
http://www.lincsproject.org/	LINCS phase 2				LINCS phase 2	
http://www.lincsproject.org/	LINCS phase 1				LINCS phase 1	
http://www.lincsproject.org/	External				External	
http://www.lincsproject.org/	LINCS MCF10A project				LINCS MCF10A project	
http://www.lincsproject.org/	LINCS joint project				LINCS joint project	
http://www.lincsproject.org/	LINCS trans-center				LINCS trans-center	
http://www.lincsproject.org/	LINCS L1000	https://www.ncbi.nlm.nih.gov/geo/query/acc.cgi?acc=GSE70138		CMAP	L1000 Connectivity Map perturbational profiles from Broad Institute LINCS Center for Transcriptomics LINCS Phase 2	The Library of Integrated Cellular Signatures (LINCS) is an NIH program which funds the generation of perturbational profiles across multiple cell and perturbation types, as well as read-outs, at a massive scale. The LINCS Center for Transcriptomics at the Broad Institute uses the L1000 high-throughput gene-expression assay to build a Connectivity Map which seeks to enable the discovery of functional connections between drugs, genes and diseases through analysis of patterns induced by common gene-expression changes.
