subject_id_namespace	subject_local_id	collection_id_namespace	collection_local_id
http://www.lincsproject.org/	LCL-2221	http://www.lincsproject.org/	LDG-1251
http://www.lincsproject.org/	LCL-2094	http://www.lincsproject.org/	LDG-1251
http://www.lincsproject.org/	LCL-1601	http://www.lincsproject.org/	LDG-1104
http://www.lincsproject.org/	LCL-1235	http://www.lincsproject.org/	LDG-1074
http://www.lincsproject.org/	LCL-2091	http://www.lincsproject.org/	LDG-1215
http://www.lincsproject.org/	LCL-2092	http://www.lincsproject.org/	LDG-1215
http://www.lincsproject.org/	LCL-1279	http://www.lincsproject.org/	LDG-1215
http://www.lincsproject.org/	LCL-1260	http://www.lincsproject.org/	LDG-1215
http://www.lincsproject.org/	LCL-1277	http://www.lincsproject.org/	LDG-1215
http://www.lincsproject.org/	LCL-1261	http://www.lincsproject.org/	LDG-1215
http://www.lincsproject.org/	LCL-1255	http://www.lincsproject.org/	LDG-1215
http://www.lincsproject.org/	LCL-1276	http://www.lincsproject.org/	LDG-1215
http://www.lincsproject.org/	LCL-1238	http://www.lincsproject.org/	LDG-1215
http://www.lincsproject.org/	LCL-1242	http://www.lincsproject.org/	LDG-1215
http://www.lincsproject.org/	LCL-2102	http://www.lincsproject.org/	LDG-1120
http://www.lincsproject.org/	LCL-2082	http://www.lincsproject.org/	LDG-1120
http://www.lincsproject.org/	LCL-2081	http://www.lincsproject.org/	LDG-1120
http://www.lincsproject.org/	LCL-1469	http://www.lincsproject.org/	LDG-1120
http://www.lincsproject.org/	LCL-1325	http://www.lincsproject.org/	LDG-1120
http://www.lincsproject.org/	LCL-1480	http://www.lincsproject.org/	LDG-1120
http://www.lincsproject.org/	LCL-1324	http://www.lincsproject.org/	LDG-1120
http://www.lincsproject.org/	LCL-1317	http://www.lincsproject.org/	LDG-1120
http://www.lincsproject.org/	LCL-1321	http://www.lincsproject.org/	LDG-1120
http://www.lincsproject.org/	LCL-1309	http://www.lincsproject.org/	LDG-1120
http://www.lincsproject.org/	LCL-1319	http://www.lincsproject.org/	LDG-1120
http://www.lincsproject.org/	LCL-1333	http://www.lincsproject.org/	LDG-1120
http://www.lincsproject.org/	LCL-1320	http://www.lincsproject.org/	LDG-1120
http://www.lincsproject.org/	LCL-1322	http://www.lincsproject.org/	LDG-1120
http://www.lincsproject.org/	LCL-1916	http://www.lincsproject.org/	LDG-1120
http://www.lincsproject.org/	LCL-1960	http://www.lincsproject.org/	LDG-1120
http://www.lincsproject.org/	LCL-1471	http://www.lincsproject.org/	LDG-1120
http://www.lincsproject.org/	LCL-1468	http://www.lincsproject.org/	LDG-1120
http://www.lincsproject.org/	LCL-1335	http://www.lincsproject.org/	LDG-1120
http://www.lincsproject.org/	LCL-1314	http://www.lincsproject.org/	LDG-1120
http://www.lincsproject.org/	LCL-1330	http://www.lincsproject.org/	LDG-1120
http://www.lincsproject.org/	LCL-1310	http://www.lincsproject.org/	LDG-1120
http://www.lincsproject.org/	LCL-1308	http://www.lincsproject.org/	LDG-1120
http://www.lincsproject.org/	LCL-1470	http://www.lincsproject.org/	LDG-1120
http://www.lincsproject.org/	LCL-1334	http://www.lincsproject.org/	LDG-1120
http://www.lincsproject.org/	LCL-1466	http://www.lincsproject.org/	LDG-1120
http://www.lincsproject.org/	LCL-1316	http://www.lincsproject.org/	LDG-1120
http://www.lincsproject.org/	LCL-1462	http://www.lincsproject.org/	LDG-1120
http://www.lincsproject.org/	LCL-1331	http://www.lincsproject.org/	LDG-1120
http://www.lincsproject.org/	LCL-1467	http://www.lincsproject.org/	LDG-1120
http://www.lincsproject.org/	LCL-1485	http://www.lincsproject.org/	LDG-1120
http://www.lincsproject.org/	LCL-1461	http://www.lincsproject.org/	LDG-1120
http://www.lincsproject.org/	LCL-1486	http://www.lincsproject.org/	LDG-1120
http://www.lincsproject.org/	LCL-1332	http://www.lincsproject.org/	LDG-1120
http://www.lincsproject.org/	LCL-1315	http://www.lincsproject.org/	LDG-1120
http://www.lincsproject.org/	LCL-1475	http://www.lincsproject.org/	LDG-1120
http://www.lincsproject.org/	LCL-1476	http://www.lincsproject.org/	LDG-1120
http://www.lincsproject.org/	LCL-1460	http://www.lincsproject.org/	LDG-1120
http://www.lincsproject.org/	LCL-2085	http://www.lincsproject.org/	LDG-1120
http://www.lincsproject.org/	LCL-1461	http://www.lincsproject.org/	LDG-1252
http://www.lincsproject.org/	LCL-1315	http://www.lincsproject.org/	LDG-1252
http://www.lincsproject.org/	LCL-1475	http://www.lincsproject.org/	LDG-1252
http://www.lincsproject.org/	LCL-1476	http://www.lincsproject.org/	LDG-1252
http://www.lincsproject.org/	LCL-1460	http://www.lincsproject.org/	LDG-1252
http://www.lincsproject.org/	LCL-2085	http://www.lincsproject.org/	LDG-1252
http://www.lincsproject.org/	LCL-1461	http://www.lincsproject.org/	LDG-1253
http://www.lincsproject.org/	LCL-1315	http://www.lincsproject.org/	LDG-1253
http://www.lincsproject.org/	LCL-1475	http://www.lincsproject.org/	LDG-1253
http://www.lincsproject.org/	LCL-1476	http://www.lincsproject.org/	LDG-1253
http://www.lincsproject.org/	LCL-1460	http://www.lincsproject.org/	LDG-1253
http://www.lincsproject.org/	LCL-2085	http://www.lincsproject.org/	LDG-1253
http://www.lincsproject.org/	LCL-1461	http://www.lincsproject.org/	LDG-1254
http://www.lincsproject.org/	LCL-1315	http://www.lincsproject.org/	LDG-1254
http://www.lincsproject.org/	LCL-1475	http://www.lincsproject.org/	LDG-1254
http://www.lincsproject.org/	LCL-1476	http://www.lincsproject.org/	LDG-1254
http://www.lincsproject.org/	LCL-1460	http://www.lincsproject.org/	LDG-1254
http://www.lincsproject.org/	LCL-2085	http://www.lincsproject.org/	LDG-1254
http://www.lincsproject.org/	LCL-2224	http://www.lincsproject.org/	LDG-1415
http://www.lincsproject.org/	LCL-2223	http://www.lincsproject.org/	LDG-1415
http://www.lincsproject.org/	LCL-2225	http://www.lincsproject.org/	LDG-1415
http://www.lincsproject.org/	LCL-1325	http://www.lincsproject.org/	LDG-1415
http://www.lincsproject.org/	LCL-1333	http://www.lincsproject.org/	LDG-1415
http://www.lincsproject.org/	LCL-1960	http://www.lincsproject.org/	LDG-1415
http://www.lincsproject.org/	LCL-1468	http://www.lincsproject.org/	LDG-1415
http://www.lincsproject.org/	LCL-1314	http://www.lincsproject.org/	LDG-1415
http://www.lincsproject.org/	LCL-1310	http://www.lincsproject.org/	LDG-1415
http://www.lincsproject.org/	LCL-1466	http://www.lincsproject.org/	LDG-1415
http://www.lincsproject.org/	LCL-1316	http://www.lincsproject.org/	LDG-1415
http://www.lincsproject.org/	LCL-1331	http://www.lincsproject.org/	LDG-1415
http://www.lincsproject.org/	LCL-1467	http://www.lincsproject.org/	LDG-1415
http://www.lincsproject.org/	LCL-1461	http://www.lincsproject.org/	LDG-1415
http://www.lincsproject.org/	LCL-1486	http://www.lincsproject.org/	LDG-1415
http://www.lincsproject.org/	LCL-1332	http://www.lincsproject.org/	LDG-1415
http://www.lincsproject.org/	LCL-1315	http://www.lincsproject.org/	LDG-1415
http://www.lincsproject.org/	LCL-1475	http://www.lincsproject.org/	LDG-1415
http://www.lincsproject.org/	LCL-1476	http://www.lincsproject.org/	LDG-1415
http://www.lincsproject.org/	LCL-1460	http://www.lincsproject.org/	LDG-1415
http://www.lincsproject.org/	LCL-2085	http://www.lincsproject.org/	LDG-1415
http://www.lincsproject.org/	LCL-2224	http://www.lincsproject.org/	LDG-1416
http://www.lincsproject.org/	LCL-2223	http://www.lincsproject.org/	LDG-1416
http://www.lincsproject.org/	LCL-2225	http://www.lincsproject.org/	LDG-1416
http://www.lincsproject.org/	LCL-1325	http://www.lincsproject.org/	LDG-1416
http://www.lincsproject.org/	LCL-1333	http://www.lincsproject.org/	LDG-1416
http://www.lincsproject.org/	LCL-1960	http://www.lincsproject.org/	LDG-1416
http://www.lincsproject.org/	LCL-1468	http://www.lincsproject.org/	LDG-1416
http://www.lincsproject.org/	LCL-1314	http://www.lincsproject.org/	LDG-1416
http://www.lincsproject.org/	LCL-1310	http://www.lincsproject.org/	LDG-1416
http://www.lincsproject.org/	LCL-1466	http://www.lincsproject.org/	LDG-1416
http://www.lincsproject.org/	LCL-1316	http://www.lincsproject.org/	LDG-1416
http://www.lincsproject.org/	LCL-1331	http://www.lincsproject.org/	LDG-1416
http://www.lincsproject.org/	LCL-1467	http://www.lincsproject.org/	LDG-1416
http://www.lincsproject.org/	LCL-1461	http://www.lincsproject.org/	LDG-1416
http://www.lincsproject.org/	LCL-1486	http://www.lincsproject.org/	LDG-1416
http://www.lincsproject.org/	LCL-1332	http://www.lincsproject.org/	LDG-1416
http://www.lincsproject.org/	LCL-1315	http://www.lincsproject.org/	LDG-1416
http://www.lincsproject.org/	LCL-1475	http://www.lincsproject.org/	LDG-1416
http://www.lincsproject.org/	LCL-1476	http://www.lincsproject.org/	LDG-1416
http://www.lincsproject.org/	LCL-1460	http://www.lincsproject.org/	LDG-1416
http://www.lincsproject.org/	LCL-2085	http://www.lincsproject.org/	LDG-1416
http://www.lincsproject.org/	LCL-2224	http://www.lincsproject.org/	LDG-1421
http://www.lincsproject.org/	LCL-2223	http://www.lincsproject.org/	LDG-1421
http://www.lincsproject.org/	LCL-2225	http://www.lincsproject.org/	LDG-1421
http://www.lincsproject.org/	LCL-2083	http://www.lincsproject.org/	LDG-1421
http://www.lincsproject.org/	LCL-2068	http://www.lincsproject.org/	LDG-1421
http://www.lincsproject.org/	LCL-2066	http://www.lincsproject.org/	LDG-1421
http://www.lincsproject.org/	LCL-2067	http://www.lincsproject.org/	LDG-1421
http://www.lincsproject.org/	LCL-1325	http://www.lincsproject.org/	LDG-1421
http://www.lincsproject.org/	LCL-1916	http://www.lincsproject.org/	LDG-1421
http://www.lincsproject.org/	LCL-1960	http://www.lincsproject.org/	LDG-1421
http://www.lincsproject.org/	LCL-1471	http://www.lincsproject.org/	LDG-1421
http://www.lincsproject.org/	LCL-1465	http://www.lincsproject.org/	LDG-1421
http://www.lincsproject.org/	LCL-1468	http://www.lincsproject.org/	LDG-1421
http://www.lincsproject.org/	LCL-1335	http://www.lincsproject.org/	LDG-1421
http://www.lincsproject.org/	LCL-1472	http://www.lincsproject.org/	LDG-1421
http://www.lincsproject.org/	LCL-1314	http://www.lincsproject.org/	LDG-1421
http://www.lincsproject.org/	LCL-1330	http://www.lincsproject.org/	LDG-1421
http://www.lincsproject.org/	LCL-1310	http://www.lincsproject.org/	LDG-1421
http://www.lincsproject.org/	LCL-1470	http://www.lincsproject.org/	LDG-1421
http://www.lincsproject.org/	LCL-1334	http://www.lincsproject.org/	LDG-1421
http://www.lincsproject.org/	LCL-1466	http://www.lincsproject.org/	LDG-1421
http://www.lincsproject.org/	LCL-1316	http://www.lincsproject.org/	LDG-1421
http://www.lincsproject.org/	LCL-1329	http://www.lincsproject.org/	LDG-1421
http://www.lincsproject.org/	LCL-1331	http://www.lincsproject.org/	LDG-1421
http://www.lincsproject.org/	LCL-1467	http://www.lincsproject.org/	LDG-1421
http://www.lincsproject.org/	LCL-1485	http://www.lincsproject.org/	LDG-1421
http://www.lincsproject.org/	LCL-1463	http://www.lincsproject.org/	LDG-1421
http://www.lincsproject.org/	LCL-1461	http://www.lincsproject.org/	LDG-1421
http://www.lincsproject.org/	LCL-1486	http://www.lincsproject.org/	LDG-1421
http://www.lincsproject.org/	LCL-1332	http://www.lincsproject.org/	LDG-1421
http://www.lincsproject.org/	LCL-1315	http://www.lincsproject.org/	LDG-1421
http://www.lincsproject.org/	LCL-1475	http://www.lincsproject.org/	LDG-1421
http://www.lincsproject.org/	LCL-1476	http://www.lincsproject.org/	LDG-1421
http://www.lincsproject.org/	LCL-1460	http://www.lincsproject.org/	LDG-1421
http://www.lincsproject.org/	LCL-2085	http://www.lincsproject.org/	LDG-1421
http://www.lincsproject.org/	LCL-2224	http://www.lincsproject.org/	LDG-1422
http://www.lincsproject.org/	LCL-2223	http://www.lincsproject.org/	LDG-1422
http://www.lincsproject.org/	LCL-2225	http://www.lincsproject.org/	LDG-1422
http://www.lincsproject.org/	LCL-2083	http://www.lincsproject.org/	LDG-1422
http://www.lincsproject.org/	LCL-2068	http://www.lincsproject.org/	LDG-1422
http://www.lincsproject.org/	LCL-2066	http://www.lincsproject.org/	LDG-1422
http://www.lincsproject.org/	LCL-2067	http://www.lincsproject.org/	LDG-1422
http://www.lincsproject.org/	LCL-1325	http://www.lincsproject.org/	LDG-1422
http://www.lincsproject.org/	LCL-1916	http://www.lincsproject.org/	LDG-1422
http://www.lincsproject.org/	LCL-1960	http://www.lincsproject.org/	LDG-1422
http://www.lincsproject.org/	LCL-1471	http://www.lincsproject.org/	LDG-1422
http://www.lincsproject.org/	LCL-1465	http://www.lincsproject.org/	LDG-1422
http://www.lincsproject.org/	LCL-1468	http://www.lincsproject.org/	LDG-1422
http://www.lincsproject.org/	LCL-1335	http://www.lincsproject.org/	LDG-1422
http://www.lincsproject.org/	LCL-1472	http://www.lincsproject.org/	LDG-1422
http://www.lincsproject.org/	LCL-1314	http://www.lincsproject.org/	LDG-1422
http://www.lincsproject.org/	LCL-1330	http://www.lincsproject.org/	LDG-1422
http://www.lincsproject.org/	LCL-1310	http://www.lincsproject.org/	LDG-1422
http://www.lincsproject.org/	LCL-1470	http://www.lincsproject.org/	LDG-1422
http://www.lincsproject.org/	LCL-1334	http://www.lincsproject.org/	LDG-1422
http://www.lincsproject.org/	LCL-1466	http://www.lincsproject.org/	LDG-1422
http://www.lincsproject.org/	LCL-1316	http://www.lincsproject.org/	LDG-1422
http://www.lincsproject.org/	LCL-1329	http://www.lincsproject.org/	LDG-1422
http://www.lincsproject.org/	LCL-1331	http://www.lincsproject.org/	LDG-1422
http://www.lincsproject.org/	LCL-1467	http://www.lincsproject.org/	LDG-1422
http://www.lincsproject.org/	LCL-1485	http://www.lincsproject.org/	LDG-1422
http://www.lincsproject.org/	LCL-1463	http://www.lincsproject.org/	LDG-1422
http://www.lincsproject.org/	LCL-1461	http://www.lincsproject.org/	LDG-1422
http://www.lincsproject.org/	LCL-1486	http://www.lincsproject.org/	LDG-1422
http://www.lincsproject.org/	LCL-1332	http://www.lincsproject.org/	LDG-1422
http://www.lincsproject.org/	LCL-1315	http://www.lincsproject.org/	LDG-1422
http://www.lincsproject.org/	LCL-1475	http://www.lincsproject.org/	LDG-1422
http://www.lincsproject.org/	LCL-1476	http://www.lincsproject.org/	LDG-1422
http://www.lincsproject.org/	LCL-1460	http://www.lincsproject.org/	LDG-1422
http://www.lincsproject.org/	LCL-2085	http://www.lincsproject.org/	LDG-1422
http://www.lincsproject.org/	LCL-2234	http://www.lincsproject.org/	LDG-1445
http://www.lincsproject.org/	LCL-2235	http://www.lincsproject.org/	LDG-1445
http://www.lincsproject.org/	LCL-2236	http://www.lincsproject.org/	LDG-1445
http://www.lincsproject.org/	LCL-2237	http://www.lincsproject.org/	LDG-1445
http://www.lincsproject.org/	LCL-2222	http://www.lincsproject.org/	LDG-1445
http://www.lincsproject.org/	LCL-2065	http://www.lincsproject.org/	LDG-1445
http://www.lincsproject.org/	LCL-2069	http://www.lincsproject.org/	LDG-1445
http://www.lincsproject.org/	LCL-2220	http://www.lincsproject.org/	LDG-1445
http://www.lincsproject.org/	LCL-2080	http://www.lincsproject.org/	LDG-1445
http://www.lincsproject.org/	LCL-2071	http://www.lincsproject.org/	LDG-1445
http://www.lincsproject.org/	LCL-1961	http://www.lincsproject.org/	LDG-1445
http://www.lincsproject.org/	LCL-2082	http://www.lincsproject.org/	LDG-1445
http://www.lincsproject.org/	LCL-2081	http://www.lincsproject.org/	LDG-1445
http://www.lincsproject.org/	LCL-1469	http://www.lincsproject.org/	LDG-1445
http://www.lincsproject.org/	LCL-1480	http://www.lincsproject.org/	LDG-1445
http://www.lincsproject.org/	LCL-1324	http://www.lincsproject.org/	LDG-1445
http://www.lincsproject.org/	LCL-1317	http://www.lincsproject.org/	LDG-1445
http://www.lincsproject.org/	LCL-1321	http://www.lincsproject.org/	LDG-1445
http://www.lincsproject.org/	LCL-1309	http://www.lincsproject.org/	LDG-1445
http://www.lincsproject.org/	LCL-1319	http://www.lincsproject.org/	LDG-1445
http://www.lincsproject.org/	LCL-1333	http://www.lincsproject.org/	LDG-1445
http://www.lincsproject.org/	LCL-1320	http://www.lincsproject.org/	LDG-1445
http://www.lincsproject.org/	LCL-1311	http://www.lincsproject.org/	LDG-1445
http://www.lincsproject.org/	LCL-1322	http://www.lincsproject.org/	LDG-1445
http://www.lincsproject.org/	LCL-1308	http://www.lincsproject.org/	LDG-1445
http://www.lincsproject.org/	LCL-1462	http://www.lincsproject.org/	LDG-1445
http://www.lincsproject.org/	LCL-2085	http://www.lincsproject.org/	LDG-1445
http://www.lincsproject.org/	LCL-2224	http://www.lincsproject.org/	LDG-1404
http://www.lincsproject.org/	LCL-2223	http://www.lincsproject.org/	LDG-1404
http://www.lincsproject.org/	LCL-2225	http://www.lincsproject.org/	LDG-1404
http://www.lincsproject.org/	LCL-2083	http://www.lincsproject.org/	LDG-1404
http://www.lincsproject.org/	LCL-2068	http://www.lincsproject.org/	LDG-1404
http://www.lincsproject.org/	LCL-2066	http://www.lincsproject.org/	LDG-1404
http://www.lincsproject.org/	LCL-2067	http://www.lincsproject.org/	LDG-1404
http://www.lincsproject.org/	LCL-1325	http://www.lincsproject.org/	LDG-1404
http://www.lincsproject.org/	LCL-1916	http://www.lincsproject.org/	LDG-1404
http://www.lincsproject.org/	LCL-1960	http://www.lincsproject.org/	LDG-1404
http://www.lincsproject.org/	LCL-1471	http://www.lincsproject.org/	LDG-1404
http://www.lincsproject.org/	LCL-1465	http://www.lincsproject.org/	LDG-1404
http://www.lincsproject.org/	LCL-1468	http://www.lincsproject.org/	LDG-1404
http://www.lincsproject.org/	LCL-1335	http://www.lincsproject.org/	LDG-1404
http://www.lincsproject.org/	LCL-1472	http://www.lincsproject.org/	LDG-1404
http://www.lincsproject.org/	LCL-1314	http://www.lincsproject.org/	LDG-1404
http://www.lincsproject.org/	LCL-1330	http://www.lincsproject.org/	LDG-1404
http://www.lincsproject.org/	LCL-1310	http://www.lincsproject.org/	LDG-1404
http://www.lincsproject.org/	LCL-1470	http://www.lincsproject.org/	LDG-1404
http://www.lincsproject.org/	LCL-1334	http://www.lincsproject.org/	LDG-1404
http://www.lincsproject.org/	LCL-1466	http://www.lincsproject.org/	LDG-1404
http://www.lincsproject.org/	LCL-1316	http://www.lincsproject.org/	LDG-1404
http://www.lincsproject.org/	LCL-1329	http://www.lincsproject.org/	LDG-1404
http://www.lincsproject.org/	LCL-1331	http://www.lincsproject.org/	LDG-1404
http://www.lincsproject.org/	LCL-1467	http://www.lincsproject.org/	LDG-1404
http://www.lincsproject.org/	LCL-1485	http://www.lincsproject.org/	LDG-1404
http://www.lincsproject.org/	LCL-1463	http://www.lincsproject.org/	LDG-1404
http://www.lincsproject.org/	LCL-1461	http://www.lincsproject.org/	LDG-1404
http://www.lincsproject.org/	LCL-1486	http://www.lincsproject.org/	LDG-1404
http://www.lincsproject.org/	LCL-1332	http://www.lincsproject.org/	LDG-1404
http://www.lincsproject.org/	LCL-1315	http://www.lincsproject.org/	LDG-1404
http://www.lincsproject.org/	LCL-1475	http://www.lincsproject.org/	LDG-1404
http://www.lincsproject.org/	LCL-1476	http://www.lincsproject.org/	LDG-1404
http://www.lincsproject.org/	LCL-1460	http://www.lincsproject.org/	LDG-1404
http://www.lincsproject.org/	LCL-2085	http://www.lincsproject.org/	LDG-1404
http://www.lincsproject.org/	LCL-2224	http://www.lincsproject.org/	LDG-1405
http://www.lincsproject.org/	LCL-2223	http://www.lincsproject.org/	LDG-1405
http://www.lincsproject.org/	LCL-2225	http://www.lincsproject.org/	LDG-1405
http://www.lincsproject.org/	LCL-2083	http://www.lincsproject.org/	LDG-1405
http://www.lincsproject.org/	LCL-2068	http://www.lincsproject.org/	LDG-1405
http://www.lincsproject.org/	LCL-2066	http://www.lincsproject.org/	LDG-1405
http://www.lincsproject.org/	LCL-2067	http://www.lincsproject.org/	LDG-1405
http://www.lincsproject.org/	LCL-1325	http://www.lincsproject.org/	LDG-1405
http://www.lincsproject.org/	LCL-1916	http://www.lincsproject.org/	LDG-1405
http://www.lincsproject.org/	LCL-1960	http://www.lincsproject.org/	LDG-1405
http://www.lincsproject.org/	LCL-1471	http://www.lincsproject.org/	LDG-1405
http://www.lincsproject.org/	LCL-1465	http://www.lincsproject.org/	LDG-1405
http://www.lincsproject.org/	LCL-1468	http://www.lincsproject.org/	LDG-1405
http://www.lincsproject.org/	LCL-1335	http://www.lincsproject.org/	LDG-1405
http://www.lincsproject.org/	LCL-1472	http://www.lincsproject.org/	LDG-1405
http://www.lincsproject.org/	LCL-1314	http://www.lincsproject.org/	LDG-1405
http://www.lincsproject.org/	LCL-1330	http://www.lincsproject.org/	LDG-1405
http://www.lincsproject.org/	LCL-1310	http://www.lincsproject.org/	LDG-1405
http://www.lincsproject.org/	LCL-1470	http://www.lincsproject.org/	LDG-1405
http://www.lincsproject.org/	LCL-1334	http://www.lincsproject.org/	LDG-1405
http://www.lincsproject.org/	LCL-1466	http://www.lincsproject.org/	LDG-1405
http://www.lincsproject.org/	LCL-1316	http://www.lincsproject.org/	LDG-1405
http://www.lincsproject.org/	LCL-1329	http://www.lincsproject.org/	LDG-1405
http://www.lincsproject.org/	LCL-1331	http://www.lincsproject.org/	LDG-1405
http://www.lincsproject.org/	LCL-1467	http://www.lincsproject.org/	LDG-1405
http://www.lincsproject.org/	LCL-1485	http://www.lincsproject.org/	LDG-1405
http://www.lincsproject.org/	LCL-1463	http://www.lincsproject.org/	LDG-1405
http://www.lincsproject.org/	LCL-1461	http://www.lincsproject.org/	LDG-1405
http://www.lincsproject.org/	LCL-1486	http://www.lincsproject.org/	LDG-1405
http://www.lincsproject.org/	LCL-1332	http://www.lincsproject.org/	LDG-1405
http://www.lincsproject.org/	LCL-1315	http://www.lincsproject.org/	LDG-1405
http://www.lincsproject.org/	LCL-1475	http://www.lincsproject.org/	LDG-1405
http://www.lincsproject.org/	LCL-1476	http://www.lincsproject.org/	LDG-1405
http://www.lincsproject.org/	LCL-1460	http://www.lincsproject.org/	LDG-1405
http://www.lincsproject.org/	LCL-2085	http://www.lincsproject.org/	LDG-1405
http://www.lincsproject.org/	LCL-2083	http://www.lincsproject.org/	LDG-1430
http://www.lincsproject.org/	LCL-2068	http://www.lincsproject.org/	LDG-1430
http://www.lincsproject.org/	LCL-2066	http://www.lincsproject.org/	LDG-1430
http://www.lincsproject.org/	LCL-2067	http://www.lincsproject.org/	LDG-1430
http://www.lincsproject.org/	LCL-1325	http://www.lincsproject.org/	LDG-1430
http://www.lincsproject.org/	LCL-1916	http://www.lincsproject.org/	LDG-1430
http://www.lincsproject.org/	LCL-1960	http://www.lincsproject.org/	LDG-1430
http://www.lincsproject.org/	LCL-1471	http://www.lincsproject.org/	LDG-1430
http://www.lincsproject.org/	LCL-1465	http://www.lincsproject.org/	LDG-1430
http://www.lincsproject.org/	LCL-1468	http://www.lincsproject.org/	LDG-1430
http://www.lincsproject.org/	LCL-1335	http://www.lincsproject.org/	LDG-1430
http://www.lincsproject.org/	LCL-1472	http://www.lincsproject.org/	LDG-1430
http://www.lincsproject.org/	LCL-1314	http://www.lincsproject.org/	LDG-1430
http://www.lincsproject.org/	LCL-1330	http://www.lincsproject.org/	LDG-1430
http://www.lincsproject.org/	LCL-1310	http://www.lincsproject.org/	LDG-1430
http://www.lincsproject.org/	LCL-1470	http://www.lincsproject.org/	LDG-1430
http://www.lincsproject.org/	LCL-1334	http://www.lincsproject.org/	LDG-1430
http://www.lincsproject.org/	LCL-1466	http://www.lincsproject.org/	LDG-1430
http://www.lincsproject.org/	LCL-1316	http://www.lincsproject.org/	LDG-1430
http://www.lincsproject.org/	LCL-1462	http://www.lincsproject.org/	LDG-1430
http://www.lincsproject.org/	LCL-1329	http://www.lincsproject.org/	LDG-1430
http://www.lincsproject.org/	LCL-1331	http://www.lincsproject.org/	LDG-1430
http://www.lincsproject.org/	LCL-1467	http://www.lincsproject.org/	LDG-1430
http://www.lincsproject.org/	LCL-1485	http://www.lincsproject.org/	LDG-1430
http://www.lincsproject.org/	LCL-1463	http://www.lincsproject.org/	LDG-1430
http://www.lincsproject.org/	LCL-1461	http://www.lincsproject.org/	LDG-1430
http://www.lincsproject.org/	LCL-1486	http://www.lincsproject.org/	LDG-1430
http://www.lincsproject.org/	LCL-1332	http://www.lincsproject.org/	LDG-1430
http://www.lincsproject.org/	LCL-1315	http://www.lincsproject.org/	LDG-1430
http://www.lincsproject.org/	LCL-1475	http://www.lincsproject.org/	LDG-1430
http://www.lincsproject.org/	LCL-1476	http://www.lincsproject.org/	LDG-1430
http://www.lincsproject.org/	LCL-2085	http://www.lincsproject.org/	LDG-1430
http://www.lincsproject.org/	LCL-1460	http://www.lincsproject.org/	LDG-1430
http://www.lincsproject.org/	LCL-2083	http://www.lincsproject.org/	LDG-1431
http://www.lincsproject.org/	LCL-2068	http://www.lincsproject.org/	LDG-1431
http://www.lincsproject.org/	LCL-2066	http://www.lincsproject.org/	LDG-1431
http://www.lincsproject.org/	LCL-2067	http://www.lincsproject.org/	LDG-1431
http://www.lincsproject.org/	LCL-1325	http://www.lincsproject.org/	LDG-1431
http://www.lincsproject.org/	LCL-1916	http://www.lincsproject.org/	LDG-1431
http://www.lincsproject.org/	LCL-1960	http://www.lincsproject.org/	LDG-1431
http://www.lincsproject.org/	LCL-1471	http://www.lincsproject.org/	LDG-1431
http://www.lincsproject.org/	LCL-1465	http://www.lincsproject.org/	LDG-1431
http://www.lincsproject.org/	LCL-1468	http://www.lincsproject.org/	LDG-1431
http://www.lincsproject.org/	LCL-1335	http://www.lincsproject.org/	LDG-1431
http://www.lincsproject.org/	LCL-1472	http://www.lincsproject.org/	LDG-1431
http://www.lincsproject.org/	LCL-1314	http://www.lincsproject.org/	LDG-1431
http://www.lincsproject.org/	LCL-1330	http://www.lincsproject.org/	LDG-1431
http://www.lincsproject.org/	LCL-1310	http://www.lincsproject.org/	LDG-1431
http://www.lincsproject.org/	LCL-1470	http://www.lincsproject.org/	LDG-1431
http://www.lincsproject.org/	LCL-1334	http://www.lincsproject.org/	LDG-1431
http://www.lincsproject.org/	LCL-1466	http://www.lincsproject.org/	LDG-1431
http://www.lincsproject.org/	LCL-1316	http://www.lincsproject.org/	LDG-1431
http://www.lincsproject.org/	LCL-1462	http://www.lincsproject.org/	LDG-1431
http://www.lincsproject.org/	LCL-1329	http://www.lincsproject.org/	LDG-1431
http://www.lincsproject.org/	LCL-1331	http://www.lincsproject.org/	LDG-1431
http://www.lincsproject.org/	LCL-1467	http://www.lincsproject.org/	LDG-1431
http://www.lincsproject.org/	LCL-1485	http://www.lincsproject.org/	LDG-1431
http://www.lincsproject.org/	LCL-1463	http://www.lincsproject.org/	LDG-1431
http://www.lincsproject.org/	LCL-1461	http://www.lincsproject.org/	LDG-1431
http://www.lincsproject.org/	LCL-1486	http://www.lincsproject.org/	LDG-1431
http://www.lincsproject.org/	LCL-1332	http://www.lincsproject.org/	LDG-1431
http://www.lincsproject.org/	LCL-1315	http://www.lincsproject.org/	LDG-1431
http://www.lincsproject.org/	LCL-1475	http://www.lincsproject.org/	LDG-1431
http://www.lincsproject.org/	LCL-1476	http://www.lincsproject.org/	LDG-1431
http://www.lincsproject.org/	LCL-2085	http://www.lincsproject.org/	LDG-1431
http://www.lincsproject.org/	LCL-1460	http://www.lincsproject.org/	LDG-1431
http://www.lincsproject.org/	LCL-2224	http://www.lincsproject.org/	LDG-1413
http://www.lincsproject.org/	LCL-2223	http://www.lincsproject.org/	LDG-1413
http://www.lincsproject.org/	LCL-2225	http://www.lincsproject.org/	LDG-1413
http://www.lincsproject.org/	LCL-2083	http://www.lincsproject.org/	LDG-1413
http://www.lincsproject.org/	LCL-2068	http://www.lincsproject.org/	LDG-1413
http://www.lincsproject.org/	LCL-2066	http://www.lincsproject.org/	LDG-1413
http://www.lincsproject.org/	LCL-2067	http://www.lincsproject.org/	LDG-1413
http://www.lincsproject.org/	LCL-1325	http://www.lincsproject.org/	LDG-1413
http://www.lincsproject.org/	LCL-1916	http://www.lincsproject.org/	LDG-1413
http://www.lincsproject.org/	LCL-1960	http://www.lincsproject.org/	LDG-1413
http://www.lincsproject.org/	LCL-1471	http://www.lincsproject.org/	LDG-1413
http://www.lincsproject.org/	LCL-1465	http://www.lincsproject.org/	LDG-1413
http://www.lincsproject.org/	LCL-1468	http://www.lincsproject.org/	LDG-1413
http://www.lincsproject.org/	LCL-1335	http://www.lincsproject.org/	LDG-1413
http://www.lincsproject.org/	LCL-1472	http://www.lincsproject.org/	LDG-1413
http://www.lincsproject.org/	LCL-1314	http://www.lincsproject.org/	LDG-1413
http://www.lincsproject.org/	LCL-1330	http://www.lincsproject.org/	LDG-1413
http://www.lincsproject.org/	LCL-1310	http://www.lincsproject.org/	LDG-1413
http://www.lincsproject.org/	LCL-1470	http://www.lincsproject.org/	LDG-1413
http://www.lincsproject.org/	LCL-1334	http://www.lincsproject.org/	LDG-1413
http://www.lincsproject.org/	LCL-1466	http://www.lincsproject.org/	LDG-1413
http://www.lincsproject.org/	LCL-1316	http://www.lincsproject.org/	LDG-1413
http://www.lincsproject.org/	LCL-1329	http://www.lincsproject.org/	LDG-1413
http://www.lincsproject.org/	LCL-1331	http://www.lincsproject.org/	LDG-1413
http://www.lincsproject.org/	LCL-1467	http://www.lincsproject.org/	LDG-1413
http://www.lincsproject.org/	LCL-1485	http://www.lincsproject.org/	LDG-1413
http://www.lincsproject.org/	LCL-1463	http://www.lincsproject.org/	LDG-1413
http://www.lincsproject.org/	LCL-1461	http://www.lincsproject.org/	LDG-1413
http://www.lincsproject.org/	LCL-1486	http://www.lincsproject.org/	LDG-1413
http://www.lincsproject.org/	LCL-1332	http://www.lincsproject.org/	LDG-1413
http://www.lincsproject.org/	LCL-1315	http://www.lincsproject.org/	LDG-1413
http://www.lincsproject.org/	LCL-1475	http://www.lincsproject.org/	LDG-1413
http://www.lincsproject.org/	LCL-1476	http://www.lincsproject.org/	LDG-1413
http://www.lincsproject.org/	LCL-1460	http://www.lincsproject.org/	LDG-1413
http://www.lincsproject.org/	LCL-2085	http://www.lincsproject.org/	LDG-1413
http://www.lincsproject.org/	LCL-1462	http://www.lincsproject.org/	LDG-1119
http://www.lincsproject.org/	LCL-1486	http://www.lincsproject.org/	LDG-1119
http://www.lincsproject.org/	LCL-1332	http://www.lincsproject.org/	LDG-1119
http://www.lincsproject.org/	LCL-2085	http://www.lincsproject.org/	LDG-1119
http://www.lincsproject.org/	LCL-1512	http://www.lincsproject.org/	LDG-1088
http://www.lincsproject.org/	LCL-1431	http://www.lincsproject.org/	LDG-1192
http://www.lincsproject.org/	LCL-2102	http://www.lincsproject.org/	LDG-1122
http://www.lincsproject.org/	LCL-2082	http://www.lincsproject.org/	LDG-1122
http://www.lincsproject.org/	LCL-2081	http://www.lincsproject.org/	LDG-1122
http://www.lincsproject.org/	LCL-1469	http://www.lincsproject.org/	LDG-1122
http://www.lincsproject.org/	LCL-1325	http://www.lincsproject.org/	LDG-1122
http://www.lincsproject.org/	LCL-1480	http://www.lincsproject.org/	LDG-1122
http://www.lincsproject.org/	LCL-1324	http://www.lincsproject.org/	LDG-1122
http://www.lincsproject.org/	LCL-1317	http://www.lincsproject.org/	LDG-1122
http://www.lincsproject.org/	LCL-1321	http://www.lincsproject.org/	LDG-1122
http://www.lincsproject.org/	LCL-1309	http://www.lincsproject.org/	LDG-1122
http://www.lincsproject.org/	LCL-1319	http://www.lincsproject.org/	LDG-1122
http://www.lincsproject.org/	LCL-1333	http://www.lincsproject.org/	LDG-1122
http://www.lincsproject.org/	LCL-1320	http://www.lincsproject.org/	LDG-1122
http://www.lincsproject.org/	LCL-1322	http://www.lincsproject.org/	LDG-1122
http://www.lincsproject.org/	LCL-1916	http://www.lincsproject.org/	LDG-1122
http://www.lincsproject.org/	LCL-1960	http://www.lincsproject.org/	LDG-1122
http://www.lincsproject.org/	LCL-1468	http://www.lincsproject.org/	LDG-1122
http://www.lincsproject.org/	LCL-1335	http://www.lincsproject.org/	LDG-1122
http://www.lincsproject.org/	LCL-1314	http://www.lincsproject.org/	LDG-1122
http://www.lincsproject.org/	LCL-1330	http://www.lincsproject.org/	LDG-1122
http://www.lincsproject.org/	LCL-1310	http://www.lincsproject.org/	LDG-1122
http://www.lincsproject.org/	LCL-1308	http://www.lincsproject.org/	LDG-1122
http://www.lincsproject.org/	LCL-1334	http://www.lincsproject.org/	LDG-1122
http://www.lincsproject.org/	LCL-1466	http://www.lincsproject.org/	LDG-1122
http://www.lincsproject.org/	LCL-1316	http://www.lincsproject.org/	LDG-1122
http://www.lincsproject.org/	LCL-1462	http://www.lincsproject.org/	LDG-1122
http://www.lincsproject.org/	LCL-1331	http://www.lincsproject.org/	LDG-1122
http://www.lincsproject.org/	LCL-1467	http://www.lincsproject.org/	LDG-1122
http://www.lincsproject.org/	LCL-1485	http://www.lincsproject.org/	LDG-1122
http://www.lincsproject.org/	LCL-1461	http://www.lincsproject.org/	LDG-1122
http://www.lincsproject.org/	LCL-1486	http://www.lincsproject.org/	LDG-1122
http://www.lincsproject.org/	LCL-1332	http://www.lincsproject.org/	LDG-1122
http://www.lincsproject.org/	LCL-1315	http://www.lincsproject.org/	LDG-1122
http://www.lincsproject.org/	LCL-1475	http://www.lincsproject.org/	LDG-1122
http://www.lincsproject.org/	LCL-1476	http://www.lincsproject.org/	LDG-1122
http://www.lincsproject.org/	LCL-1460	http://www.lincsproject.org/	LDG-1122
http://www.lincsproject.org/	LCL-2085	http://www.lincsproject.org/	LDG-1122
http://www.lincsproject.org/	LCL-2102	http://www.lincsproject.org/	LDG-1123
http://www.lincsproject.org/	LCL-2082	http://www.lincsproject.org/	LDG-1123
http://www.lincsproject.org/	LCL-2081	http://www.lincsproject.org/	LDG-1123
http://www.lincsproject.org/	LCL-1469	http://www.lincsproject.org/	LDG-1123
http://www.lincsproject.org/	LCL-1325	http://www.lincsproject.org/	LDG-1123
http://www.lincsproject.org/	LCL-1480	http://www.lincsproject.org/	LDG-1123
http://www.lincsproject.org/	LCL-1324	http://www.lincsproject.org/	LDG-1123
http://www.lincsproject.org/	LCL-1317	http://www.lincsproject.org/	LDG-1123
http://www.lincsproject.org/	LCL-1321	http://www.lincsproject.org/	LDG-1123
http://www.lincsproject.org/	LCL-1309	http://www.lincsproject.org/	LDG-1123
http://www.lincsproject.org/	LCL-1319	http://www.lincsproject.org/	LDG-1123
http://www.lincsproject.org/	LCL-1333	http://www.lincsproject.org/	LDG-1123
http://www.lincsproject.org/	LCL-1320	http://www.lincsproject.org/	LDG-1123
http://www.lincsproject.org/	LCL-1322	http://www.lincsproject.org/	LDG-1123
http://www.lincsproject.org/	LCL-1916	http://www.lincsproject.org/	LDG-1123
http://www.lincsproject.org/	LCL-1960	http://www.lincsproject.org/	LDG-1123
http://www.lincsproject.org/	LCL-1471	http://www.lincsproject.org/	LDG-1123
http://www.lincsproject.org/	LCL-1468	http://www.lincsproject.org/	LDG-1123
http://www.lincsproject.org/	LCL-1335	http://www.lincsproject.org/	LDG-1123
http://www.lincsproject.org/	LCL-1314	http://www.lincsproject.org/	LDG-1123
http://www.lincsproject.org/	LCL-1330	http://www.lincsproject.org/	LDG-1123
http://www.lincsproject.org/	LCL-1310	http://www.lincsproject.org/	LDG-1123
http://www.lincsproject.org/	LCL-1308	http://www.lincsproject.org/	LDG-1123
http://www.lincsproject.org/	LCL-1470	http://www.lincsproject.org/	LDG-1123
http://www.lincsproject.org/	LCL-1334	http://www.lincsproject.org/	LDG-1123
http://www.lincsproject.org/	LCL-1466	http://www.lincsproject.org/	LDG-1123
http://www.lincsproject.org/	LCL-1316	http://www.lincsproject.org/	LDG-1123
http://www.lincsproject.org/	LCL-1462	http://www.lincsproject.org/	LDG-1123
http://www.lincsproject.org/	LCL-1331	http://www.lincsproject.org/	LDG-1123
http://www.lincsproject.org/	LCL-1467	http://www.lincsproject.org/	LDG-1123
http://www.lincsproject.org/	LCL-1485	http://www.lincsproject.org/	LDG-1123
http://www.lincsproject.org/	LCL-1461	http://www.lincsproject.org/	LDG-1123
http://www.lincsproject.org/	LCL-1486	http://www.lincsproject.org/	LDG-1123
http://www.lincsproject.org/	LCL-1332	http://www.lincsproject.org/	LDG-1123
http://www.lincsproject.org/	LCL-1315	http://www.lincsproject.org/	LDG-1123
http://www.lincsproject.org/	LCL-1475	http://www.lincsproject.org/	LDG-1123
http://www.lincsproject.org/	LCL-1476	http://www.lincsproject.org/	LDG-1123
http://www.lincsproject.org/	LCL-1460	http://www.lincsproject.org/	LDG-1123
http://www.lincsproject.org/	LCL-2085	http://www.lincsproject.org/	LDG-1123
http://www.lincsproject.org/	LCL-2102	http://www.lincsproject.org/	LDG-1121
http://www.lincsproject.org/	LCL-2082	http://www.lincsproject.org/	LDG-1121
http://www.lincsproject.org/	LCL-2081	http://www.lincsproject.org/	LDG-1121
http://www.lincsproject.org/	LCL-1469	http://www.lincsproject.org/	LDG-1121
http://www.lincsproject.org/	LCL-1325	http://www.lincsproject.org/	LDG-1121
http://www.lincsproject.org/	LCL-1480	http://www.lincsproject.org/	LDG-1121
http://www.lincsproject.org/	LCL-1324	http://www.lincsproject.org/	LDG-1121
http://www.lincsproject.org/	LCL-1317	http://www.lincsproject.org/	LDG-1121
http://www.lincsproject.org/	LCL-1321	http://www.lincsproject.org/	LDG-1121
http://www.lincsproject.org/	LCL-1309	http://www.lincsproject.org/	LDG-1121
http://www.lincsproject.org/	LCL-1319	http://www.lincsproject.org/	LDG-1121
http://www.lincsproject.org/	LCL-1333	http://www.lincsproject.org/	LDG-1121
http://www.lincsproject.org/	LCL-1320	http://www.lincsproject.org/	LDG-1121
http://www.lincsproject.org/	LCL-1322	http://www.lincsproject.org/	LDG-1121
http://www.lincsproject.org/	LCL-1916	http://www.lincsproject.org/	LDG-1121
http://www.lincsproject.org/	LCL-1960	http://www.lincsproject.org/	LDG-1121
http://www.lincsproject.org/	LCL-1468	http://www.lincsproject.org/	LDG-1121
http://www.lincsproject.org/	LCL-1335	http://www.lincsproject.org/	LDG-1121
http://www.lincsproject.org/	LCL-1314	http://www.lincsproject.org/	LDG-1121
http://www.lincsproject.org/	LCL-1330	http://www.lincsproject.org/	LDG-1121
http://www.lincsproject.org/	LCL-1310	http://www.lincsproject.org/	LDG-1121
http://www.lincsproject.org/	LCL-1308	http://www.lincsproject.org/	LDG-1121
http://www.lincsproject.org/	LCL-1470	http://www.lincsproject.org/	LDG-1121
http://www.lincsproject.org/	LCL-1334	http://www.lincsproject.org/	LDG-1121
http://www.lincsproject.org/	LCL-1466	http://www.lincsproject.org/	LDG-1121
http://www.lincsproject.org/	LCL-1316	http://www.lincsproject.org/	LDG-1121
http://www.lincsproject.org/	LCL-1462	http://www.lincsproject.org/	LDG-1121
http://www.lincsproject.org/	LCL-1331	http://www.lincsproject.org/	LDG-1121
http://www.lincsproject.org/	LCL-1467	http://www.lincsproject.org/	LDG-1121
http://www.lincsproject.org/	LCL-1485	http://www.lincsproject.org/	LDG-1121
http://www.lincsproject.org/	LCL-1461	http://www.lincsproject.org/	LDG-1121
http://www.lincsproject.org/	LCL-1486	http://www.lincsproject.org/	LDG-1121
http://www.lincsproject.org/	LCL-1332	http://www.lincsproject.org/	LDG-1121
http://www.lincsproject.org/	LCL-1315	http://www.lincsproject.org/	LDG-1121
http://www.lincsproject.org/	LCL-1475	http://www.lincsproject.org/	LDG-1121
http://www.lincsproject.org/	LCL-1476	http://www.lincsproject.org/	LDG-1121
http://www.lincsproject.org/	LCL-1460	http://www.lincsproject.org/	LDG-1121
http://www.lincsproject.org/	LCL-2085	http://www.lincsproject.org/	LDG-1121
http://www.lincsproject.org/	LCL-1097	http://www.lincsproject.org/	LDG-1186
http://www.lincsproject.org/	LCL-1298	http://www.lincsproject.org/	LDG-1196
http://www.lincsproject.org/	LCL-1460	http://www.lincsproject.org/	LDG-1196
http://www.lincsproject.org/	LCL-2085	http://www.lincsproject.org/	LDG-1409
http://www.lincsproject.org/	LCL-2210	http://www.lincsproject.org/	LDG-1331
http://www.lincsproject.org/	LCL-2208	http://www.lincsproject.org/	LDG-1331
http://www.lincsproject.org/	LCL-2210	http://www.lincsproject.org/	LDG-1332
http://www.lincsproject.org/	LCL-2208	http://www.lincsproject.org/	LDG-1332
http://www.lincsproject.org/	LCL-2210	http://www.lincsproject.org/	LDG-1333
http://www.lincsproject.org/	LCL-2208	http://www.lincsproject.org/	LDG-1333
http://www.lincsproject.org/	LCL-2085	http://www.lincsproject.org/	LDG-1400
http://www.lincsproject.org/	LCL-1960	http://www.lincsproject.org/	LDG-1438
http://www.lincsproject.org/	LCL-1335	http://www.lincsproject.org/	LDG-1438
http://www.lincsproject.org/	LCL-1310	http://www.lincsproject.org/	LDG-1438
http://www.lincsproject.org/	LCL-1334	http://www.lincsproject.org/	LDG-1438
http://www.lincsproject.org/	LCL-1315	http://www.lincsproject.org/	LDG-1438
http://www.lincsproject.org/	LCL-1476	http://www.lincsproject.org/	LDG-1438
http://www.lincsproject.org/	LCL-1960	http://www.lincsproject.org/	LDG-1439
http://www.lincsproject.org/	LCL-1335	http://www.lincsproject.org/	LDG-1439
http://www.lincsproject.org/	LCL-1310	http://www.lincsproject.org/	LDG-1439
http://www.lincsproject.org/	LCL-1334	http://www.lincsproject.org/	LDG-1439
http://www.lincsproject.org/	LCL-1315	http://www.lincsproject.org/	LDG-1439
http://www.lincsproject.org/	LCL-1476	http://www.lincsproject.org/	LDG-1439
http://www.lincsproject.org/	LCL-1960	http://www.lincsproject.org/	LDG-1440
http://www.lincsproject.org/	LCL-1335	http://www.lincsproject.org/	LDG-1440
http://www.lincsproject.org/	LCL-1960	http://www.lincsproject.org/	LDG-1441
http://www.lincsproject.org/	LCL-1335	http://www.lincsproject.org/	LDG-1441
http://www.lincsproject.org/	LCL-2209	http://www.lincsproject.org/	LDG-1322
http://www.lincsproject.org/	LCL-2209	http://www.lincsproject.org/	LDG-1323
http://www.lincsproject.org/	LCL-2209	http://www.lincsproject.org/	LDG-1324
http://www.lincsproject.org/	LCL-2134	http://www.lincsproject.org/	LDG-1392
http://www.lincsproject.org/	LCL-2139	http://www.lincsproject.org/	LDG-1392
http://www.lincsproject.org/	LCL-2140	http://www.lincsproject.org/	LDG-1392
http://www.lincsproject.org/	LCL-1792	http://www.lincsproject.org/	LDG-1284
http://www.lincsproject.org/	LCL-1601	http://www.lincsproject.org/	LDG-1284
http://www.lincsproject.org/	LCL-1299	http://www.lincsproject.org/	LDG-1284
http://www.lincsproject.org/	LCL-1235	http://www.lincsproject.org/	LDG-1284
http://www.lincsproject.org/	LCL-1460	http://www.lincsproject.org/	LDG-1284
http://www.lincsproject.org/	LCL-2085	http://www.lincsproject.org/	LDG-1284
http://www.lincsproject.org/	LCL-2085	http://www.lincsproject.org/	LDG-1283
http://www.lincsproject.org/	LCL-1235	http://www.lincsproject.org/	LDG-1071
http://www.lincsproject.org/	LCL-2206	http://www.lincsproject.org/	LDG-1334
http://www.lincsproject.org/	LCL-2204	http://www.lincsproject.org/	LDG-1335
http://www.lincsproject.org/	LCL-2204	http://www.lincsproject.org/	LDG-1336
http://www.lincsproject.org/	LCL-2204	http://www.lincsproject.org/	LDG-1337
http://www.lincsproject.org/	LCL-2207	http://www.lincsproject.org/	LDG-1325
http://www.lincsproject.org/	LCL-2205	http://www.lincsproject.org/	LDG-1325
http://www.lincsproject.org/	LCL-2212	http://www.lincsproject.org/	LDG-1325
http://www.lincsproject.org/	LCL-2211	http://www.lincsproject.org/	LDG-1325
http://www.lincsproject.org/	LCL-2210	http://www.lincsproject.org/	LDG-1325
http://www.lincsproject.org/	LCL-2208	http://www.lincsproject.org/	LDG-1325
http://www.lincsproject.org/	LCL-2207	http://www.lincsproject.org/	LDG-1326
http://www.lincsproject.org/	LCL-2205	http://www.lincsproject.org/	LDG-1326
http://www.lincsproject.org/	LCL-2212	http://www.lincsproject.org/	LDG-1326
http://www.lincsproject.org/	LCL-2211	http://www.lincsproject.org/	LDG-1326
http://www.lincsproject.org/	LCL-2210	http://www.lincsproject.org/	LDG-1326
http://www.lincsproject.org/	LCL-2208	http://www.lincsproject.org/	LDG-1326
http://www.lincsproject.org/	LCL-2207	http://www.lincsproject.org/	LDG-1327
http://www.lincsproject.org/	LCL-2205	http://www.lincsproject.org/	LDG-1327
http://www.lincsproject.org/	LCL-2212	http://www.lincsproject.org/	LDG-1327
http://www.lincsproject.org/	LCL-2211	http://www.lincsproject.org/	LDG-1327
http://www.lincsproject.org/	LCL-2210	http://www.lincsproject.org/	LDG-1327
http://www.lincsproject.org/	LCL-2208	http://www.lincsproject.org/	LDG-1327
http://www.lincsproject.org/	LCL-2072	http://www.lincsproject.org/	LDG-1302
http://www.lincsproject.org/	LCL-2077	http://www.lincsproject.org/	LDG-1302
http://www.lincsproject.org/	LCL-2064	http://www.lincsproject.org/	LDG-1302
http://www.lincsproject.org/	LCL-2075	http://www.lincsproject.org/	LDG-1302
http://www.lincsproject.org/	LCL-2076	http://www.lincsproject.org/	LDG-1302
http://www.lincsproject.org/	LCL-2195	http://www.lincsproject.org/	LDG-1302
http://www.lincsproject.org/	LCL-2073	http://www.lincsproject.org/	LDG-1302
http://www.lincsproject.org/	LCL-2102	http://www.lincsproject.org/	LDG-1302
http://www.lincsproject.org/	LCL-2222	http://www.lincsproject.org/	LDG-1302
http://www.lincsproject.org/	LCL-2070	http://www.lincsproject.org/	LDG-1302
http://www.lincsproject.org/	LCL-2074	http://www.lincsproject.org/	LDG-1302
http://www.lincsproject.org/	LCL-2214	http://www.lincsproject.org/	LDG-1302
http://www.lincsproject.org/	LCL-2065	http://www.lincsproject.org/	LDG-1302
http://www.lincsproject.org/	LCL-2215	http://www.lincsproject.org/	LDG-1302
http://www.lincsproject.org/	LCL-2069	http://www.lincsproject.org/	LDG-1302
http://www.lincsproject.org/	LCL-2220	http://www.lincsproject.org/	LDG-1302
http://www.lincsproject.org/	LCL-2080	http://www.lincsproject.org/	LDG-1302
http://www.lincsproject.org/	LCL-2217	http://www.lincsproject.org/	LDG-1302
http://www.lincsproject.org/	LCL-2213	http://www.lincsproject.org/	LDG-1302
http://www.lincsproject.org/	LCL-2071	http://www.lincsproject.org/	LDG-1302
http://www.lincsproject.org/	LCL-2218	http://www.lincsproject.org/	LDG-1302
http://www.lincsproject.org/	LCL-2219	http://www.lincsproject.org/	LDG-1302
http://www.lincsproject.org/	LCL-2068	http://www.lincsproject.org/	LDG-1302
http://www.lincsproject.org/	LCL-2082	http://www.lincsproject.org/	LDG-1302
http://www.lincsproject.org/	LCL-2066	http://www.lincsproject.org/	LDG-1302
http://www.lincsproject.org/	LCL-1464	http://www.lincsproject.org/	LDG-1302
http://www.lincsproject.org/	LCL-2067	http://www.lincsproject.org/	LDG-1302
http://www.lincsproject.org/	LCL-2081	http://www.lincsproject.org/	LDG-1302
http://www.lincsproject.org/	LCL-1484	http://www.lincsproject.org/	LDG-1302
http://www.lincsproject.org/	LCL-1469	http://www.lincsproject.org/	LDG-1302
http://www.lincsproject.org/	LCL-1480	http://www.lincsproject.org/	LDG-1302
http://www.lincsproject.org/	LCL-1482	http://www.lincsproject.org/	LDG-1302
http://www.lincsproject.org/	LCL-1324	http://www.lincsproject.org/	LDG-1302
http://www.lincsproject.org/	LCL-1317	http://www.lincsproject.org/	LDG-1302
http://www.lincsproject.org/	LCL-1312	http://www.lincsproject.org/	LDG-1302
http://www.lincsproject.org/	LCL-1321	http://www.lincsproject.org/	LDG-1302
http://www.lincsproject.org/	LCL-1309	http://www.lincsproject.org/	LDG-1302
http://www.lincsproject.org/	LCL-1478	http://www.lincsproject.org/	LDG-1302
http://www.lincsproject.org/	LCL-1479	http://www.lincsproject.org/	LDG-1302
http://www.lincsproject.org/	LCL-1319	http://www.lincsproject.org/	LDG-1302
http://www.lincsproject.org/	LCL-1333	http://www.lincsproject.org/	LDG-1302
http://www.lincsproject.org/	LCL-1320	http://www.lincsproject.org/	LDG-1302
http://www.lincsproject.org/	LCL-1311	http://www.lincsproject.org/	LDG-1302
http://www.lincsproject.org/	LCL-1916	http://www.lincsproject.org/	LDG-1302
http://www.lincsproject.org/	LCL-1960	http://www.lincsproject.org/	LDG-1302
http://www.lincsproject.org/	LCL-1471	http://www.lincsproject.org/	LDG-1302
http://www.lincsproject.org/	LCL-1465	http://www.lincsproject.org/	LDG-1302
http://www.lincsproject.org/	LCL-1468	http://www.lincsproject.org/	LDG-1302
http://www.lincsproject.org/	LCL-1335	http://www.lincsproject.org/	LDG-1302
http://www.lincsproject.org/	LCL-1314	http://www.lincsproject.org/	LDG-1302
http://www.lincsproject.org/	LCL-1330	http://www.lincsproject.org/	LDG-1302
http://www.lincsproject.org/	LCL-1310	http://www.lincsproject.org/	LDG-1302
http://www.lincsproject.org/	LCL-1308	http://www.lincsproject.org/	LDG-1302
http://www.lincsproject.org/	LCL-1470	http://www.lincsproject.org/	LDG-1302
http://www.lincsproject.org/	LCL-1334	http://www.lincsproject.org/	LDG-1302
http://www.lincsproject.org/	LCL-1466	http://www.lincsproject.org/	LDG-1302
http://www.lincsproject.org/	LCL-1316	http://www.lincsproject.org/	LDG-1302
http://www.lincsproject.org/	LCL-1462	http://www.lincsproject.org/	LDG-1302
http://www.lincsproject.org/	LCL-1329	http://www.lincsproject.org/	LDG-1302
http://www.lincsproject.org/	LCL-1331	http://www.lincsproject.org/	LDG-1302
http://www.lincsproject.org/	LCL-1467	http://www.lincsproject.org/	LDG-1302
http://www.lincsproject.org/	LCL-1485	http://www.lincsproject.org/	LDG-1302
http://www.lincsproject.org/	LCL-1463	http://www.lincsproject.org/	LDG-1302
http://www.lincsproject.org/	LCL-1461	http://www.lincsproject.org/	LDG-1302
http://www.lincsproject.org/	LCL-1486	http://www.lincsproject.org/	LDG-1302
http://www.lincsproject.org/	LCL-1332	http://www.lincsproject.org/	LDG-1302
http://www.lincsproject.org/	LCL-1315	http://www.lincsproject.org/	LDG-1302
http://www.lincsproject.org/	LCL-1475	http://www.lincsproject.org/	LDG-1302
http://www.lincsproject.org/	LCL-1476	http://www.lincsproject.org/	LDG-1302
http://www.lincsproject.org/	LCL-1460	http://www.lincsproject.org/	LDG-1302
http://www.lincsproject.org/	LCL-2085	http://www.lincsproject.org/	LDG-1302
http://www.lincsproject.org/	LCL-2072	http://www.lincsproject.org/	LDG-1303
http://www.lincsproject.org/	LCL-2077	http://www.lincsproject.org/	LDG-1303
http://www.lincsproject.org/	LCL-2064	http://www.lincsproject.org/	LDG-1303
http://www.lincsproject.org/	LCL-2075	http://www.lincsproject.org/	LDG-1303
http://www.lincsproject.org/	LCL-2076	http://www.lincsproject.org/	LDG-1303
http://www.lincsproject.org/	LCL-2195	http://www.lincsproject.org/	LDG-1303
http://www.lincsproject.org/	LCL-2073	http://www.lincsproject.org/	LDG-1303
http://www.lincsproject.org/	LCL-2102	http://www.lincsproject.org/	LDG-1303
http://www.lincsproject.org/	LCL-2222	http://www.lincsproject.org/	LDG-1303
http://www.lincsproject.org/	LCL-2070	http://www.lincsproject.org/	LDG-1303
http://www.lincsproject.org/	LCL-2074	http://www.lincsproject.org/	LDG-1303
http://www.lincsproject.org/	LCL-2214	http://www.lincsproject.org/	LDG-1303
http://www.lincsproject.org/	LCL-2065	http://www.lincsproject.org/	LDG-1303
http://www.lincsproject.org/	LCL-2215	http://www.lincsproject.org/	LDG-1303
http://www.lincsproject.org/	LCL-2069	http://www.lincsproject.org/	LDG-1303
http://www.lincsproject.org/	LCL-2220	http://www.lincsproject.org/	LDG-1303
http://www.lincsproject.org/	LCL-2080	http://www.lincsproject.org/	LDG-1303
http://www.lincsproject.org/	LCL-2217	http://www.lincsproject.org/	LDG-1303
http://www.lincsproject.org/	LCL-2213	http://www.lincsproject.org/	LDG-1303
http://www.lincsproject.org/	LCL-2071	http://www.lincsproject.org/	LDG-1303
http://www.lincsproject.org/	LCL-2218	http://www.lincsproject.org/	LDG-1303
http://www.lincsproject.org/	LCL-2219	http://www.lincsproject.org/	LDG-1303
http://www.lincsproject.org/	LCL-2068	http://www.lincsproject.org/	LDG-1303
http://www.lincsproject.org/	LCL-2082	http://www.lincsproject.org/	LDG-1303
http://www.lincsproject.org/	LCL-2066	http://www.lincsproject.org/	LDG-1303
http://www.lincsproject.org/	LCL-1464	http://www.lincsproject.org/	LDG-1303
http://www.lincsproject.org/	LCL-2067	http://www.lincsproject.org/	LDG-1303
http://www.lincsproject.org/	LCL-2081	http://www.lincsproject.org/	LDG-1303
http://www.lincsproject.org/	LCL-1484	http://www.lincsproject.org/	LDG-1303
http://www.lincsproject.org/	LCL-1469	http://www.lincsproject.org/	LDG-1303
http://www.lincsproject.org/	LCL-1480	http://www.lincsproject.org/	LDG-1303
http://www.lincsproject.org/	LCL-1482	http://www.lincsproject.org/	LDG-1303
http://www.lincsproject.org/	LCL-1324	http://www.lincsproject.org/	LDG-1303
http://www.lincsproject.org/	LCL-1317	http://www.lincsproject.org/	LDG-1303
http://www.lincsproject.org/	LCL-1312	http://www.lincsproject.org/	LDG-1303
http://www.lincsproject.org/	LCL-1321	http://www.lincsproject.org/	LDG-1303
http://www.lincsproject.org/	LCL-1309	http://www.lincsproject.org/	LDG-1303
http://www.lincsproject.org/	LCL-1478	http://www.lincsproject.org/	LDG-1303
http://www.lincsproject.org/	LCL-1479	http://www.lincsproject.org/	LDG-1303
http://www.lincsproject.org/	LCL-1319	http://www.lincsproject.org/	LDG-1303
http://www.lincsproject.org/	LCL-1333	http://www.lincsproject.org/	LDG-1303
http://www.lincsproject.org/	LCL-1320	http://www.lincsproject.org/	LDG-1303
http://www.lincsproject.org/	LCL-1311	http://www.lincsproject.org/	LDG-1303
http://www.lincsproject.org/	LCL-1916	http://www.lincsproject.org/	LDG-1303
http://www.lincsproject.org/	LCL-1960	http://www.lincsproject.org/	LDG-1303
http://www.lincsproject.org/	LCL-1471	http://www.lincsproject.org/	LDG-1303
http://www.lincsproject.org/	LCL-1465	http://www.lincsproject.org/	LDG-1303
http://www.lincsproject.org/	LCL-1468	http://www.lincsproject.org/	LDG-1303
http://www.lincsproject.org/	LCL-1335	http://www.lincsproject.org/	LDG-1303
http://www.lincsproject.org/	LCL-1314	http://www.lincsproject.org/	LDG-1303
http://www.lincsproject.org/	LCL-1330	http://www.lincsproject.org/	LDG-1303
http://www.lincsproject.org/	LCL-1310	http://www.lincsproject.org/	LDG-1303
http://www.lincsproject.org/	LCL-1308	http://www.lincsproject.org/	LDG-1303
http://www.lincsproject.org/	LCL-1470	http://www.lincsproject.org/	LDG-1303
http://www.lincsproject.org/	LCL-1334	http://www.lincsproject.org/	LDG-1303
http://www.lincsproject.org/	LCL-1466	http://www.lincsproject.org/	LDG-1303
http://www.lincsproject.org/	LCL-1316	http://www.lincsproject.org/	LDG-1303
http://www.lincsproject.org/	LCL-1462	http://www.lincsproject.org/	LDG-1303
http://www.lincsproject.org/	LCL-1329	http://www.lincsproject.org/	LDG-1303
http://www.lincsproject.org/	LCL-1331	http://www.lincsproject.org/	LDG-1303
http://www.lincsproject.org/	LCL-1467	http://www.lincsproject.org/	LDG-1303
http://www.lincsproject.org/	LCL-1485	http://www.lincsproject.org/	LDG-1303
http://www.lincsproject.org/	LCL-1463	http://www.lincsproject.org/	LDG-1303
http://www.lincsproject.org/	LCL-1461	http://www.lincsproject.org/	LDG-1303
http://www.lincsproject.org/	LCL-1486	http://www.lincsproject.org/	LDG-1303
http://www.lincsproject.org/	LCL-1332	http://www.lincsproject.org/	LDG-1303
http://www.lincsproject.org/	LCL-1315	http://www.lincsproject.org/	LDG-1303
http://www.lincsproject.org/	LCL-1475	http://www.lincsproject.org/	LDG-1303
http://www.lincsproject.org/	LCL-1476	http://www.lincsproject.org/	LDG-1303
http://www.lincsproject.org/	LCL-1460	http://www.lincsproject.org/	LDG-1303
http://www.lincsproject.org/	LCL-2085	http://www.lincsproject.org/	LDG-1303
http://www.lincsproject.org/	LCL-1235	http://www.lincsproject.org/	LDG-1076
http://www.lincsproject.org/	LCL-1461	http://www.lincsproject.org/	LDG-1240
http://www.lincsproject.org/	LCL-1315	http://www.lincsproject.org/	LDG-1240
http://www.lincsproject.org/	LCL-1475	http://www.lincsproject.org/	LDG-1240
http://www.lincsproject.org/	LCL-1476	http://www.lincsproject.org/	LDG-1240
http://www.lincsproject.org/	LCL-1460	http://www.lincsproject.org/	LDG-1240
http://www.lincsproject.org/	LCL-2085	http://www.lincsproject.org/	LDG-1240
http://www.lincsproject.org/	LCL-1242	http://www.lincsproject.org/	LDG-1236
http://www.lincsproject.org/	LCL-2085	http://www.lincsproject.org/	LDG-1301
http://www.lincsproject.org/	LCL-2210	http://www.lincsproject.org/	LDG-1328
http://www.lincsproject.org/	LCL-2208	http://www.lincsproject.org/	LDG-1328
http://www.lincsproject.org/	LCL-2210	http://www.lincsproject.org/	LDG-1329
http://www.lincsproject.org/	LCL-2208	http://www.lincsproject.org/	LDG-1329
http://www.lincsproject.org/	LCL-2210	http://www.lincsproject.org/	LDG-1330
http://www.lincsproject.org/	LCL-2208	http://www.lincsproject.org/	LDG-1330
http://www.lincsproject.org/	LCL-2221	http://www.lincsproject.org/	LDG-1295
http://www.lincsproject.org/	LCL-2094	http://www.lincsproject.org/	LDG-1295
http://www.lincsproject.org/	LCL-1235	http://www.lincsproject.org/	LDG-1294
http://www.lincsproject.org/	LCL-1512	http://www.lincsproject.org/	LDG-1083
http://www.lincsproject.org/	LCL-1299	http://www.lincsproject.org/	LDG-1083
http://www.lincsproject.org/	LCL-1461	http://www.lincsproject.org/	LDG-1199
http://www.lincsproject.org/	LCL-1315	http://www.lincsproject.org/	LDG-1199
http://www.lincsproject.org/	LCL-1475	http://www.lincsproject.org/	LDG-1199
http://www.lincsproject.org/	LCL-1476	http://www.lincsproject.org/	LDG-1199
http://www.lincsproject.org/	LCL-1460	http://www.lincsproject.org/	LDG-1199
http://www.lincsproject.org/	LCL-2085	http://www.lincsproject.org/	LDG-1199
http://www.lincsproject.org/	LCL-2147	http://www.lincsproject.org/	LDG-1188
http://www.lincsproject.org/	LCL-2146	http://www.lincsproject.org/	LDG-1188
http://www.lincsproject.org/	LCL-2162	http://www.lincsproject.org/	LDG-1188
http://www.lincsproject.org/	LCL-2153	http://www.lincsproject.org/	LDG-1188
http://www.lincsproject.org/	LCL-2150	http://www.lincsproject.org/	LDG-1188
http://www.lincsproject.org/	LCL-2228	http://www.lincsproject.org/	LDG-1188
http://www.lincsproject.org/	LCL-2154	http://www.lincsproject.org/	LDG-1188
http://www.lincsproject.org/	LCL-2156	http://www.lincsproject.org/	LDG-1188
http://www.lincsproject.org/	LCL-2152	http://www.lincsproject.org/	LDG-1188
http://www.lincsproject.org/	LCL-2107	http://www.lincsproject.org/	LDG-1188
http://www.lincsproject.org/	LCL-2149	http://www.lincsproject.org/	LDG-1188
http://www.lincsproject.org/	LCL-2159	http://www.lincsproject.org/	LDG-1188
http://www.lincsproject.org/	LCL-2155	http://www.lincsproject.org/	LDG-1188
http://www.lincsproject.org/	LCL-2084	http://www.lincsproject.org/	LDG-1188
http://www.lincsproject.org/	LCL-2144	http://www.lincsproject.org/	LDG-1188
http://www.lincsproject.org/	LCL-2161	http://www.lincsproject.org/	LDG-1188
http://www.lincsproject.org/	LCL-2145	http://www.lincsproject.org/	LDG-1188
http://www.lincsproject.org/	LCL-2158	http://www.lincsproject.org/	LDG-1188
http://www.lincsproject.org/	LCL-2148	http://www.lincsproject.org/	LDG-1188
http://www.lincsproject.org/	LCL-2157	http://www.lincsproject.org/	LDG-1188
http://www.lincsproject.org/	LCL-2090	http://www.lincsproject.org/	LDG-1188
http://www.lincsproject.org/	LCL-2151	http://www.lincsproject.org/	LDG-1188
http://www.lincsproject.org/	LCL-2000	http://www.lincsproject.org/	LDG-1188
http://www.lincsproject.org/	LCL-1926	http://www.lincsproject.org/	LDG-1188
http://www.lincsproject.org/	LCL-1070	http://www.lincsproject.org/	LDG-1188
http://www.lincsproject.org/	LCL-1161	http://www.lincsproject.org/	LDG-1188
http://www.lincsproject.org/	LCL-1339	http://www.lincsproject.org/	LDG-1188
http://www.lincsproject.org/	LCL-1805	http://www.lincsproject.org/	LDG-1188
http://www.lincsproject.org/	LCL-1604	http://www.lincsproject.org/	LDG-1188
http://www.lincsproject.org/	LCL-1168	http://www.lincsproject.org/	LDG-1188
http://www.lincsproject.org/	LCL-1181	http://www.lincsproject.org/	LDG-1188
http://www.lincsproject.org/	LCL-1636	http://www.lincsproject.org/	LDG-1188
http://www.lincsproject.org/	LCL-1649	http://www.lincsproject.org/	LDG-1188
http://www.lincsproject.org/	LCL-1700	http://www.lincsproject.org/	LDG-1188
http://www.lincsproject.org/	LCL-1780	http://www.lincsproject.org/	LDG-1188
http://www.lincsproject.org/	LCL-1841	http://www.lincsproject.org/	LDG-1188
http://www.lincsproject.org/	LCL-1162	http://www.lincsproject.org/	LDG-1188
http://www.lincsproject.org/	LCL-1074	http://www.lincsproject.org/	LDG-1188
http://www.lincsproject.org/	LCL-1893	http://www.lincsproject.org/	LDG-1188
http://www.lincsproject.org/	LCL-1265	http://www.lincsproject.org/	LDG-1188
http://www.lincsproject.org/	LCL-1147	http://www.lincsproject.org/	LDG-1188
http://www.lincsproject.org/	LCL-2092	http://www.lincsproject.org/	LDG-1188
http://www.lincsproject.org/	LCL-1521	http://www.lincsproject.org/	LDG-1188
http://www.lincsproject.org/	LCL-2050	http://www.lincsproject.org/	LDG-1188
http://www.lincsproject.org/	LCL-1187	http://www.lincsproject.org/	LDG-1188
http://www.lincsproject.org/	LCL-1842	http://www.lincsproject.org/	LDG-1188
http://www.lincsproject.org/	LCL-1072	http://www.lincsproject.org/	LDG-1188
http://www.lincsproject.org/	LCL-1925	http://www.lincsproject.org/	LDG-1188
http://www.lincsproject.org/	LCL-1786	http://www.lincsproject.org/	LDG-1188
http://www.lincsproject.org/	LCL-1659	http://www.lincsproject.org/	LDG-1188
http://www.lincsproject.org/	LCL-1410	http://www.lincsproject.org/	LDG-1188
http://www.lincsproject.org/	LCL-1164	http://www.lincsproject.org/	LDG-1188
http://www.lincsproject.org/	LCL-1503	http://www.lincsproject.org/	LDG-1188
http://www.lincsproject.org/	LCL-1609	http://www.lincsproject.org/	LDG-1188
http://www.lincsproject.org/	LCL-1054	http://www.lincsproject.org/	LDG-1188
http://www.lincsproject.org/	LCL-1125	http://www.lincsproject.org/	LDG-1188
http://www.lincsproject.org/	LCL-1180	http://www.lincsproject.org/	LDG-1188
http://www.lincsproject.org/	LCL-1431	http://www.lincsproject.org/	LDG-1188
http://www.lincsproject.org/	LCL-1157	http://www.lincsproject.org/	LDG-1188
http://www.lincsproject.org/	LCL-1601	http://www.lincsproject.org/	LDG-1188
http://www.lincsproject.org/	LCL-1299	http://www.lincsproject.org/	LDG-1188
http://www.lincsproject.org/	LCL-1461	http://www.lincsproject.org/	LDG-1188
http://www.lincsproject.org/	LCL-1315	http://www.lincsproject.org/	LDG-1188
http://www.lincsproject.org/	LCL-1475	http://www.lincsproject.org/	LDG-1188
http://www.lincsproject.org/	LCL-1476	http://www.lincsproject.org/	LDG-1188
http://www.lincsproject.org/	LCL-1235	http://www.lincsproject.org/	LDG-1188
http://www.lincsproject.org/	LCL-1460	http://www.lincsproject.org/	LDG-1188
http://www.lincsproject.org/	LCL-2085	http://www.lincsproject.org/	LDG-1188
http://www.lincsproject.org/	LCL-2084	http://www.lincsproject.org/	LDG-1227
http://www.lincsproject.org/	LCL-2090	http://www.lincsproject.org/	LDG-1227
http://www.lincsproject.org/	LCL-1298	http://www.lincsproject.org/	LDG-1227
http://www.lincsproject.org/	LCL-2083	http://www.lincsproject.org/	LDG-1227
http://www.lincsproject.org/	LCL-1925	http://www.lincsproject.org/	LDG-1227
http://www.lincsproject.org/	LCL-1180	http://www.lincsproject.org/	LDG-1227
http://www.lincsproject.org/	LCL-1601	http://www.lincsproject.org/	LDG-1227
http://www.lincsproject.org/	LCL-1299	http://www.lincsproject.org/	LDG-1227
http://www.lincsproject.org/	LCL-1461	http://www.lincsproject.org/	LDG-1227
http://www.lincsproject.org/	LCL-1315	http://www.lincsproject.org/	LDG-1227
http://www.lincsproject.org/	LCL-1475	http://www.lincsproject.org/	LDG-1227
http://www.lincsproject.org/	LCL-1476	http://www.lincsproject.org/	LDG-1227
http://www.lincsproject.org/	LCL-1235	http://www.lincsproject.org/	LDG-1227
http://www.lincsproject.org/	LCL-1460	http://www.lincsproject.org/	LDG-1227
http://www.lincsproject.org/	LCL-2085	http://www.lincsproject.org/	LDG-1227
http://www.lincsproject.org/	LCL-2147	http://www.lincsproject.org/	LDG-1198
http://www.lincsproject.org/	LCL-2162	http://www.lincsproject.org/	LDG-1198
http://www.lincsproject.org/	LCL-2150	http://www.lincsproject.org/	LDG-1198
http://www.lincsproject.org/	LCL-2228	http://www.lincsproject.org/	LDG-1198
http://www.lincsproject.org/	LCL-2149	http://www.lincsproject.org/	LDG-1198
http://www.lincsproject.org/	LCL-2159	http://www.lincsproject.org/	LDG-1198
http://www.lincsproject.org/	LCL-2155	http://www.lincsproject.org/	LDG-1198
http://www.lincsproject.org/	LCL-2084	http://www.lincsproject.org/	LDG-1198
http://www.lincsproject.org/	LCL-2144	http://www.lincsproject.org/	LDG-1198
http://www.lincsproject.org/	LCL-2161	http://www.lincsproject.org/	LDG-1198
http://www.lincsproject.org/	LCL-2145	http://www.lincsproject.org/	LDG-1198
http://www.lincsproject.org/	LCL-2158	http://www.lincsproject.org/	LDG-1198
http://www.lincsproject.org/	LCL-2148	http://www.lincsproject.org/	LDG-1198
http://www.lincsproject.org/	LCL-2157	http://www.lincsproject.org/	LDG-1198
http://www.lincsproject.org/	LCL-2090	http://www.lincsproject.org/	LDG-1198
http://www.lincsproject.org/	LCL-2151	http://www.lincsproject.org/	LDG-1198
http://www.lincsproject.org/	LCL-1070	http://www.lincsproject.org/	LDG-1198
http://www.lincsproject.org/	LCL-1161	http://www.lincsproject.org/	LDG-1198
http://www.lincsproject.org/	LCL-1805	http://www.lincsproject.org/	LDG-1198
http://www.lincsproject.org/	LCL-1604	http://www.lincsproject.org/	LDG-1198
http://www.lincsproject.org/	LCL-1168	http://www.lincsproject.org/	LDG-1198
http://www.lincsproject.org/	LCL-1181	http://www.lincsproject.org/	LDG-1198
http://www.lincsproject.org/	LCL-1636	http://www.lincsproject.org/	LDG-1198
http://www.lincsproject.org/	LCL-1649	http://www.lincsproject.org/	LDG-1198
http://www.lincsproject.org/	LCL-1700	http://www.lincsproject.org/	LDG-1198
http://www.lincsproject.org/	LCL-1780	http://www.lincsproject.org/	LDG-1198
http://www.lincsproject.org/	LCL-1841	http://www.lincsproject.org/	LDG-1198
http://www.lincsproject.org/	LCL-1162	http://www.lincsproject.org/	LDG-1198
http://www.lincsproject.org/	LCL-1074	http://www.lincsproject.org/	LDG-1198
http://www.lincsproject.org/	LCL-1893	http://www.lincsproject.org/	LDG-1198
http://www.lincsproject.org/	LCL-1265	http://www.lincsproject.org/	LDG-1198
http://www.lincsproject.org/	LCL-1147	http://www.lincsproject.org/	LDG-1198
http://www.lincsproject.org/	LCL-2092	http://www.lincsproject.org/	LDG-1198
http://www.lincsproject.org/	LCL-1521	http://www.lincsproject.org/	LDG-1198
http://www.lincsproject.org/	LCL-1187	http://www.lincsproject.org/	LDG-1198
http://www.lincsproject.org/	LCL-1842	http://www.lincsproject.org/	LDG-1198
http://www.lincsproject.org/	LCL-1072	http://www.lincsproject.org/	LDG-1198
http://www.lincsproject.org/	LCL-1925	http://www.lincsproject.org/	LDG-1198
http://www.lincsproject.org/	LCL-1786	http://www.lincsproject.org/	LDG-1198
http://www.lincsproject.org/	LCL-1659	http://www.lincsproject.org/	LDG-1198
http://www.lincsproject.org/	LCL-1410	http://www.lincsproject.org/	LDG-1198
http://www.lincsproject.org/	LCL-1164	http://www.lincsproject.org/	LDG-1198
http://www.lincsproject.org/	LCL-1503	http://www.lincsproject.org/	LDG-1198
http://www.lincsproject.org/	LCL-1609	http://www.lincsproject.org/	LDG-1198
http://www.lincsproject.org/	LCL-1125	http://www.lincsproject.org/	LDG-1198
http://www.lincsproject.org/	LCL-1180	http://www.lincsproject.org/	LDG-1198
http://www.lincsproject.org/	LCL-1157	http://www.lincsproject.org/	LDG-1198
http://www.lincsproject.org/	LCL-1601	http://www.lincsproject.org/	LDG-1198
http://www.lincsproject.org/	LCL-1299	http://www.lincsproject.org/	LDG-1198
http://www.lincsproject.org/	LCL-1461	http://www.lincsproject.org/	LDG-1198
http://www.lincsproject.org/	LCL-1315	http://www.lincsproject.org/	LDG-1198
http://www.lincsproject.org/	LCL-1475	http://www.lincsproject.org/	LDG-1198
http://www.lincsproject.org/	LCL-1476	http://www.lincsproject.org/	LDG-1198
http://www.lincsproject.org/	LCL-1235	http://www.lincsproject.org/	LDG-1198
http://www.lincsproject.org/	LCL-1460	http://www.lincsproject.org/	LDG-1198
http://www.lincsproject.org/	LCL-2085	http://www.lincsproject.org/	LDG-1198
http://www.lincsproject.org/	LCL-2137	http://www.lincsproject.org/	LDG-1264
http://www.lincsproject.org/	LCL-2138	http://www.lincsproject.org/	LDG-1264
http://www.lincsproject.org/	LCL-2136	http://www.lincsproject.org/	LDG-1264
http://www.lincsproject.org/	LCL-2135	http://www.lincsproject.org/	LDG-1264
http://www.lincsproject.org/	LCL-2142	http://www.lincsproject.org/	LDG-1264
http://www.lincsproject.org/	LCL-2143	http://www.lincsproject.org/	LDG-1264
http://www.lincsproject.org/	LCL-2107	http://www.lincsproject.org/	LDG-1264
http://www.lincsproject.org/	LCL-2084	http://www.lincsproject.org/	LDG-1264
http://www.lincsproject.org/	LCL-2141	http://www.lincsproject.org/	LDG-1264
http://www.lincsproject.org/	LCL-2133	http://www.lincsproject.org/	LDG-1264
http://www.lincsproject.org/	LCL-2106	http://www.lincsproject.org/	LDG-1264
http://www.lincsproject.org/	LCL-2090	http://www.lincsproject.org/	LDG-1264
http://www.lincsproject.org/	LCL-2134	http://www.lincsproject.org/	LDG-1264
http://www.lincsproject.org/	LCL-2139	http://www.lincsproject.org/	LDG-1264
http://www.lincsproject.org/	LCL-2140	http://www.lincsproject.org/	LDG-1264
http://www.lincsproject.org/	LCL-1298	http://www.lincsproject.org/	LDG-1264
http://www.lincsproject.org/	LCL-2083	http://www.lincsproject.org/	LDG-1264
http://www.lincsproject.org/	LCL-1925	http://www.lincsproject.org/	LDG-1264
http://www.lincsproject.org/	LCL-1180	http://www.lincsproject.org/	LDG-1264
http://www.lincsproject.org/	LCL-1601	http://www.lincsproject.org/	LDG-1264
http://www.lincsproject.org/	LCL-1299	http://www.lincsproject.org/	LDG-1264
http://www.lincsproject.org/	LCL-1461	http://www.lincsproject.org/	LDG-1264
http://www.lincsproject.org/	LCL-1315	http://www.lincsproject.org/	LDG-1264
http://www.lincsproject.org/	LCL-1475	http://www.lincsproject.org/	LDG-1264
http://www.lincsproject.org/	LCL-1476	http://www.lincsproject.org/	LDG-1264
http://www.lincsproject.org/	LCL-1235	http://www.lincsproject.org/	LDG-1264
http://www.lincsproject.org/	LCL-1460	http://www.lincsproject.org/	LDG-1264
http://www.lincsproject.org/	LCL-2085	http://www.lincsproject.org/	LDG-1264
http://www.lincsproject.org/	LCL-2137	http://www.lincsproject.org/	LDG-1312
http://www.lincsproject.org/	LCL-2138	http://www.lincsproject.org/	LDG-1312
http://www.lincsproject.org/	LCL-2136	http://www.lincsproject.org/	LDG-1312
http://www.lincsproject.org/	LCL-2135	http://www.lincsproject.org/	LDG-1312
http://www.lincsproject.org/	LCL-2142	http://www.lincsproject.org/	LDG-1312
http://www.lincsproject.org/	LCL-2143	http://www.lincsproject.org/	LDG-1312
http://www.lincsproject.org/	LCL-2107	http://www.lincsproject.org/	LDG-1312
http://www.lincsproject.org/	LCL-2084	http://www.lincsproject.org/	LDG-1312
http://www.lincsproject.org/	LCL-2141	http://www.lincsproject.org/	LDG-1312
http://www.lincsproject.org/	LCL-2133	http://www.lincsproject.org/	LDG-1312
http://www.lincsproject.org/	LCL-2106	http://www.lincsproject.org/	LDG-1312
http://www.lincsproject.org/	LCL-2090	http://www.lincsproject.org/	LDG-1312
http://www.lincsproject.org/	LCL-2134	http://www.lincsproject.org/	LDG-1312
http://www.lincsproject.org/	LCL-2139	http://www.lincsproject.org/	LDG-1312
http://www.lincsproject.org/	LCL-2140	http://www.lincsproject.org/	LDG-1312
http://www.lincsproject.org/	LCL-1298	http://www.lincsproject.org/	LDG-1312
http://www.lincsproject.org/	LCL-2083	http://www.lincsproject.org/	LDG-1312
http://www.lincsproject.org/	LCL-1925	http://www.lincsproject.org/	LDG-1312
http://www.lincsproject.org/	LCL-1792	http://www.lincsproject.org/	LDG-1312
http://www.lincsproject.org/	LCL-1180	http://www.lincsproject.org/	LDG-1312
http://www.lincsproject.org/	LCL-1512	http://www.lincsproject.org/	LDG-1312
http://www.lincsproject.org/	LCL-1601	http://www.lincsproject.org/	LDG-1312
http://www.lincsproject.org/	LCL-1299	http://www.lincsproject.org/	LDG-1312
http://www.lincsproject.org/	LCL-1461	http://www.lincsproject.org/	LDG-1312
http://www.lincsproject.org/	LCL-1315	http://www.lincsproject.org/	LDG-1312
http://www.lincsproject.org/	LCL-1475	http://www.lincsproject.org/	LDG-1312
http://www.lincsproject.org/	LCL-1476	http://www.lincsproject.org/	LDG-1312
http://www.lincsproject.org/	LCL-1235	http://www.lincsproject.org/	LDG-1312
http://www.lincsproject.org/	LCL-1460	http://www.lincsproject.org/	LDG-1312
http://www.lincsproject.org/	LCL-2085	http://www.lincsproject.org/	LDG-1312
http://www.lincsproject.org/	LCL-1431	http://www.lincsproject.org/	LDG-1191
http://www.lincsproject.org/	LCL-2203	http://www.lincsproject.org/	LDG-1313
http://www.lincsproject.org/	LCL-2085	http://www.lincsproject.org/	LDG-1313
http://www.lincsproject.org/	LCL-2203	http://www.lincsproject.org/	LDG-1314
http://www.lincsproject.org/	LCL-2085	http://www.lincsproject.org/	LDG-1314
http://www.lincsproject.org/	LCL-2203	http://www.lincsproject.org/	LDG-1315
http://www.lincsproject.org/	LCL-2085	http://www.lincsproject.org/	LDG-1315
http://www.lincsproject.org/	LCL-2203	http://www.lincsproject.org/	LDG-1316
http://www.lincsproject.org/	LCL-2085	http://www.lincsproject.org/	LDG-1316
http://www.lincsproject.org/	LCL-2203	http://www.lincsproject.org/	LDG-1317
http://www.lincsproject.org/	LCL-2085	http://www.lincsproject.org/	LDG-1317
http://www.lincsproject.org/	LCL-2203	http://www.lincsproject.org/	LDG-1318
http://www.lincsproject.org/	LCL-2085	http://www.lincsproject.org/	LDG-1318
http://www.lincsproject.org/	LCL-2203	http://www.lincsproject.org/	LDG-1319
http://www.lincsproject.org/	LCL-2085	http://www.lincsproject.org/	LDG-1319
http://www.lincsproject.org/	LCL-2203	http://www.lincsproject.org/	LDG-1320
http://www.lincsproject.org/	LCL-2085	http://www.lincsproject.org/	LDG-1320
http://www.lincsproject.org/	LCL-2203	http://www.lincsproject.org/	LDG-1321
http://www.lincsproject.org/	LCL-2085	http://www.lincsproject.org/	LDG-1321
http://www.lincsproject.org/	LCL-2085	http://www.lincsproject.org/	LDG-1432
http://www.lincsproject.org/	LCL-2085	http://www.lincsproject.org/	LDG-1435
http://www.lincsproject.org/	LCL-2085	http://www.lincsproject.org/	LDG-1433
http://www.lincsproject.org/	LCL-2085	http://www.lincsproject.org/	LDG-1436
http://www.lincsproject.org/	LCL-2085	http://www.lincsproject.org/	LDG-1437
http://www.lincsproject.org/	LCL-2085	http://www.lincsproject.org/	LDG-1434
http://www.lincsproject.org/	LCL-2085	http://www.lincsproject.org/	LDG-1341
http://www.lincsproject.org/	LCL-2085	http://www.lincsproject.org/	LDG-1342
http://www.lincsproject.org/	LCL-2085	http://www.lincsproject.org/	LDG-1343
http://www.lincsproject.org/	LCL-2085	http://www.lincsproject.org/	LDG-1344
http://www.lincsproject.org/	LCL-2085	http://www.lincsproject.org/	LDG-1345
http://www.lincsproject.org/	LCL-2085	http://www.lincsproject.org/	LDG-1346
http://www.lincsproject.org/	LCL-2203	http://www.lincsproject.org/	LDG-1347
http://www.lincsproject.org/	LCL-2203	http://www.lincsproject.org/	LDG-1356
http://www.lincsproject.org/	LCL-2203	http://www.lincsproject.org/	LDG-1357
http://www.lincsproject.org/	LCL-2203	http://www.lincsproject.org/	LDG-1358
http://www.lincsproject.org/	LCL-2203	http://www.lincsproject.org/	LDG-1359
http://www.lincsproject.org/	LCL-2203	http://www.lincsproject.org/	LDG-1360
http://www.lincsproject.org/	LCL-2203	http://www.lincsproject.org/	LDG-1361
http://www.lincsproject.org/	LCL-2203	http://www.lincsproject.org/	LDG-1348
http://www.lincsproject.org/	LCL-2203	http://www.lincsproject.org/	LDG-1349
http://www.lincsproject.org/	LCL-2203	http://www.lincsproject.org/	LDG-1350
http://www.lincsproject.org/	LCL-2203	http://www.lincsproject.org/	LDG-1351
http://www.lincsproject.org/	LCL-2203	http://www.lincsproject.org/	LDG-1352
http://www.lincsproject.org/	LCL-2203	http://www.lincsproject.org/	LDG-1353
http://www.lincsproject.org/	LCL-2203	http://www.lincsproject.org/	LDG-1354
http://www.lincsproject.org/	LCL-2203	http://www.lincsproject.org/	LDG-1355
http://www.lincsproject.org/	LCL-1476	http://www.lincsproject.org/	LDG-1265
http://www.lincsproject.org/	LCL-1476	http://www.lincsproject.org/	LDG-1266
http://www.lincsproject.org/	LCL-1461	http://www.lincsproject.org/	LDG-1220
http://www.lincsproject.org/	LCL-1315	http://www.lincsproject.org/	LDG-1220
http://www.lincsproject.org/	LCL-1475	http://www.lincsproject.org/	LDG-1220
http://www.lincsproject.org/	LCL-1476	http://www.lincsproject.org/	LDG-1220
http://www.lincsproject.org/	LCL-1460	http://www.lincsproject.org/	LDG-1220
http://www.lincsproject.org/	LCL-2085	http://www.lincsproject.org/	LDG-1220
http://www.lincsproject.org/	LCL-1461	http://www.lincsproject.org/	LDG-1243
http://www.lincsproject.org/	LCL-1315	http://www.lincsproject.org/	LDG-1243
http://www.lincsproject.org/	LCL-1475	http://www.lincsproject.org/	LDG-1243
http://www.lincsproject.org/	LCL-1476	http://www.lincsproject.org/	LDG-1243
http://www.lincsproject.org/	LCL-1460	http://www.lincsproject.org/	LDG-1243
http://www.lincsproject.org/	LCL-2085	http://www.lincsproject.org/	LDG-1243
http://www.lincsproject.org/	LCL-1461	http://www.lincsproject.org/	LDG-1244
http://www.lincsproject.org/	LCL-1315	http://www.lincsproject.org/	LDG-1244
http://www.lincsproject.org/	LCL-1475	http://www.lincsproject.org/	LDG-1244
http://www.lincsproject.org/	LCL-1476	http://www.lincsproject.org/	LDG-1244
http://www.lincsproject.org/	LCL-1460	http://www.lincsproject.org/	LDG-1244
http://www.lincsproject.org/	LCL-2085	http://www.lincsproject.org/	LDG-1244
http://www.lincsproject.org/	LCL-1461	http://www.lincsproject.org/	LDG-1245
http://www.lincsproject.org/	LCL-1315	http://www.lincsproject.org/	LDG-1245
http://www.lincsproject.org/	LCL-1475	http://www.lincsproject.org/	LDG-1245
http://www.lincsproject.org/	LCL-1476	http://www.lincsproject.org/	LDG-1245
http://www.lincsproject.org/	LCL-1460	http://www.lincsproject.org/	LDG-1245
http://www.lincsproject.org/	LCL-2085	http://www.lincsproject.org/	LDG-1245
http://www.lincsproject.org/	LCL-1461	http://www.lincsproject.org/	LDG-1246
http://www.lincsproject.org/	LCL-1315	http://www.lincsproject.org/	LDG-1246
http://www.lincsproject.org/	LCL-1475	http://www.lincsproject.org/	LDG-1246
http://www.lincsproject.org/	LCL-1476	http://www.lincsproject.org/	LDG-1246
http://www.lincsproject.org/	LCL-1460	http://www.lincsproject.org/	LDG-1246
http://www.lincsproject.org/	LCL-2085	http://www.lincsproject.org/	LDG-1246
http://www.lincsproject.org/	LCL-1461	http://www.lincsproject.org/	LDG-1247
http://www.lincsproject.org/	LCL-1315	http://www.lincsproject.org/	LDG-1247
http://www.lincsproject.org/	LCL-1475	http://www.lincsproject.org/	LDG-1247
http://www.lincsproject.org/	LCL-1476	http://www.lincsproject.org/	LDG-1247
http://www.lincsproject.org/	LCL-1460	http://www.lincsproject.org/	LDG-1247
http://www.lincsproject.org/	LCL-2085	http://www.lincsproject.org/	LDG-1247
http://www.lincsproject.org/	LCL-1461	http://www.lincsproject.org/	LDG-1248
http://www.lincsproject.org/	LCL-1315	http://www.lincsproject.org/	LDG-1248
http://www.lincsproject.org/	LCL-1475	http://www.lincsproject.org/	LDG-1248
http://www.lincsproject.org/	LCL-1476	http://www.lincsproject.org/	LDG-1248
http://www.lincsproject.org/	LCL-1460	http://www.lincsproject.org/	LDG-1248
http://www.lincsproject.org/	LCL-2085	http://www.lincsproject.org/	LDG-1248
http://www.lincsproject.org/	LCL-1461	http://www.lincsproject.org/	LDG-1221
http://www.lincsproject.org/	LCL-1315	http://www.lincsproject.org/	LDG-1221
http://www.lincsproject.org/	LCL-1475	http://www.lincsproject.org/	LDG-1221
http://www.lincsproject.org/	LCL-1476	http://www.lincsproject.org/	LDG-1221
http://www.lincsproject.org/	LCL-1460	http://www.lincsproject.org/	LDG-1221
http://www.lincsproject.org/	LCL-2085	http://www.lincsproject.org/	LDG-1221
http://www.lincsproject.org/	LCL-1461	http://www.lincsproject.org/	LDG-1222
http://www.lincsproject.org/	LCL-1315	http://www.lincsproject.org/	LDG-1222
http://www.lincsproject.org/	LCL-1475	http://www.lincsproject.org/	LDG-1222
http://www.lincsproject.org/	LCL-1476	http://www.lincsproject.org/	LDG-1222
http://www.lincsproject.org/	LCL-1460	http://www.lincsproject.org/	LDG-1222
http://www.lincsproject.org/	LCL-2085	http://www.lincsproject.org/	LDG-1222
http://www.lincsproject.org/	LCL-1461	http://www.lincsproject.org/	LDG-1223
http://www.lincsproject.org/	LCL-1315	http://www.lincsproject.org/	LDG-1223
http://www.lincsproject.org/	LCL-1475	http://www.lincsproject.org/	LDG-1223
http://www.lincsproject.org/	LCL-1476	http://www.lincsproject.org/	LDG-1223
http://www.lincsproject.org/	LCL-1460	http://www.lincsproject.org/	LDG-1223
http://www.lincsproject.org/	LCL-2085	http://www.lincsproject.org/	LDG-1223
http://www.lincsproject.org/	LCL-1461	http://www.lincsproject.org/	LDG-1224
http://www.lincsproject.org/	LCL-1315	http://www.lincsproject.org/	LDG-1224
http://www.lincsproject.org/	LCL-1475	http://www.lincsproject.org/	LDG-1224
http://www.lincsproject.org/	LCL-1476	http://www.lincsproject.org/	LDG-1224
http://www.lincsproject.org/	LCL-1460	http://www.lincsproject.org/	LDG-1224
http://www.lincsproject.org/	LCL-2085	http://www.lincsproject.org/	LDG-1224
http://www.lincsproject.org/	LCL-1461	http://www.lincsproject.org/	LDG-1225
http://www.lincsproject.org/	LCL-1315	http://www.lincsproject.org/	LDG-1225
http://www.lincsproject.org/	LCL-1475	http://www.lincsproject.org/	LDG-1225
http://www.lincsproject.org/	LCL-1476	http://www.lincsproject.org/	LDG-1225
http://www.lincsproject.org/	LCL-1460	http://www.lincsproject.org/	LDG-1225
http://www.lincsproject.org/	LCL-2085	http://www.lincsproject.org/	LDG-1225
http://www.lincsproject.org/	LCL-1461	http://www.lincsproject.org/	LDG-1226
http://www.lincsproject.org/	LCL-1315	http://www.lincsproject.org/	LDG-1226
http://www.lincsproject.org/	LCL-1475	http://www.lincsproject.org/	LDG-1226
http://www.lincsproject.org/	LCL-1476	http://www.lincsproject.org/	LDG-1226
http://www.lincsproject.org/	LCL-1460	http://www.lincsproject.org/	LDG-1226
http://www.lincsproject.org/	LCL-2085	http://www.lincsproject.org/	LDG-1226
http://www.lincsproject.org/	LCL-1461	http://www.lincsproject.org/	LDG-1241
http://www.lincsproject.org/	LCL-1315	http://www.lincsproject.org/	LDG-1241
http://www.lincsproject.org/	LCL-1475	http://www.lincsproject.org/	LDG-1241
http://www.lincsproject.org/	LCL-1476	http://www.lincsproject.org/	LDG-1241
http://www.lincsproject.org/	LCL-1460	http://www.lincsproject.org/	LDG-1241
http://www.lincsproject.org/	LCL-2085	http://www.lincsproject.org/	LDG-1241
http://www.lincsproject.org/	LCL-1461	http://www.lincsproject.org/	LDG-1242
http://www.lincsproject.org/	LCL-1315	http://www.lincsproject.org/	LDG-1242
http://www.lincsproject.org/	LCL-1475	http://www.lincsproject.org/	LDG-1242
http://www.lincsproject.org/	LCL-1476	http://www.lincsproject.org/	LDG-1242
http://www.lincsproject.org/	LCL-1460	http://www.lincsproject.org/	LDG-1242
http://www.lincsproject.org/	LCL-2085	http://www.lincsproject.org/	LDG-1242
http://www.lincsproject.org/	LCL-2097	http://www.lincsproject.org/	LDG-1216
http://www.lincsproject.org/	LCL-2100	http://www.lincsproject.org/	LDG-1216
http://www.lincsproject.org/	LCL-2099	http://www.lincsproject.org/	LDG-1216
http://www.lincsproject.org/	LCL-2096	http://www.lincsproject.org/	LDG-1216
http://www.lincsproject.org/	LCL-2098	http://www.lincsproject.org/	LDG-1216
http://www.lincsproject.org/	LCL-1462	http://www.lincsproject.org/	LDG-1375
http://www.lincsproject.org/	LCL-1462	http://www.lincsproject.org/	LDG-1376
http://www.lincsproject.org/	LCL-1332	http://www.lincsproject.org/	LDG-1377
http://www.lincsproject.org/	LCL-1332	http://www.lincsproject.org/	LDG-1378
http://www.lincsproject.org/	LCL-2130	http://www.lincsproject.org/	LDG-1364
http://www.lincsproject.org/	LCL-2130	http://www.lincsproject.org/	LDG-1365
http://www.lincsproject.org/	LCL-2130	http://www.lincsproject.org/	LDG-1374
http://www.lincsproject.org/	LCL-2131	http://www.lincsproject.org/	LDG-1366
http://www.lincsproject.org/	LCL-2131	http://www.lincsproject.org/	LDG-1367
http://www.lincsproject.org/	LCL-2131	http://www.lincsproject.org/	LDG-1370
http://www.lincsproject.org/	LCL-2085	http://www.lincsproject.org/	LDG-1368
http://www.lincsproject.org/	LCL-2085	http://www.lincsproject.org/	LDG-1371
http://www.lincsproject.org/	LCL-2085	http://www.lincsproject.org/	LDG-1369
http://www.lincsproject.org/	LCL-2085	http://www.lincsproject.org/	LDG-1372
http://www.lincsproject.org/	LCL-2085	http://www.lincsproject.org/	LDG-1373
http://www.lincsproject.org/	LCL-1460	http://www.lincsproject.org/	LDG-1267
http://www.lincsproject.org/	LCL-1460	http://www.lincsproject.org/	LDG-1268
