,Integrated breast cancer pathway,Stathmin and breast cancer resistance to antimicrotubule agents,Integrated breast cancer pathway WP1984,Breast cancer pathway WP4262,Breast cancer,NOTCH1 Signaling in Breast Cancer,Genes with Mutations Associated with Breast Cancer,Genes with Mutations Associated with Hereditary Breast and/or Ovarian Cancer Syndrome,Proteins Involved in Breast Cancer Related to ERBB2/VEGFR/Akt Signaling Pathway,Hereditary Breast and Ovarian Cancer Syndrome,Proteins Involved in Breast Cancer Related to ESR1 Signaling Pathway,Proteins Involved in Breast Cancer Related to IGF1R/Akt Signaling Pathway,Proteins Involved in Breast Cancer Related to NOTCH Signaling Pathway,Proteins Involved in Breast Cancer Related to WNT Signaling Pathway,Breast Cancer,WNT Signaling in Breast Cancer,IGF1R/AKT Signaling in Breast Cancer,Proteins with Altered Expression in Breast Cancer,ERBB/VEGFR/Akt Signaling in Breast Cancer,ESR1 Signaling in Breast Cancer,ESR1/ERBB Positive Luminal Breast Cancer,Stathmin and breast cancer resistance to antimicrotubule agents Homo sapiens h stathminPathway,Cancer Stem cell:Breast,Integrated Breast Cancer Pathway WP1984,Integrated Breast Cancer Pathway Homo sapiens WP1984,IRF1-19129219-H3396 breast cancer cells-human,breast cancer cell,Control Nrde2-Depleted Breast Cancer GSE119827 1,Multi-Treatment Models Breast Cancer GSE136823 1,Multi-Treatment Models Breast Cancer GSE136823 2,Multi-Treatment Models Breast Cancer GSE136823 3,Multi-Treatment Models Breast Cancer GSE136823 4,Multi-Treatment Models Breast Cancer GSE136823 5,Multi-Treatment Models Breast Cancer GSE136823 6,Multi-Treatment Models Breast Cancer GSE136823 7,Differentially Breast Cancer Diabetes GSE150586 1,Breast cancer DOID-1612 mouse GSE24594 sample 616,Breast Cancer DOID-1612 human GSE34925 sample 478,Breast Cancer C0006142 human GSE2429 sample 148,Breast Cancer C0006142 human GSE1379 sample 392,breast cancer DOID-1612 human GSE9574 sample 448,breast cancer DOID-1612 human GSE14943 sample 504,breast cancer DOID-1612 human GSE26910 sample 602,Breast Cancer C0006142 human GSE1378 sample 52,sporadic breast cancer DOID-8029 human GSE3744 sample 979,Breast Cancer C0006142 human GSE2155 sample 39,breast cancer DOID-1612 human GSE3744 sample 978,Breast Cancer C0006142 mouse GSE2528 sample 28,Breast Cancer C0006142 human GSE3744 sample 24,Breast Cancer C0006142 rat GSE1872 sample 63,estradiol human estrogen receptor (ER)-positive MCF7 breast cancer cells GDS3217 ligand:41,estradiol human MCF-7 breast cancer cells GDS3283 ligand:43,estradiol human MCF-7 breast cancer cells GDS3283 ligand:42,Interleukin-13 human Breast cancer - MCF10CA1a cell line (pLKO-shIL13RA2) GSE57677 ligand:243,estradiol human estrogen receptor (ER)-positive MCF7 breast cancer cells GDS3217 ligand:40,estradiol human MCF-7 breast cancer cells GDS3105 ligand:38,estradiol human estrogen receptor (ER)-positive MCF7 breast cancer cells GDS3217 ligand:39,Interleukin-13 human Breast cancer - MCF10CA1a cell line (pLKO-shSCR) GSE57677 ligand:242
Integrated breast cancer pathway,0,0.00,0.96,0.19,0.17,0.16,0.10,0.16,0.22,0.23,0.25,0.22,0.17,0.14,0.25,0.12,0.21,0.14,0.21,0.24,0.28,0.00,0.02,0.96,0.96,0.01,0.01,0.03,0.02,0.02,0.07,0.04,0.06,0.07,0.04,0.02,0.03,0.02,0.01,0.00,0.01,0.01,0.01,0.01,0.02,0.03,0.01,0.00,0.01,0.01,0.00,0.03,0.01,0.00,0.01,0.02,0.02,0.00
Stathmin and breast cancer resistance to antimicrotubule agents,0.00,0,0.00,0.00,0.00,0.03,0.00,0.00,0.02,0.00,0.00,0.00,0.03,0.03,0.00,0.03,0.00,0.03,0.00,0.00,0.00,0.88,0.00,0.00,0.00,0.00,0.00,0.02,0.00,0.00,0.03,0.03,0.05,0.03,0.03,0.00,0.01,0.01,0.01,0.00,0.02,0.00,0.00,0.00,0.00,0.01,0.00,0.01,0.00,0.03,0.02,0.01,0.01,0.00,0.05,0.01,0.03,0.01
Integrated breast cancer pathway WP1984,0.96,0.00,0,0.20,0.17,0.16,0.10,0.16,0.22,0.23,0.25,0.22,0.17,0.14,0.26,0.12,0.21,0.14,0.21,0.24,0.29,0.00,0.02,1.00,0.96,0.01,0.01,0.03,0.03,0.02,0.07,0.04,0.06,0.07,0.04,0.03,0.03,0.02,0.01,0.00,0.02,0.01,0.01,0.01,0.02,0.03,0.01,0.00,0.01,0.00,0.00,0.03,0.01,0.00,0.01,0.02,0.02,0.00
Breast cancer pathway WP4262,0.19,0.00,0.20,0,0.92,0.19,0.15,0.16,0.26,0.20,0.27,0.26,0.17,0.25,0.35,0.23,0.27,0.20,0.26,0.25,0.34,0.00,0.02,0.20,0.19,0.01,0.01,0.02,0.02,0.03,0.03,0.02,0.03,0.03,0.02,0.04,0.02,0.02,0.00,0.01,0.03,0.01,0.01,0.01,0.03,0.02,0.04,0.00,0.05,0.01,0.00,0.03,0.04,0.00,0.00,0.03,0.01,0.00
Breast cancer,0.17,0.00,0.17,0.92,0,0.21,0.08,0.16,0.26,0.15,0.28,0.27,0.19,0.25,0.33,0.24,0.28,0.20,0.27,0.25,0.31,0.00,0.02,0.17,0.17,0.01,0.01,0.02,0.02,0.03,0.02,0.02,0.02,0.02,0.02,0.04,0.02,0.02,0.01,0.01,0.03,0.02,0.01,0.01,0.03,0.02,0.04,0.00,0.05,0.01,0.00,0.04,0.04,0.00,0.00,0.03,0.01,0.00
NOTCH1 Signaling in Breast Cancer,0.16,0.03,0.16,0.19,0.21,0,0.00,0.00,0.32,0.36,0.30,0.27,0.73,0.38,0.41,0.43,0.18,0.42,0.21,0.21,0.25,0.03,0.04,0.17,0.16,0.00,0.00,0.02,0.02,0.02,0.01,0.01,0.02,0.01,0.02,0.03,0.03,0.02,0.03,0.00,0.02,0.01,0.02,0.00,0.02,0.01,0.02,0.02,0.02,0.01,0.00,0.03,0.03,0.00,0.01,0.02,0.02,0.00
Genes with Mutations Associated with Breast Cancer,0.10,0.00,0.10,0.15,0.08,0.00,0,0.53,0.04,0.45,0.04,0.04,0.00,0.00,0.27,0.00,0.00,0.00,0.00,0.00,0.30,0.00,0.00,0.10,0.10,0.02,0.00,0.00,0.00,0.00,0.08,0.06,0.04,0.08,0.06,0.00,0.00,0.00,0.00,0.00,0.00,0.00,0.00,0.00,0.00,0.00,0.00,0.00,0.00,0.00,0.00,0.03,0.00,0.00,0.02,0.00,0.02,0.00
Genes with Mutations Associated with Hereditary Breast and/or Ovarian Cancer Syndrome,0.16,0.00,0.16,0.16,0.16,0.00,0.53,0,0.16,0.18,0.17,0.18,0.00,0.06,0.22,0.06,0.15,0.06,0.14,0.14,0.24,0.00,0.00,0.16,0.16,0.00,0.00,0.00,0.00,0.00,0.04,0.04,0.02,0.04,0.04,0.00,0.02,0.00,0.00,0.00,0.00,0.00,0.00,0.00,0.00,0.00,0.00,0.00,0.00,0.00,0.00,0.02,0.00,0.00,0.00,0.00,0.00,0.00
Proteins Involved in Breast Cancer Related to ERBB2/VEGFR/Akt Signaling Pathway,0.22,0.02,0.22,0.26,0.26,0.32,0.04,0.16,0,0.10,0.69,0.72,0.38,0.36,0.48,0.32,0.45,0.42,0.64,0.41,0.53,0.02,0.02,0.22,0.22,0.00,0.00,0.01,0.03,0.03,0.01,0.02,0.01,0.01,0.01,0.04,0.02,0.02,0.02,0.01,0.03,0.01,0.04,0.02,0.04,0.02,0.03,0.01,0.03,0.01,0.01,0.05,0.05,0.01,0.01,0.02,0.01,0.01
Hereditary Breast and Ovarian Cancer Syndrome,0.23,0.00,0.23,0.20,0.15,0.36,0.45,0.18,0.10,0,0.22,0.12,0.16,0.09,0.46,0.09,0.13,0.03,0.12,0.30,0.51,0.00,0.00,0.23,0.23,0.03,0.01,0.02,0.00,0.01,0.06,0.06,0.03,0.06,0.03,0.03,0.01,0.01,0.00,0.00,0.02,0.00,0.02,0.00,0.01,0.02,0.01,0.00,0.01,0.00,0.00,0.03,0.02,0.00,0.01,0.01,0.01,0.00
Proteins Involved in Breast Cancer Related to ESR1 Signaling Pathway,0.25,0.00,0.25,0.27,0.28,0.30,0.04,0.17,0.69,0.22,0,0.74,0.34,0.34,0.38,0.30,0.46,0.24,0.41,0.61,0.47,0.00,0.00,0.25,0.25,0.00,0.01,0.02,0.02,0.02,0.01,0.00,0.01,0.01,0.01,0.03,0.03,0.01,0.02,0.00,0.02,0.01,0.02,0.00,0.03,0.02,0.02,0.01,0.02,0.01,0.00,0.04,0.04,0.00,0.01,0.02,0.02,0.01
Proteins Involved in Breast Cancer Related to IGF1R/Akt Signaling Pathway,0.22,0.00,0.22,0.26,0.27,0.27,0.04,0.18,0.72,0.12,0.74,0,0.34,0.30,0.40,0.25,0.62,0.23,0.48,0.47,0.45,0.00,0.00,0.22,0.22,0.00,0.00,0.01,0.05,0.04,0.00,0.00,0.00,0.00,0.00,0.03,0.04,0.01,0.01,0.00,0.02,0.02,0.02,0.00,0.05,0.02,0.03,0.02,0.03,0.02,0.00,0.05,0.05,0.00,0.01,0.04,0.01,0.01
Proteins Involved in Breast Cancer Related to NOTCH Signaling Pathway,0.17,0.03,0.17,0.17,0.19,0.73,0.00,0.00,0.38,0.16,0.34,0.34,0,0.46,0.28,0.39,0.14,0.44,0.17,0.18,0.17,0.04,0.04,0.18,0.17,0.00,0.00,0.01,0.02,0.02,0.01,0.01,0.02,0.01,0.02,0.06,0.03,0.03,0.04,0.00,0.03,0.01,0.02,0.00,0.02,0.01,0.02,0.02,0.02,0.01,0.00,0.04,0.04,0.00,0.01,0.04,0.02,0.00
Proteins Involved in Breast Cancer Related to WNT Signaling Pathway,0.14,0.03,0.14,0.25,0.25,0.38,0.00,0.06,0.36,0.09,0.34,0.30,0.46,0,0.21,0.75,0.18,0.42,0.19,0.22,0.18,0.04,0.04,0.14,0.14,0.00,0.00,0.01,0.01,0.04,0.01,0.01,0.01,0.01,0.01,0.04,0.03,0.02,0.02,0.00,0.03,0.01,0.03,0.00,0.02,0.01,0.02,0.01,0.02,0.00,0.00,0.05,0.04,0.00,0.01,0.02,0.02,0.00
Breast Cancer,0.25,0.00,0.26,0.35,0.33,0.41,0.27,0.22,0.48,0.46,0.38,0.40,0.28,0.21,0,0.26,0.56,0.29,0.65,0.54,0.74,0.00,0.04,0.26,0.25,0.01,0.00,0.02,0.02,0.03,0.03,0.04,0.02,0.03,0.02,0.05,0.02,0.02,0.02,0.01,0.03,0.02,0.02,0.02,0.02,0.01,0.02,0.00,0.03,0.01,0.01,0.04,0.04,0.01,0.01,0.01,0.01,0.01
WNT Signaling in Breast Cancer,0.12,0.03,0.12,0.23,0.24,0.43,0.00,0.06,0.32,0.09,0.30,0.25,0.39,0.75,0.26,0,0.21,0.42,0.21,0.24,0.23,0.03,0.04,0.12,0.12,0.00,0.00,0.02,0.01,0.03,0.01,0.01,0.01,0.01,0.01,0.04,0.03,0.03,0.02,0.00,0.03,0.00,0.02,0.00,0.02,0.01,0.02,0.01,0.02,0.01,0.00,0.05,0.04,0.00,0.01,0.02,0.02,0.00
IGF1R/AKT Signaling in Breast Cancer,0.21,0.00,0.21,0.27,0.28,0.18,0.00,0.15,0.45,0.13,0.46,0.62,0.14,0.18,0.56,0.21,0,0.12,0.81,0.70,0.66,0.00,0.00,0.21,0.21,0.00,0.00,0.01,0.04,0.04,0.00,0.00,0.00,0.00,0.00,0.04,0.03,0.01,0.00,0.00,0.02,0.01,0.02,0.00,0.03,0.00,0.02,0.00,0.02,0.02,0.01,0.02,0.03,0.00,0.01,0.02,0.01,0.00
Proteins with Altered Expression in Breast Cancer,0.14,0.03,0.14,0.20,0.20,0.42,0.00,0.06,0.42,0.03,0.24,0.23,0.44,0.42,0.29,0.42,0.12,0,0.28,0.11,0.25,0.04,0.08,0.14,0.14,0.00,0.01,0.00,0.02,0.02,0.01,0.01,0.01,0.01,0.01,0.01,0.03,0.03,0.01,0.00,0.02,0.00,0.02,0.01,0.02,0.02,0.03,0.02,0.02,0.00,0.00,0.04,0.03,0.00,0.01,0.02,0.02,0.00
ERBB/VEGFR/Akt Signaling in Breast Cancer,0.21,0.00,0.21,0.26,0.27,0.21,0.00,0.14,0.64,0.12,0.41,0.48,0.17,0.19,0.65,0.21,0.81,0.28,0,0.63,0.76,0.00,0.03,0.21,0.21,0.00,0.00,0.01,0.03,0.03,0.00,0.01,0.00,0.00,0.00,0.05,0.03,0.02,0.00,0.01,0.03,0.01,0.03,0.02,0.03,0.02,0.01,0.00,0.01,0.01,0.02,0.03,0.03,0.01,0.01,0.02,0.01,0.01
ESR1 Signaling in Breast Cancer,0.24,0.00,0.24,0.25,0.25,0.21,0.00,0.14,0.41,0.30,0.61,0.47,0.18,0.22,0.54,0.24,0.70,0.11,0.63,0,0.73,0.00,0.00,0.24,0.24,0.00,0.01,0.01,0.03,0.04,0.01,0.00,0.01,0.01,0.01,0.04,0.03,0.01,0.00,0.01,0.02,0.00,0.01,0.01,0.02,0.01,0.01,0.00,0.02,0.00,0.02,0.03,0.04,0.00,0.02,0.01,0.01,0.00
ESR1/ERBB Positive Luminal Breast Cancer,0.28,0.00,0.29,0.34,0.31,0.25,0.30,0.24,0.53,0.51,0.47,0.45,0.17,0.18,0.74,0.23,0.66,0.25,0.76,0.73,0,0.00,0.02,0.29,0.27,0.01,0.01,0.01,0.04,0.04,0.04,0.04,0.03,0.04,0.03,0.05,0.02,0.02,0.00,0.01,0.02,0.01,0.02,0.02,0.05,0.03,0.02,0.00,0.03,0.01,0.02,0.04,0.04,0.01,0.02,0.02,0.02,0.01
Stathmin and breast cancer resistance to antimicrotubule agents Homo sapiens h stathminPathway,0.00,0.88,0.00,0.00,0.00,0.03,0.00,0.00,0.02,0.00,0.00,0.00,0.04,0.04,0.00,0.03,0.00,0.04,0.00,0.00,0.00,0,0.00,0.00,0.00,0.00,0.00,0.01,0.00,0.00,0.04,0.04,0.05,0.04,0.04,0.00,0.00,0.01,0.00,0.00,0.03,0.00,0.00,0.00,0.00,0.01,0.00,0.01,0.00,0.01,0.02,0.00,0.00,0.00,0.05,0.00,0.02,0.01
Cancer Stem cell:Breast,0.02,0.00,0.02,0.02,0.02,0.04,0.00,0.00,0.02,0.00,0.00,0.00,0.04,0.04,0.04,0.04,0.00,0.08,0.03,0.00,0.02,0.00,0,0.02,0.02,0.00,0.00,0.00,0.00,0.00,0.00,0.00,0.00,0.00,0.00,0.00,0.01,0.00,0.00,0.02,0.07,0.00,0.01,0.01,0.04,0.00,0.06,0.00,0.05,0.00,0.00,0.02,0.01,0.03,0.00,0.00,0.00,0.03
Integrated Breast Cancer Pathway WP1984,0.96,0.00,1.00,0.20,0.17,0.17,0.10,0.16,0.22,0.23,0.25,0.22,0.18,0.14,0.26,0.12,0.21,0.14,0.21,0.24,0.29,0.00,0.02,0,0.96,0.01,0.01,0.03,0.02,0.02,0.07,0.04,0.06,0.07,0.04,0.03,0.03,0.02,0.01,0.00,0.02,0.01,0.01,0.01,0.02,0.03,0.01,0.00,0.01,0.00,0.00,0.03,0.01,0.01,0.01,0.02,0.02,0.00
Integrated Breast Cancer Pathway Homo sapiens WP1984,0.96,0.00,0.96,0.19,0.17,0.16,0.10,0.16,0.22,0.23,0.25,0.22,0.17,0.14,0.25,0.12,0.21,0.14,0.21,0.24,0.27,0.00,0.02,0.96,0,0.01,0.01,0.03,0.02,0.02,0.07,0.04,0.06,0.07,0.04,0.03,0.03,0.02,0.01,0.00,0.02,0.01,0.01,0.01,0.02,0.03,0.01,0.00,0.01,0.00,0.00,0.03,0.01,0.01,0.01,0.02,0.02,0.00
IRF1-19129219-H3396 breast cancer cells-human,0.01,0.00,0.01,0.01,0.01,0.00,0.02,0.00,0.00,0.03,0.00,0.00,0.00,0.00,0.01,0.00,0.00,0.00,0.00,0.00,0.01,0.00,0.00,0.01,0.01,0,0.00,0.00,0.01,0.01,0.02,0.02,0.02,0.03,0.02,0.01,0.01,0.02,0.02,0.00,0.02,0.02,0.02,0.01,0.02,0.02,0.02,0.00,0.02,0.01,0.01,0.02,0.00,0.01,0.02,0.02,0.02,0.01
breast cancer cell,0.01,0.00,0.01,0.01,0.01,0.00,0.00,0.00,0.00,0.01,0.01,0.00,0.00,0.00,0.00,0.00,0.00,0.01,0.00,0.01,0.01,0.00,0.00,0.01,0.01,0.00,0,0.00,0.03,0.01,0.01,0.01,0.01,0.01,0.01,0.02,0.00,0.02,0.02,0.02,0.00,0.01,0.00,0.02,0.02,0.02,0.02,0.01,0.02,0.00,0.02,0.03,0.03,0.02,0.02,0.02,0.02,0.01
Control Nrde2-Depleted Breast Cancer GSE119827 1,0.03,0.02,0.03,0.02,0.02,0.02,0.00,0.00,0.01,0.02,0.02,0.01,0.01,0.01,0.02,0.02,0.01,0.00,0.01,0.01,0.01,0.01,0.00,0.03,0.03,0.00,0.00,0,0.02,0.04,0.03,0.04,0.04,0.04,0.05,0.04,0.03,0.03,0.02,0.02,0.01,0.03,0.00,0.02,0.01,0.01,0.01,0.02,0.01,0.03,0.02,0.02,0.01,0.00,0.02,0.03,0.02,0.00
Multi-Treatment Models Breast Cancer GSE136823 1,0.02,0.00,0.03,0.02,0.02,0.02,0.00,0.00,0.03,0.00,0.02,0.05,0.02,0.01,0.02,0.01,0.04,0.02,0.03,0.03,0.04,0.00,0.00,0.02,0.02,0.01,0.03,0.02,0,0.64,0.01,0.11,0.02,0.00,0.12,0.06,0.02,0.04,0.03,0.06,0.05,0.02,0.02,0.07,0.06,0.02,0.03,0.02,0.04,0.02,0.17,0.26,0.15,0.02,0.18,0.31,0.19,0.02
Multi-Treatment Models Breast Cancer GSE136823 2,0.02,0.00,0.02,0.03,0.03,0.02,0.00,0.00,0.03,0.01,0.02,0.04,0.02,0.04,0.03,0.03,0.04,0.02,0.03,0.04,0.04,0.00,0.00,0.02,0.02,0.01,0.01,0.04,0.64,0,0.01,0.11,0.02,0.01,0.12,0.07,0.02,0.01,0.03,0.05,0.06,0.03,0.02,0.05,0.05,0.02,0.02,0.01,0.03,0.02,0.17,0.25,0.17,0.02,0.18,0.33,0.18,0.02
Multi-Treatment Models Breast Cancer GSE136823 3,0.07,0.03,0.07,0.03,0.02,0.01,0.08,0.04,0.01,0.06,0.01,0.00,0.01,0.01,0.03,0.01,0.00,0.01,0.00,0.01,0.04,0.04,0.00,0.07,0.07,0.02,0.01,0.03,0.01,0.01,0,0.75,0.69,0.78,0.68,0.00,0.02,0.00,0.00,0.00,0.00,0.02,0.01,0.01,0.00,0.07,0.01,0.00,0.01,0.00,0.05,0.03,0.00,0.01,0.09,0.01,0.08,0.01
Multi-Treatment Models Breast Cancer GSE136823 4,0.04,0.03,0.04,0.02,0.02,0.01,0.06,0.04,0.02,0.06,0.00,0.00,0.01,0.01,0.04,0.01,0.00,0.01,0.01,0.00,0.04,0.04,0.00,0.04,0.04,0.02,0.01,0.04,0.11,0.11,0.75,0,0.68,0.74,0.76,0.00,0.03,0.00,0.01,0.01,0.02,0.03,0.00,0.02,0.01,0.07,0.01,0.01,0.01,0.01,0.09,0.06,0.03,0.01,0.12,0.08,0.10,0.01
Multi-Treatment Models Breast Cancer GSE136823 5,0.06,0.05,0.06,0.03,0.02,0.02,0.04,0.02,0.01,0.03,0.01,0.00,0.02,0.01,0.02,0.01,0.00,0.01,0.00,0.01,0.03,0.05,0.00,0.06,0.06,0.02,0.01,0.04,0.02,0.02,0.69,0.68,0,0.78,0.72,0.00,0.02,0.00,0.01,0.00,0.02,0.02,0.01,0.01,0.00,0.10,0.01,0.01,0.01,0.00,0.06,0.02,0.00,0.00,0.12,0.01,0.10,0.00
Multi-Treatment Models Breast Cancer GSE136823 6,0.07,0.03,0.07,0.03,0.02,0.01,0.08,0.04,0.01,0.06,0.01,0.00,0.01,0.01,0.03,0.01,0.00,0.01,0.00,0.01,0.04,0.04,0.00,0.07,0.07,0.03,0.01,0.04,0.00,0.01,0.78,0.74,0.78,0,0.72,0.00,0.02,0.00,0.00,0.00,0.00,0.03,0.01,0.01,0.00,0.08,0.00,0.01,0.00,0.00,0.03,0.02,0.00,0.00,0.08,0.01,0.07,0.00
Multi-Treatment Models Breast Cancer GSE136823 7,0.04,0.03,0.04,0.02,0.02,0.02,0.06,0.04,0.01,0.03,0.01,0.00,0.02,0.01,0.02,0.01,0.00,0.01,0.00,0.01,0.03,0.04,0.00,0.04,0.04,0.02,0.01,0.05,0.12,0.12,0.68,0.76,0.72,0.72,0,0.00,0.03,0.00,0.01,0.01,0.02,0.04,0.00,0.01,0.01,0.10,0.00,0.01,0.01,0.01,0.11,0.05,0.02,0.00,0.15,0.07,0.14,0.00
Differentially Breast Cancer Diabetes GSE150586 1,0.02,0.00,0.03,0.04,0.04,0.03,0.00,0.00,0.04,0.03,0.03,0.03,0.06,0.04,0.05,0.04,0.04,0.01,0.05,0.04,0.05,0.00,0.00,0.03,0.03,0.01,0.02,0.04,0.06,0.07,0.00,0.00,0.00,0.00,0.00,0,0.03,0.06,0.05,0.06,0.10,0.02,0.05,0.06,0.04,0.02,0.05,0.01,0.05,0.03,0.04,0.06,0.06,0.03,0.04,0.05,0.04,0.05
Breast cancer DOID-1612 mouse GSE24594 sample 616,0.03,0.01,0.03,0.02,0.02,0.03,0.00,0.02,0.02,0.01,0.03,0.04,0.03,0.03,0.02,0.03,0.03,0.03,0.03,0.03,0.02,0.00,0.01,0.03,0.03,0.01,0.00,0.03,0.02,0.02,0.02,0.03,0.02,0.02,0.03,0.03,0,0.02,0.10,0.02,0.10,0.03,0.02,0.02,0.06,0.05,0.05,0.12,0.05,0.12,0.10,0.02,0.03,0.04,0.10,0.03,0.10,0.01
Breast Cancer DOID-1612 human GSE34925 sample 478,0.02,0.01,0.02,0.02,0.02,0.02,0.00,0.00,0.02,0.01,0.01,0.01,0.03,0.02,0.02,0.03,0.01,0.03,0.02,0.01,0.02,0.01,0.00,0.02,0.02,0.02,0.02,0.03,0.04,0.01,0.00,0.00,0.00,0.00,0.00,0.06,0.02,0,0.02,0.03,0.03,0.01,0.05,0.05,0.05,0.01,0.06,0.03,0.07,0.02,0.02,0.04,0.02,0.03,0.01,0.02,0.02,0.03
Breast Cancer C0006142 human GSE2429 sample 148,0.01,0.01,0.01,0.00,0.01,0.03,0.00,0.00,0.02,0.00,0.02,0.01,0.04,0.02,0.02,0.02,0.00,0.01,0.00,0.00,0.00,0.00,0.00,0.01,0.01,0.02,0.02,0.02,0.03,0.03,0.00,0.01,0.01,0.00,0.01,0.05,0.10,0.02,0,0.07,0.12,0.05,0.05,0.04,0.19,0.05,0.15,0.10,0.15,0.11,0.08,0.05,0.03,0.02,0.08,0.04,0.06,0.02
Breast Cancer C0006142 human GSE1379 sample 392,0.00,0.00,0.00,0.01,0.01,0.00,0.00,0.00,0.01,0.00,0.00,0.00,0.00,0.00,0.01,0.00,0.00,0.00,0.01,0.01,0.01,0.00,0.02,0.00,0.00,0.00,0.02,0.02,0.06,0.05,0.00,0.01,0.00,0.00,0.01,0.06,0.02,0.03,0.07,0,0.05,0.02,0.05,0.47,0.12,0.01,0.13,0.01,0.13,0.01,0.02,0.07,0.03,0.02,0.02,0.03,0.02,0.03
breast cancer DOID-1612 human GSE9574 sample 448,0.01,0.02,0.02,0.03,0.03,0.02,0.00,0.00,0.03,0.02,0.02,0.02,0.03,0.03,0.03,0.03,0.02,0.02,0.03,0.02,0.02,0.03,0.07,0.02,0.02,0.02,0.00,0.01,0.05,0.06,0.00,0.02,0.02,0.00,0.02,0.10,0.10,0.03,0.12,0.05,0,0.03,0.06,0.01,0.10,0.04,0.13,0.05,0.14,0.06,0.10,0.06,0.08,0.01,0.10,0.05,0.09,0.02
breast cancer DOID-1612 human GSE14943 sample 504,0.01,0.00,0.01,0.01,0.02,0.01,0.00,0.00,0.01,0.00,0.01,0.02,0.01,0.01,0.02,0.00,0.01,0.00,0.01,0.00,0.01,0.00,0.00,0.01,0.01,0.02,0.01,0.03,0.02,0.03,0.02,0.03,0.02,0.03,0.04,0.02,0.03,0.01,0.05,0.02,0.03,0,0.04,0.02,0.04,0.02,0.04,0.02,0.06,0.04,0.03,0.03,0.02,0.01,0.04,0.04,0.04,0.03
breast cancer DOID-1612 human GSE26910 sample 602,0.01,0.00,0.01,0.01,0.01,0.02,0.00,0.00,0.04,0.02,0.02,0.02,0.02,0.03,0.02,0.02,0.02,0.02,0.03,0.01,0.02,0.00,0.01,0.01,0.01,0.02,0.00,0.00,0.02,0.02,0.01,0.00,0.01,0.01,0.00,0.05,0.02,0.05,0.05,0.05,0.06,0.04,0,0.06,0.26,0.01,0.29,0.05,0.30,0.07,0.01,0.05,0.04,0.03,0.01,0.02,0.01,0.04
Breast Cancer C0006142 human GSE1378 sample 52,0.01,0.00,0.01,0.01,0.01,0.00,0.00,0.00,0.02,0.00,0.00,0.00,0.00,0.00,0.02,0.00,0.00,0.01,0.02,0.01,0.02,0.00,0.01,0.01,0.01,0.01,0.02,0.02,0.07,0.05,0.01,0.02,0.01,0.01,0.01,0.06,0.02,0.05,0.04,0.47,0.01,0.02,0.06,0,0.08,0.01,0.10,0.01,0.09,0.02,0.02,0.05,0.02,0.03,0.02,0.03,0.01,0.04
sporadic breast cancer DOID-8029 human GSE3744 sample 979,0.02,0.00,0.02,0.03,0.03,0.02,0.00,0.00,0.04,0.01,0.03,0.05,0.02,0.02,0.02,0.02,0.03,0.02,0.03,0.02,0.05,0.00,0.04,0.02,0.02,0.02,0.02,0.01,0.06,0.05,0.00,0.01,0.00,0.00,0.01,0.04,0.06,0.05,0.19,0.12,0.10,0.04,0.26,0.08,0,0.02,0.58,0.08,0.65,0.11,0.03,0.08,0.06,0.03,0.03,0.04,0.02,0.04
Breast Cancer C0006142 human GSE2155 sample 39,0.03,0.01,0.03,0.02,0.02,0.01,0.00,0.00,0.02,0.02,0.02,0.02,0.01,0.01,0.01,0.01,0.00,0.02,0.02,0.01,0.03,0.01,0.00,0.03,0.03,0.02,0.02,0.01,0.02,0.02,0.07,0.07,0.10,0.08,0.10,0.02,0.05,0.01,0.05,0.01,0.04,0.02,0.01,0.01,0.02,0,0.01,0.04,0.01,0.04,0.08,0.02,0.01,0.01,0.10,0.01,0.08,0.01
breast cancer DOID-1612 human GSE3744 sample 978,0.01,0.00,0.01,0.04,0.04,0.02,0.00,0.00,0.03,0.01,0.02,0.03,0.02,0.02,0.02,0.02,0.02,0.03,0.01,0.01,0.02,0.00,0.06,0.01,0.01,0.02,0.02,0.01,0.03,0.02,0.01,0.01,0.01,0.00,0.00,0.05,0.05,0.06,0.15,0.13,0.13,0.04,0.29,0.10,0.58,0.01,0,0.11,0.87,0.11,0.01,0.05,0.04,0.04,0.01,0.03,0.01,0.04
Breast Cancer C0006142 mouse GSE2528 sample 28,0.00,0.01,0.00,0.00,0.00,0.02,0.00,0.00,0.01,0.00,0.01,0.02,0.02,0.01,0.00,0.01,0.00,0.02,0.00,0.00,0.00,0.01,0.00,0.00,0.00,0.00,0.01,0.02,0.02,0.01,0.00,0.01,0.01,0.01,0.01,0.01,0.12,0.03,0.10,0.01,0.05,0.02,0.05,0.01,0.08,0.04,0.11,0,0.11,0.30,0.06,0.01,0.01,0.01,0.06,0.01,0.05,0.01
Breast Cancer C0006142 human GSE3744 sample 24,0.01,0.00,0.01,0.05,0.05,0.02,0.00,0.00,0.03,0.01,0.02,0.03,0.02,0.02,0.03,0.02,0.02,0.02,0.01,0.02,0.03,0.00,0.05,0.01,0.01,0.02,0.02,0.01,0.04,0.03,0.01,0.01,0.01,0.00,0.01,0.05,0.05,0.07,0.15,0.13,0.14,0.06,0.30,0.09,0.65,0.01,0.87,0.11,0,0.11,0.01,0.06,0.05,0.03,0.01,0.03,0.01,0.05
Breast Cancer C0006142 rat GSE1872 sample 63,0.01,0.03,0.00,0.01,0.01,0.01,0.00,0.00,0.01,0.00,0.01,0.02,0.01,0.00,0.01,0.01,0.02,0.00,0.01,0.00,0.01,0.01,0.00,0.00,0.00,0.01,0.00,0.03,0.02,0.02,0.00,0.01,0.00,0.00,0.01,0.03,0.12,0.02,0.11,0.01,0.06,0.04,0.07,0.02,0.11,0.04,0.11,0.30,0.11,0,0.05,0.02,0.02,0.03,0.05,0.02,0.04,0.01
estradiol human estrogen receptor (ER)-positive MCF7 breast cancer cells GDS3217 ligand:41,0.00,0.02,0.00,0.00,0.00,0.00,0.00,0.00,0.01,0.00,0.00,0.00,0.00,0.00,0.01,0.00,0.01,0.00,0.02,0.02,0.02,0.02,0.00,0.00,0.00,0.01,0.02,0.02,0.17,0.17,0.05,0.09,0.06,0.03,0.11,0.04,0.10,0.02,0.08,0.02,0.10,0.03,0.01,0.02,0.03,0.08,0.01,0.06,0.01,0.05,0,0.09,0.06,0.01,0.71,0.19,0.48,0.00
estradiol human MCF-7 breast cancer cells GDS3283 ligand:43,0.03,0.01,0.03,0.03,0.04,0.03,0.03,0.02,0.05,0.03,0.04,0.05,0.04,0.05,0.04,0.05,0.02,0.04,0.03,0.03,0.04,0.00,0.02,0.03,0.03,0.02,0.03,0.02,0.26,0.25,0.03,0.06,0.02,0.02,0.05,0.06,0.02,0.04,0.05,0.07,0.06,0.03,0.05,0.05,0.08,0.02,0.05,0.01,0.06,0.02,0.09,0,0.36,0.02,0.10,0.16,0.12,0.02
estradiol human MCF-7 breast cancer cells GDS3283 ligand:42,0.01,0.01,0.01,0.04,0.04,0.03,0.00,0.00,0.05,0.02,0.04,0.05,0.04,0.04,0.04,0.04,0.03,0.03,0.03,0.04,0.04,0.00,0.01,0.01,0.01,0.00,0.03,0.01,0.15,0.17,0.00,0.03,0.00,0.00,0.02,0.06,0.03,0.02,0.03,0.03,0.08,0.02,0.04,0.02,0.06,0.01,0.04,0.01,0.05,0.02,0.06,0.36,0,0.02,0.07,0.12,0.08,0.02
Interleukin-13 human Breast cancer - MCF10CA1a cell line (pLKO-shIL13RA2) GSE57677 ligand:243,0.00,0.00,0.00,0.00,0.00,0.00,0.00,0.00,0.01,0.00,0.00,0.00,0.00,0.00,0.01,0.00,0.00,0.00,0.01,0.00,0.01,0.00,0.03,0.01,0.01,0.01,0.02,0.00,0.02,0.02,0.01,0.01,0.00,0.00,0.00,0.03,0.04,0.03,0.02,0.02,0.01,0.01,0.03,0.03,0.03,0.01,0.04,0.01,0.03,0.03,0.01,0.02,0.02,0,0.01,0.01,0.01,0.25
estradiol human estrogen receptor (ER)-positive MCF7 breast cancer cells GDS3217 ligand:40,0.01,0.05,0.01,0.00,0.00,0.01,0.02,0.00,0.01,0.01,0.01,0.01,0.01,0.01,0.01,0.01,0.01,0.01,0.01,0.02,0.02,0.05,0.00,0.01,0.01,0.02,0.02,0.02,0.18,0.18,0.09,0.12,0.12,0.08,0.15,0.04,0.10,0.01,0.08,0.02,0.10,0.04,0.01,0.02,0.03,0.10,0.01,0.06,0.01,0.05,0.71,0.10,0.07,0.01,0,0.24,0.59,0.00
estradiol human MCF-7 breast cancer cells GDS3105 ligand:38,0.02,0.01,0.02,0.03,0.03,0.02,0.00,0.00,0.02,0.01,0.02,0.04,0.04,0.02,0.01,0.02,0.02,0.02,0.02,0.01,0.02,0.00,0.00,0.02,0.02,0.02,0.02,0.03,0.31,0.33,0.01,0.08,0.01,0.01,0.07,0.05,0.03,0.02,0.04,0.03,0.05,0.04,0.02,0.03,0.04,0.01,0.03,0.01,0.03,0.02,0.19,0.16,0.12,0.01,0.24,0,0.26,0.00
estradiol human estrogen receptor (ER)-positive MCF7 breast cancer cells GDS3217 ligand:39,0.02,0.03,0.02,0.01,0.01,0.02,0.02,0.00,0.01,0.01,0.02,0.01,0.02,0.02,0.01,0.02,0.01,0.02,0.01,0.01,0.02,0.02,0.00,0.02,0.02,0.02,0.02,0.02,0.19,0.18,0.08,0.10,0.10,0.07,0.14,0.04,0.10,0.02,0.06,0.02,0.09,0.04,0.01,0.01,0.02,0.08,0.01,0.05,0.01,0.04,0.48,0.12,0.08,0.01,0.59,0.26,0,0.00
Interleukin-13 human Breast cancer - MCF10CA1a cell line (pLKO-shSCR) GSE57677 ligand:242,0.00,0.01,0.00,0.00,0.00,0.00,0.00,0.00,0.01,0.00,0.01,0.01,0.00,0.00,0.01,0.00,0.00,0.00,0.01,0.00,0.01,0.01,0.03,0.00,0.00,0.01,0.01,0.00,0.02,0.02,0.01,0.01,0.00,0.00,0.00,0.05,0.01,0.03,0.02,0.03,0.02,0.03,0.04,0.04,0.04,0.01,0.04,0.01,0.05,0.01,0.00,0.02,0.02,0.25,0.00,0.00,0.00,0
