gwas,specificity_id,annotation,beta,beta_se,pvalue
SCZ_PGC3_2020,Allen_human_MTG,Glutamatergic.Exc_L2_LAMP5_LTK,0.3932236665357732,0.10102811867508668,4.990920175899901e-05
SCZ_PGC3_2020,Allen_human_MTG,Glutamatergic.Exc_L2-4_LINC00507_GLP2R,0.15694513304346602,0.13245560234627532,0.11804139066318098
SCZ_PGC3_2020,Allen_human_MTG,Glutamatergic.Exc_L2-3_LINC00507_FREM3,0.06652283991815433,0.10222393053089356,0.257607642820079
SCZ_PGC3_2020,Allen_human_MTG,Glutamatergic.Exc_L3-5_RORB_ESR1,0.06904763471194225,0.11004668891620044,0.2651910199013368
SCZ_PGC3_2020,Allen_human_MTG,GABAergic.Inh_L1-2_LAMP5_DBP,-0.006981849691901819,0.1468850452950071,0.5189553254852177
SCZ_PGC3_2020,Allen_human_MTG,Glutamatergic.Exc_L5-6_THEMIS_CRABP1,-0.031134702011700363,0.1088120052267595,0.6126096188998207
SCZ_PGC3_2020,Allen_human_MTG,GABAergic.Inh_L2-4_PVALB_WFDC2,-0.03129418615075055,0.10404649338975608,0.6182031418617541
SCZ_PGC3_2020,Allen_human_MTG,GABAergic.Inh_L1-2_VIP_TSPAN12,-0.040590304980676416,0.13009504424686594,0.6224791817402813
SCZ_PGC3_2020,Allen_human_MTG,Glutamatergic.Exc_L3-5_RORB_TWIST2,-0.042544064118022966,0.13581382146322246,0.6229532392836602
SCZ_PGC3_2020,Allen_human_MTG,Glutamatergic.Exc_L5-6_THEMIS_C1QL3,-0.041801437965995634,0.10232252018089227,0.6585530213949427
SCZ_PGC3_2020,Allen_human_MTG,GABAergic.Inh_L3-5_SST_ADGRG6,-0.08205589834637596,0.13562665772028926,0.7274096496230884
SCZ_PGC3_2020,Allen_human_MTG,GABAergic.Inh_L1-3_VIP_ADAMTSL1,-0.09449268431796706,0.13606606790446127,0.7562975728746968
SCZ_PGC3_2020,Allen_human_MTG,Glutamatergic.Exc_L4-6_RORB_C1R,-0.08864699918858436,0.1233854424118199,0.7637555409747816
SCZ_PGC3_2020,Allen_human_MTG,Glutamatergic.Exc_L3-5_RORB_FILIP1L,-0.11196754808248956,0.13896345049331965,0.7897945788363234
SCZ_PGC3_2020,Allen_human_MTG,GABAergic.Inh_L1-2_SST_BAGE2,-0.11185745456584556,0.132480656472082,0.8007499831717977
SCZ_PGC3_2020,Allen_human_MTG,Glutamatergic.Exc_L3-5_RORB_COL22A1,-0.09388270997430057,0.10697704096805162,0.8099107510059748
SCZ_PGC3_2020,Allen_human_MTG,GABAergic.Inh_L2-6_VIP_QPCT,-0.1217737768458994,0.1200364105160314,0.84481232769763
SCZ_PGC3_2020,Allen_human_MTG,Glutamatergic.Exc_L5-6_THEMIS_FGF10,-0.1325817395348171,0.1290824846473144,0.8478059627172387
SCZ_PGC3_2020,Allen_human_MTG,GABAergic.Inh_L2-5_VIP_TYR,-0.13636883769020305,0.12234231291775408,0.8674896202774243
SCZ_PGC3_2020,Allen_human_MTG,GABAergic.Inh_L5-6_SST_TH,-0.14783462049194887,0.12663372630571645,0.8784688823190941
SCZ_PGC3_2020,Allen_human_MTG,GABAergic.Inh_L4-5_SST_STK32A,-0.1533442410447274,0.12768700486392187,0.8851017213415097
SCZ_PGC3_2020,Allen_human_MTG,GABAergic.Inh_L1_SST_NMBR,-0.13187101107848348,0.10837971778760942,0.8881394535217895
SCZ_PGC3_2020,Allen_human_MTG,Glutamatergic.Exc_L4-6_RORB_SEMA3E,-0.15341006825262105,0.12486912962025082,0.8903719395607291
SCZ_PGC3_2020,Allen_human_MTG,GABAergic.Inh_L1-2_GAD1_MC4R,-0.1611942984470689,0.11734483716018868,0.9152178936787364
SCZ_PGC3_2020,Allen_human_MTG,Glutamatergic.Exc_L4-5_RORB_DAPK2,-0.17941595594211265,0.12395604788484935,0.926097915903596
SCZ_PGC3_2020,Allen_human_MTG,GABAergic.Inh_L1-2_VIP_LBH,-0.19875066641534625,0.13136314453886386,0.934846513900782
SCZ_PGC3_2020,Allen_human_MTG,GABAergic.Inh_L1-4_VIP_PENK,-0.22419161353784844,0.14651687934415306,0.9369972382364724
SCZ_PGC3_2020,Allen_human_MTG,GABAergic.Inh_L2-6_LAMP5_CA1,-0.16127571617125067,0.10366553801561314,0.9401020321973396
SCZ_PGC3_2020,Allen_human_MTG,GABAergic.Inh_L2-5_PVALB_SCUBE3,-0.2144974398769896,0.13615248566954108,0.942408355467684
SCZ_PGC3_2020,Allen_human_MTG,GABAergic.Inh_L3-6_SST_HPGD,-0.22179781528839534,0.1323101023788701,0.9531531910131176
SCZ_PGC3_2020,Allen_human_MTG,GABAergic.Inh_L1-2_VIP_PCDH20,-0.20487905591069405,0.12167949925122637,0.953874159257402
SCZ_PGC3_2020,Allen_human_MTG,GABAergic.Inh_L1-3_SST_CALB1,-0.20716112174356727,0.11444890436663538,0.9648465949100486
SCZ_PGC3_2020,Allen_human_MTG,GABAergic.Inh_L1_SST_CHRNA4,-0.24601881243875026,0.13353588248935908,0.9672762737334752
SCZ_PGC3_2020,Allen_human_MTG,GABAergic.Inh_L3-6_VIP_HS3ST3A1,-0.21438347282522735,0.11620246631572012,0.9674637533648398
SCZ_PGC3_2020,Allen_human_MTG,GABAergic.Inh_L2-4_SST_FRZB,-0.2414145533050124,0.1304748793900105,0.967851977491824
SCZ_PGC3_2020,Allen_human_MTG,GABAergic.Inh_L1-4_VIP_CHRNA6,-0.25832956883133235,0.13512748533970007,0.97203488520041
SCZ_PGC3_2020,Allen_human_MTG,GABAergic.Inh_L1-4_LAMP5_LCP2,-0.21000137051889115,0.10414229979444063,0.9781152655076016
SCZ_PGC3_2020,Allen_human_MTG,Glutamatergic.Exc_L5-6_RORB_TTC12,-0.23682747865130205,0.1170095080884331,0.9785049978755463
SCZ_PGC3_2020,Allen_human_MTG,GABAergic.Inh_L5-6_SST_NPM1P10,-0.28868950122959963,0.14126009151586902,0.9794972096726255
SCZ_PGC3_2020,Allen_human_MTG,GABAergic.Inh_L2-4_VIP_CBLN1,-0.2889121410781137,0.13679308580752692,0.9826490409970364
SCZ_PGC3_2020,Allen_human_MTG,GABAergic.Inh_L5-6_SST_KLHDC8A,-0.2748511733861756,0.12808341077003807,0.98404951115289
SCZ_PGC3_2020,Allen_human_MTG,GABAergic.Inh_L1-2_PAX6_CDH12,-0.2822075739333712,0.12798262906799396,0.9862659930063712
SCZ_PGC3_2020,Allen_human_MTG,GABAergic.Inh_L2-4_VIP_SPAG17,-0.29165431316999346,0.13123774122090132,0.9868612630684399
SCZ_PGC3_2020,Allen_human_MTG,GABAergic.Inh_L2-3_VIP_CASC6,-0.3008233190337183,0.13343970322091422,0.9879056064678552
SCZ_PGC3_2020,Allen_human_MTG,Glutamatergic.Exc_L5-6_FEZF2_ABO,-0.2510035827259701,0.10677136723033198,0.9906274371884156
SCZ_PGC3_2020,Allen_human_MTG,GABAergic.Inh_L2-5_VIP_SERPINF1,-0.3057729769369595,0.12812791987700758,0.9914874337726204
SCZ_PGC3_2020,Allen_human_MTG,GABAergic.Inh_L1-4_VIP_OPRM1,-0.2817548806691272,0.11761845224582262,0.9916942129667066
SCZ_PGC3_2020,Allen_human_MTG,Glutamatergic.Exc_L4-6_FEZF2_IL26,-0.23139922153804496,0.09594905124493516,0.99205381380246
SCZ_PGC3_2020,Allen_human_MTG,Glutamatergic.Exc_L4-5_RORB_FOLH1B,-0.2696127748836127,0.11059131748145076,0.992607439741094
SCZ_PGC3_2020,Allen_human_MTG,GABAergic.Inh_L1-3_PAX6_SYT6,-0.34742212839092235,0.13964818464206047,0.9935677874955
SCZ_PGC3_2020,Allen_human_MTG,GABAergic.Inh_L1-3_VIP_GGH,-0.28482967259901704,0.10858124820796937,0.9956395204422208
SCZ_PGC3_2020,Allen_human_MTG,Glutamatergic.Exc_L6_FEZF2_SCUBE1,-0.31766740928953685,0.11898723482544588,0.9962000947645222
SCZ_PGC3_2020,Allen_human_MTG,GABAergic.Inh_L5-6_PVALB_LGR5,-0.31902888704417176,0.11846848837627225,0.9964543196542776
SCZ_PGC3_2020,Allen_human_MTG,GABAergic.Inh_L3-6_SST_NPY,-0.35681392893811475,0.1316004730448359,0.9966451038024148
SCZ_PGC3_2020,Allen_human_MTG,GABAergic.Inh_L4-6_SST_B3GAT2,-0.3272780479591284,0.11809571179706595,0.9972044094769626
SCZ_PGC3_2020,Allen_human_MTG,Glutamatergic.Exc_L5-6_SLC17A7_IL15,-0.3577341964849738,0.12671781269916987,0.9976181946712868
SCZ_PGC3_2020,Allen_human_MTG,Glutamatergic.Exc_L5-6_THEMIS_DCSTAMP,-0.3761183172816937,0.13313598881447952,0.99763293797142
SCZ_PGC3_2020,Allen_human_MTG,GABAergic.Inh_L4-5_PVALB_MEPE,-0.4120452140271723,0.14458063235873025,0.997810204229752
SCZ_PGC3_2020,Allen_human_MTG,GABAergic.Inh_L1-3_VIP_CCDC184,-0.3446378236912209,0.11931921535140227,0.9980606276526636
SCZ_PGC3_2020,Allen_human_MTG,Glutamatergic.Exc_L4-5_FEZF2_SCN4B,-0.41238827921540544,0.1420870612751918,0.9981451495289129
SCZ_PGC3_2020,Allen_human_MTG,Glutamatergic.Exc_L3-4_RORB_CARM1P1,-0.3289603368921015,0.10658120354151013,0.998985186204009
SCZ_PGC3_2020,Allen_human_MTG,GABAergic.Inh_L1-2_PAX6_TNFAIP8L3,-0.4132293051874294,0.1292556555606607,0.9993040233202444
SCZ_PGC3_2020,Allen_human_MTG,GABAergic.Inh_L4-6_PVALB_SULF1,-0.3697768063274952,0.11433100350447352,0.9993887228596154
SCZ_PGC3_2020,Allen_human_MTG,Glutamatergic.Exc_L5-6_FEZF2_EFTUD1P1,-0.3293714106848873,0.10084666953941017,0.9994533392199214
SCZ_PGC3_2020,Allen_human_MTG,GABAergic.Inh_L4-6_SST_GXYLT2,-0.4819320385505173,0.14703503776886476,0.9994753084012796
SCZ_PGC3_2020,Allen_human_MTG,GABAergic.Inh_L1-3_VIP_CHRM2,-0.38835146803162607,0.11684355340768338,0.999554615665407
SCZ_PGC3_2020,Allen_human_MTG,GABAergic.Inh_L5-6_GAD1_GLP1R,-0.4657959210583992,0.13937558342450546,0.9995829915121772
SCZ_PGC3_2020,Allen_human_MTG,GABAergic.Inh_L5-6_SST_MIR548F2,-0.4626228927341725,0.13241906267805478,0.9997609686002172
SCZ_PGC3_2020,Allen_human_MTG,Non-neuronal.Oligo_L1-6_OPALIN,-0.27548814181748604,0.07428891325502501,0.999895260167714
SCZ_PGC3_2020,Allen_human_MTG,Non-neuronal.Astro_L1-6_FGFR3_SLC14A1,-0.2837883734148173,0.07080763524473915,0.999969198728145
SCZ_PGC3_2020,Allen_human_MTG,Non-neuronal.Astro_L1-2_FGFR3_GFAP,-0.34143964609901,0.07934131169657413,0.9999915307976268
SCZ_PGC3_2020,Allen_human_MTG,Glutamatergic.Exc_L6_FEZF2_OR2T8,-0.657442679077679,0.14265207193961318,0.9999979552306796
SCZ_PGC3_2020,Allen_human_MTG,Non-neuronal.OPC_L1-6_PDGFRA,-0.41308475729621774,0.0828116444848224,0.9999996914820491
SCZ_PGC3_2020,Allen_human_MTG,Non-neuronal.Micro_L1-3_TYROBP,-0.4954751308157901,0.07694275393375098,0.9999999999380068
SCZ_PGC3_2020,Allen_human_MTG,Non-neuronal.Endo_L2-6_NOSTRIN,-0.5330208621294997,0.08234065104134188,0.999999999950386
SCZ_PGC3_2020,Allen_human_LGN,GABAergic.LGN_Inh_NTRK1,0.05267690456469263,0.12178005858679695,0.3326728352363938
SCZ_PGC3_2020,Allen_human_LGN,GABAergic.LGN_Inh_CTXN3,-0.017440951998870184,0.12244310491372985,0.5566327985032791
SCZ_PGC3_2020,Allen_human_LGN,Glutamatergic.LGN_Exc_PRKCG_BCHE,-0.041795170308174916,0.1319205348932493,0.6243068232362649
SCZ_PGC3_2020,Allen_human_LGN,Glutamatergic.LGN_Exc_PRKCG_GRB14,-0.08477002024086129,0.1331318225678625,0.7378446007982492
SCZ_PGC3_2020,Allen_human_LGN,Glutamatergic.LGN_Exc_BTNL9,-0.12659286045106993,0.18234618612282252,0.7562273311611922
SCZ_PGC3_2020,Allen_human_LGN,GABAergic.LGN_Inh_LAMP5,-0.1297946587401927,0.0989721056773965,0.9051277435055144
SCZ_PGC3_2020,Allen_human_LGN,Non-Neuronal.Astro_LGR6,-0.15660809214035604,0.11676694757881614,0.9100569917534848
SCZ_PGC3_2020,Allen_human_LGN,Non-Neuronal.Oligo_MAG,-0.15934543191424452,0.0883312070679719,0.9643653239161348
SCZ_PGC3_2020,Allen_human_LGN,GABAergic.LGN_Inh_TRPC4,-0.3080096332047637,0.136321819053789,0.9880606974534106
SCZ_PGC3_2020,Allen_human_LGN,Non-Neuronal.OPC_PDGFRA,-0.3576073982247417,0.11183653229822284,0.9993048831536926
SCZ_PGC3_2020,Allen_human_LGN,Non-Neuronal.Astro_CPAMD8,-0.4797409924782463,0.1070065931847443,0.9999962829134876
SCZ_PGC3_2020,Allen_human_LGN,Non-Neuronal.Micro_C1QB,-0.4913577941915833,0.09741120381926814,0.99999976814218
SCZ_PGC3_2020,GSE101601_Temporal_Cortex,zfp804b,0.060310934057501674,0.31788164033712785,0.4247744932199486
SCZ_PGC3_2020,GSE101601_Temporal_Cortex,dcc,0.023267535197035092,0.3224721166136221,0.4712447731699861
SCZ_PGC3_2020,GSE101601_Temporal_Cortex,col5a2,-0.0119131252817192,0.2429212061359551,0.5195533716086793
SCZ_PGC3_2020,GSE101601_Temporal_Cortex,gaba_vip,-0.05087221531823752,0.22997504411164146,0.587519085381532
SCZ_PGC3_2020,GSE101601_Temporal_Cortex,gaba_sox6_tac1,-0.07121896336803724,0.2233978911288449,0.6250375810065811
SCZ_PGC3_2020,GSE101601_Temporal_Cortex,pdzd2,-0.13388601106859213,0.329896692459466,0.6575409423245301
SCZ_PGC3_2020,GSE101601_Temporal_Cortex,gaba_sst,-0.1721519549355458,0.2312835142639461,0.771602469081804
SCZ_PGC3_2020,GSE101601_Temporal_Cortex,il1rapl2,-0.2583523264022311,0.2236051540296801,0.8759409717158454
SCZ_PGC3_2020,GSE101601_Temporal_Cortex,gaba_reln,-0.2937691722931749,0.2421148216918917,0.8874029829655704
SCZ_PGC3_2020,GSE101601_Temporal_Cortex,gaba_fbxl7,-0.2900940645893427,0.22951213539175302,0.8967766456269343
SCZ_PGC3_2020,GSE101601_Temporal_Cortex,htrc2,-0.4615066534970265,0.23750768458873664,0.9739031596254654
SCZ_PGC3_2020,DroNc_Human_Hippocampus,exPFC2,0.49502249316294,0.0891862716401608,1.4596510001965683e-08
SCZ_PGC3_2020,DroNc_Human_Hippocampus,exPFC1,0.3005859036671377,0.07334731830528737,2.0983885255071812e-05
SCZ_PGC3_2020,DroNc_Human_Hippocampus,exCA1,0.2851825735489609,0.09302367856997833,0.0010885866071502696
SCZ_PGC3_2020,DroNc_Human_Hippocampus,exDG,0.16491872241387398,0.07762508933013186,0.01682363407198199
SCZ_PGC3_2020,DroNc_Human_Hippocampus,exCA3,0.17233357082367584,0.08984795315250442,0.027565475720680046
SCZ_PGC3_2020,DroNc_Human_Hippocampus,GABA1,0.11105865790784866,0.08148264670531437,0.08646020154744348
SCZ_PGC3_2020,DroNc_Human_Hippocampus,GABA2,0.06821165121396335,0.08090360738430707,0.1995896370659884
SCZ_PGC3_2020,DroNc_Human_Hippocampus,ODC1,-0.1729389156581405,0.09754869977033996,0.9618583748434828
SCZ_PGC3_2020,DroNc_Human_Hippocampus,ODC2,-0.2166574759277232,0.09480276095733453,0.9888438519129832
SCZ_PGC3_2020,DroNc_Human_Hippocampus,OPC,-0.258514798924188,0.1055776719940632,0.9928206875213602
SCZ_PGC3_2020,DroNc_Human_Hippocampus,ASC1,-0.25493069941859503,0.09014655417823356,0.997653240569013
SCZ_PGC3_2020,DroNc_Human_Hippocampus,ASC2,-0.34634034524058643,0.094803624983167,0.9998698889961928
SCZ_PGC3_2020,DroNc_Human_Hippocampus,NSC,-0.3923308986045003,0.08716166622534828,0.9999965846185106
SCZ_PGC3_2020,DroNc_Human_Hippocampus,MG,-0.5296269682963254,0.09338664134557093,0.9999999927270188
SCZ_PGC3_2020,DroNc_Human_Hippocampus,END,-0.5403214073837678,0.0760945499796839,0.9999999999993388
SCZ_PGC3_2020,mousebrain,TEGLU10,0.3617201920402039,0.06551576900531578,1.7147239116212717e-08
SCZ_PGC3_2020,mousebrain,TEGLU18,0.3732366878172981,0.06824595414778163,2.3024291608351975e-08
SCZ_PGC3_2020,mousebrain,TEGLU15,0.3779837305184701,0.07174055581630262,6.970915960514979e-08
SCZ_PGC3_2020,mousebrain,HBINH5,0.35684943995365004,0.06812854238476791,8.240980222179728e-08
SCZ_PGC3_2020,mousebrain,DEGLU1,0.3267077576692111,0.062416559933399125,8.40163246099879e-08
SCZ_PGC3_2020,mousebrain,TEGLU4,0.3360665128376813,0.06425449398419064,8.588388390100692e-08
SCZ_PGC3_2020,mousebrain,DEINH3,0.3996774572511372,0.07714547309888935,1.1201002876895623e-07
SCZ_PGC3_2020,mousebrain,MEGLU6,0.40418775853653377,0.07879715142799527,1.4725052155949677e-07
SCZ_PGC3_2020,mousebrain,MEINH2,0.3808730660013277,0.07492391406522961,1.8773502613349805e-07
SCZ_PGC3_2020,mousebrain,TEINH11,0.3490953443511742,0.06875206753513849,1.9361261276566577e-07
SCZ_PGC3_2020,mousebrain,TEINH12,0.3678978565915839,0.07425526703404667,3.668814489822876e-07
SCZ_PGC3_2020,mousebrain,TEGLU2,0.3596449227235629,0.07328902178901374,4.6717678736372365e-07
SCZ_PGC3_2020,mousebrain,TEGLU9,0.3798454471897073,0.07793300932657747,5.528960176838669e-07
SCZ_PGC3_2020,mousebrain,TEGLU8,0.299183329628425,0.06284742567745377,9.755285844554834e-07
SCZ_PGC3_2020,mousebrain,TEGLU24,0.30010021460938496,0.06380625477020234,1.2923450553872897e-06
SCZ_PGC3_2020,mousebrain,TEINH13,0.3690475665265665,0.0793069219339835,1.6476607698181606e-06
SCZ_PGC3_2020,mousebrain,TEGLU23,0.3026908541991377,0.06710029899521046,3.252477734199588e-06
SCZ_PGC3_2020,mousebrain,TEGLU7,0.2791120663991042,0.0626122170488616,4.1731589184695014e-06
SCZ_PGC3_2020,mousebrain,TEGLU11,0.28010013096544145,0.06444397792672002,6.968691395490117e-06
SCZ_PGC3_2020,mousebrain,HBGLU5,0.33052094065708537,0.07671012106208454,8.267745790782237e-06
SCZ_PGC3_2020,mousebrain,TEGLU14,0.3697788501011162,0.08607372531139877,8.75217592775265e-06
SCZ_PGC3_2020,mousebrain,MEINH10,0.3062922510794566,0.07196953756492695,1.0481222867876947e-05
SCZ_PGC3_2020,mousebrain,TEINH1,0.3469397956430039,0.08159311985931572,1.0659896056483428e-05
SCZ_PGC3_2020,mousebrain,TEINH20,0.3508619416838941,0.08274970492072632,1.1246919671988887e-05
SCZ_PGC3_2020,mousebrain,TEINH18,0.29500054977110857,0.07230140150647675,2.263007511544236e-05
SCZ_PGC3_2020,mousebrain,TEGLU13,0.30537712927008953,0.07603454425069824,2.971696669896127e-05
SCZ_PGC3_2020,mousebrain,TEGLU5,0.3052057205513771,0.07647341543074708,3.306742263197595e-05
SCZ_PGC3_2020,mousebrain,TEGLU20,0.3279707113214796,0.0832041466999553,4.064289355555028e-05
SCZ_PGC3_2020,mousebrain,TEGLU3,0.2656767530138471,0.06748398008867329,4.147581679066518e-05
SCZ_PGC3_2020,mousebrain,MEGLU1,0.2983794941736003,0.07697973720617242,5.3322833605123e-05
SCZ_PGC3_2020,mousebrain,HBGLU6,0.26331428574955273,0.06810077555968327,5.544900241328801e-05
SCZ_PGC3_2020,mousebrain,DEGLU2,0.2798025031350513,0.07286526020622784,6.179279865953382e-05
SCZ_PGC3_2020,mousebrain,TEINH8,0.40832320450755133,0.1070859670873984,6.893271010615184e-05
SCZ_PGC3_2020,mousebrain,TEINH16,0.2764385285631652,0.07271317256373575,7.21435174292148e-05
SCZ_PGC3_2020,mousebrain,TEGLU17,0.24877753356099536,0.06673289392190214,9.690448450957976e-05
SCZ_PGC3_2020,mousebrain,HBGLU7,0.25201577801783803,0.0690095072164751,0.00013063606275981327
SCZ_PGC3_2020,mousebrain,TEGLU19,0.3108230879869172,0.08529463229469618,0.00013465192831758655
SCZ_PGC3_2020,mousebrain,DEGLU4,0.306851129512719,0.08614680823929957,0.00018467208299367035
SCZ_PGC3_2020,mousebrain,DEGLU3,0.23226640746156504,0.0665869356492408,0.00024393001932671815
SCZ_PGC3_2020,mousebrain,TEINH9,0.29750144909043524,0.08587621720835288,0.00026660955076600453
SCZ_PGC3_2020,mousebrain,HBINH2,0.31397436566651216,0.0909306674950302,0.0002781317923774241
SCZ_PGC3_2020,mousebrain,TEINH15,0.24263407445303514,0.07074883506447878,0.0003032178122368553
SCZ_PGC3_2020,mousebrain,DEINH1,0.2780211244420829,0.08169127888791666,0.0003338153250538267
SCZ_PGC3_2020,mousebrain,MEGLU11,0.2643098629060507,0.0800465380119215,0.0004812931020545526
SCZ_PGC3_2020,mousebrain,TEINH19,0.23083747852659856,0.07079325112767178,0.0005569839227256903
SCZ_PGC3_2020,mousebrain,MSN1,0.20039604882152634,0.06357829567792586,0.0008126386738277622
SCZ_PGC3_2020,mousebrain,MEINH3,0.2429515978935773,0.07999217719620944,0.0011961996242847196
SCZ_PGC3_2020,mousebrain,MEINH4,0.2759487007459525,0.09262761697813936,0.0014479111890605151
SCZ_PGC3_2020,mousebrain,HBGLU9,0.22356025691063533,0.07564583153786053,0.0015641925501713365
SCZ_PGC3_2020,mousebrain,TEINH7,0.2922933712684397,0.10064185300622383,0.0018433448848288348
SCZ_PGC3_2020,mousebrain,HBCHO4,0.25099388173681114,0.0872504431930346,0.0020123318947113254
SCZ_PGC3_2020,mousebrain,HBCHO2,0.2491190746375898,0.08752824454149874,0.0022157892605939805
SCZ_PGC3_2020,mousebrain,HBINH6,0.2267794556568737,0.08237180927524475,0.0029553799694898033
SCZ_PGC3_2020,mousebrain,DEINH5,0.2585033684937645,0.0942086374154735,0.0030392078988316445
SCZ_PGC3_2020,mousebrain,TEGLU21,0.21986958357469344,0.08038113197096633,0.003119796584120993
SCZ_PGC3_2020,mousebrain,HBSER5,0.22473598997983868,0.08224734718843794,0.0031473565669343354
SCZ_PGC3_2020,mousebrain,HBINH8,0.2807370041126579,0.10358071729574436,0.0033650651287817435
SCZ_PGC3_2020,mousebrain,HBGLU2,0.2010415487812719,0.07424295952005389,0.003389830491930157
SCZ_PGC3_2020,mousebrain,TEGLU1,0.21592956831663826,0.0805279228200967,0.003669835772508589
SCZ_PGC3_2020,mousebrain,HBINH7,0.25043769658106485,0.09343816506940307,0.003682727924574436
SCZ_PGC3_2020,mousebrain,TEINH17,0.20384739787647466,0.07652528652736855,0.0038677677000524243
SCZ_PGC3_2020,mousebrain,MSN2,0.17402554186667554,0.06555458870654368,0.003973909197185742
SCZ_PGC3_2020,mousebrain,MEGLU2,0.21139384638938966,0.08028493005101442,0.004235877140982395
SCZ_PGC3_2020,mousebrain,HBSER4,0.2019078704676568,0.07754199723876387,0.004614073928145464
SCZ_PGC3_2020,mousebrain,TEINH10,0.1963000274368264,0.07556838493021531,0.0046982310595871215
SCZ_PGC3_2020,mousebrain,NFOL2,0.17700976819324693,0.06976230995517685,0.005590598191285497
SCZ_PGC3_2020,mousebrain,TEINH14,0.20857534987894868,0.08264091680683809,0.005809030650251862
SCZ_PGC3_2020,mousebrain,TEINH5,0.217939658629536,0.08720697216684684,0.006231087109401772
SCZ_PGC3_2020,mousebrain,MEGLU10,0.2015714802201392,0.0808802986801943,0.006353201457251281
SCZ_PGC3_2020,mousebrain,HBSER2,0.19723328203668014,0.07953848603950678,0.0065801853431962
SCZ_PGC3_2020,mousebrain,MEINH9,0.19942182652795487,0.08063839597728803,0.006704478412655182
SCZ_PGC3_2020,mousebrain,HBSER3,0.21629163045284167,0.08843244863117247,0.007231963823562217
SCZ_PGC3_2020,mousebrain,HBGLU8,0.21964866620138274,0.09198225116867982,0.008478105402574458
SCZ_PGC3_2020,mousebrain,DEGLU5,0.19804861985461505,0.0830072088028537,0.00852492279291792
SCZ_PGC3_2020,mousebrain,HBCHO3,0.1760852254422095,0.07519691253966343,0.009606310976635751
SCZ_PGC3_2020,mousebrain,MEINH13,0.21154368028760093,0.0919848612725392,0.010738171104950572
SCZ_PGC3_2020,mousebrain,TEGLU6,0.17189628019831105,0.07532561011012492,0.01125098860847684
SCZ_PGC3_2020,mousebrain,TEINH3,0.22039766579016312,0.09807357357760108,0.012319310804833823
SCZ_PGC3_2020,mousebrain,HBSER1,0.18961573170410964,0.08475665831789575,0.012645316996229596
SCZ_PGC3_2020,mousebrain,DGNBL1,0.2023919643627192,0.09082167700343967,0.012933150252905987
SCZ_PGC3_2020,mousebrain,TEINH6,0.21448399609004504,0.10224307986413016,0.01797115624289715
SCZ_PGC3_2020,mousebrain,MEINH11,0.2326454419644715,0.1118486908306188,0.018771917783200386
SCZ_PGC3_2020,mousebrain,MFOL1,0.12305486181293465,0.05945901441070304,0.01925539986680343
SCZ_PGC3_2020,mousebrain,TEINH2,0.14973486496468238,0.07484081463933744,0.02272154579910081
SCZ_PGC3_2020,mousebrain,TEINH21,0.1629937540040331,0.08443108243619672,0.026783035330863368
SCZ_PGC3_2020,mousebrain,SCINH1,0.21127502264067527,0.11042923822844974,0.02787053249355272
SCZ_PGC3_2020,mousebrain,MEINH1,0.20903368045517484,0.10966304986844652,0.028326086532091368
SCZ_PGC3_2020,mousebrain,HBGLU1,0.1607871627631245,0.08488513287976097,0.02911145820792475
SCZ_PGC3_2020,mousebrain,MEGLU7,0.16304168212531536,0.08643905882386721,0.029644253240489086
SCZ_PGC3_2020,mousebrain,TEINH4,0.16410740348387198,0.0889514334003421,0.032536027296939087
SCZ_PGC3_2020,mousebrain,DEINH2,0.16014860313145596,0.08791465800887042,0.03426586884270163
SCZ_PGC3_2020,mousebrain,TEGLU22,0.12197717785538277,0.06749327024006728,0.03537259493307182
SCZ_PGC3_2020,mousebrain,TEGLU16,0.1467999084892143,0.08181877640012053,0.03640093987305733
SCZ_PGC3_2020,mousebrain,CBINH1,0.15180361678069573,0.08591803906179038,0.03863839709458067
SCZ_PGC3_2020,mousebrain,MSN3,0.12507479200818666,0.07090589811543639,0.038880881479901166
SCZ_PGC3_2020,mousebrain,MEGLU8,0.15001071455161188,0.08519770431137691,0.03915258919930148
SCZ_PGC3_2020,mousebrain,MFOL2,0.1099016938946518,0.06285533930663394,0.04020107004449937
SCZ_PGC3_2020,mousebrain,TEGLU12,0.1275867548924512,0.07317246007457266,0.04062170344163598
SCZ_PGC3_2020,mousebrain,HBINH4,0.16030215690401026,0.092200347069743,0.04106122743953952
SCZ_PGC3_2020,mousebrain,CBNBL1,0.17431297539015567,0.10282019098082268,0.045018802065865914
SCZ_PGC3_2020,mousebrain,MEGLU4,0.14614972220108294,0.08659671703317323,0.04574524074503556
SCZ_PGC3_2020,mousebrain,MBCHO1,0.14445539063768847,0.08631478585421977,0.04711714734443004
SCZ_PGC3_2020,mousebrain,HBCHO1,0.16722969563305745,0.10022158873253677,0.04760974611493983
SCZ_PGC3_2020,mousebrain,MEGLU3,0.16013300701820166,0.09800865661092703,0.05115492308128433
SCZ_PGC3_2020,mousebrain,TECHO,0.14804085012705853,0.0924825594480735,0.054728340439771136
SCZ_PGC3_2020,mousebrain,COP2,0.11167135158422137,0.07208962567908556,0.060694804920340725
SCZ_PGC3_2020,mousebrain,MEGLU14,0.1496594312550859,0.09705504702746792,0.061547591790226674
SCZ_PGC3_2020,mousebrain,NFOL1,0.09444527492761053,0.06292772223372435,0.06670822068360595
SCZ_PGC3_2020,mousebrain,MEINH6,0.142564401894414,0.09761264742693296,0.07208616379534519
SCZ_PGC3_2020,mousebrain,MSN4,0.0994728302776436,0.06876007493701361,0.07400668506214092
SCZ_PGC3_2020,mousebrain,OBINH5,0.1507401072026748,0.1059228985999804,0.07736322107239249
SCZ_PGC3_2020,mousebrain,SCINH2,0.15453964872599213,0.10959792256912992,0.07927226665561488
SCZ_PGC3_2020,mousebrain,MBDOP2,0.13370239258387198,0.09496295878890648,0.07958531765263861
SCZ_PGC3_2020,mousebrain,MEGLU9,0.11709139158970028,0.08350062139772768,0.08042683852493322
SCZ_PGC3_2020,mousebrain,SZNBL,0.0928765053856229,0.06732841195094406,0.08388846987835616
SCZ_PGC3_2020,mousebrain,OBINH2,0.10275622665347514,0.07489121333213188,0.08503149415298022
SCZ_PGC3_2020,mousebrain,HBINH9,0.1202612259160521,0.09208843334457167,0.09579875331726484
SCZ_PGC3_2020,mousebrain,SCINH6,0.11837897174854994,0.09106001283141504,0.09680956006395043
SCZ_PGC3_2020,mousebrain,SCINH5,0.12541362067197648,0.0987157475296506,0.10197255732042997
SCZ_PGC3_2020,mousebrain,SCGLU7,0.1469092109859136,0.11647890546346115,0.1036197750338316
SCZ_PGC3_2020,mousebrain,CBINH2,0.13828569543131455,0.10985518511860512,0.1040619723514998
SCZ_PGC3_2020,mousebrain,MEGLU5,0.0953156475782536,0.0775888574895723,0.10964562871916704
SCZ_PGC3_2020,mousebrain,DGNBL2,0.09163691518270753,0.07665104881587735,0.11595466178043085
SCZ_PGC3_2020,mousebrain,OBNBL2,0.1083028518521603,0.09078407251519907,0.11645045040563155
SCZ_PGC3_2020,mousebrain,DECHO2,0.1026391826718417,0.09059851127475324,0.12863768162563424
SCZ_PGC3_2020,mousebrain,MEINH5,0.10256594340074192,0.0912463001896564,0.1305044440426619
SCZ_PGC3_2020,mousebrain,DECHO1,0.08402402293386874,0.07829139786718492,0.1415952376480561
SCZ_PGC3_2020,mousebrain,HYPEP3,0.10522065160894567,0.0993016356673734,0.1446711304696542
SCZ_PGC3_2020,mousebrain,HBGLU10,0.0985664566845474,0.09691106765421,0.15456625258926585
SCZ_PGC3_2020,mousebrain,OBDOP2,0.09443626739112797,0.09317156471950128,0.15540195409581636
SCZ_PGC3_2020,mousebrain,DEINH4,0.09691054932509842,0.09909132421416704,0.16404765804038152
SCZ_PGC3_2020,mousebrain,SEPNBL,0.10966615095073287,0.119658320729208,0.17971190705259574
SCZ_PGC3_2020,mousebrain,HBGLU3,0.07731168737260351,0.0864122257779899,0.18548567127566895
SCZ_PGC3_2020,mousebrain,MEINH8,0.0939518898401325,0.10667456595282887,0.1892386548365688
SCZ_PGC3_2020,mousebrain,SCGLU2,0.09921559119467294,0.1130141613933701,0.19000554624131236
SCZ_PGC3_2020,mousebrain,HBINH1,0.09129349129293182,0.1123710927054914,0.20827988378519674
SCZ_PGC3_2020,mousebrain,DETPH,0.0849508842899782,0.10952201698519544,0.21898413535733613
SCZ_PGC3_2020,mousebrain,ENT9,0.051007162184536416,0.06682133282680087,0.22263790480030093
SCZ_PGC3_2020,mousebrain,DEINH6,0.08948899316671935,0.12219573648692993,0.23198634523008754
SCZ_PGC3_2020,mousebrain,MOL2,0.047653995567968815,0.06530006817925672,0.2327717599923391
SCZ_PGC3_2020,mousebrain,SCINH3,0.07681071401655051,0.1080551715287435,0.23859548599817715
SCZ_PGC3_2020,mousebrain,MEINH12,0.07248079664753497,0.11197563586681412,0.25872727555793
SCZ_PGC3_2020,mousebrain,HYPEP6,0.06101406518063026,0.09931407820501464,0.2694955719424369
SCZ_PGC3_2020,mousebrain,HYPEP5,0.047644017761891255,0.09758298799779803,0.31269345030310963
SCZ_PGC3_2020,mousebrain,SCINH7,0.049743995172476366,0.1075998963296848,0.3219348734233872
SCZ_PGC3_2020,mousebrain,SCINH10,0.05204505269331351,0.11529502531007176,0.32585144921508824
SCZ_PGC3_2020,mousebrain,HYPEP1,0.03561137909525608,0.09149488050473302,0.3485607563281411
SCZ_PGC3_2020,mousebrain,HBGLU4,0.03760833650780765,0.10107413213816932,0.3549170241424282
SCZ_PGC3_2020,mousebrain,OBNBL1,0.03191473571863191,0.08782807351323091,0.3581642836157569
SCZ_PGC3_2020,mousebrain,OBNBL5,0.03344165577151065,0.0952774474039597,0.3627997244578128
SCZ_PGC3_2020,mousebrain,MOL1,0.023768389700523355,0.06908457701117446,0.3654078326017388
SCZ_PGC3_2020,mousebrain,MEINH7,0.03378550596318521,0.09897668493779584,0.3664233632340266
SCZ_PGC3_2020,mousebrain,CBGRC,0.032266845632418266,0.09787110772540934,0.3708206914909705
SCZ_PGC3_2020,mousebrain,OBINH1,0.031187162801999326,0.09537559449872322,0.371839029599114
SCZ_PGC3_2020,mousebrain,HYPEP7,0.03923485347053171,0.12305965738645967,0.3749309224027798
SCZ_PGC3_2020,mousebrain,MSN5,0.026029916346442503,0.08167904490303085,0.3749849714043467
SCZ_PGC3_2020,mousebrain,MEINH14,0.03890220474009819,0.13009989800328914,0.38246542976608144
SCZ_PGC3_2020,mousebrain,DGGRC1,0.019197663145766257,0.0752154248978,0.3992724265812296
SCZ_PGC3_2020,mousebrain,OBNBL3,0.019170323401879283,0.08059256369669991,0.4059938359699788
SCZ_PGC3_2020,mousebrain,HBNOR,0.019351761132886613,0.09843961513047507,0.4220775671956827
SCZ_PGC3_2020,mousebrain,SCGLU8,0.013891440605939965,0.11984895169139315,0.4538636108560495
SCZ_PGC3_2020,mousebrain,MOL3,0.005275068009797837,0.06350074328374301,0.4668981597276306
SCZ_PGC3_2020,mousebrain,DGGRC2,0.005105585732606711,0.07140767761789077,0.4715007834010564
SCZ_PGC3_2020,mousebrain,HYPEP4,0.00752725556575401,0.11057987671149007,0.4728651495475581
SCZ_PGC3_2020,mousebrain,MSN6,0.0038600619289445226,0.09621785424228753,0.483999840968029
SCZ_PGC3_2020,mousebrain,SCGLU6,0.0019724385346788498,0.09570182122959253,0.4917784308479758
SCZ_PGC3_2020,mousebrain,PSNF1,0.0002075147950807545,0.08070782998224307,0.4989742651693528
SCZ_PGC3_2020,mousebrain,ENT8,-0.0018815863120570028,0.07854598657352299,0.5095556623157812
SCZ_PGC3_2020,mousebrain,OBINH3,-0.002764346901522344,0.0858720663703806,0.5128400822423445
SCZ_PGC3_2020,mousebrain,HBINH3,-0.006882795934488204,0.09431078431906098,0.5290884324442704
SCZ_PGC3_2020,mousebrain,PSNF3,-0.008724538702067934,0.08272181164648469,0.5419971683521574
SCZ_PGC3_2020,mousebrain,OBDOP1,-0.011372847337857329,0.09469419118104784,0.5477974718976858
SCZ_PGC3_2020,mousebrain,PSNP3,-0.01221699678114942,0.0660263826796418,0.5733966887488331
SCZ_PGC3_2020,mousebrain,PSNP6,-0.013636591144171309,0.06719428787314903,0.5804085977593425
SCZ_PGC3_2020,mousebrain,HBADR,-0.0222780748652776,0.09050107850589248,0.5972203861131979
SCZ_PGC3_2020,mousebrain,HYPEP2,-0.03852485805134725,0.11037105757066053,0.6364709040833746
SCZ_PGC3_2020,mousebrain,SCGLU5,-0.03123406759253345,0.08864614166545216,0.6377077146345425
SCZ_PGC3_2020,mousebrain,CBNBL2,-0.041884937597268745,0.10991741574651444,0.6484170478624239
SCZ_PGC3_2020,mousebrain,SCGLU4,-0.0353844751128908,0.09080344513169544,0.6516111630308979
SCZ_PGC3_2020,mousebrain,SCGLU3,-0.041308295032083664,0.10344188386641014,0.655174891213782
SCZ_PGC3_2020,mousebrain,SCINH4,-0.0493608637192464,0.11458423423282013,0.6666833074545369
SCZ_PGC3_2020,mousebrain,SCINH8,-0.048447801013374266,0.09896087643005996,0.6877752989555476
SCZ_PGC3_2020,mousebrain,COP1,-0.03314934806383206,0.06749539416195673,0.6883305925141188
SCZ_PGC3_2020,mousebrain,OBNBL4,-0.055680930213272806,0.11132376510138606,0.6915187037520962
SCZ_PGC3_2020,mousebrain,PSNP1,-0.03571810252622208,0.06649220070060526,0.7044230968734521
SCZ_PGC3_2020,mousebrain,CBPC,-0.05903735357649094,0.0965416238200825,0.7295680179326012
SCZ_PGC3_2020,mousebrain,SCGLU10,-0.07320078512425286,0.1104708171379792,0.7462092547993521
SCZ_PGC3_2020,mousebrain,SCINH9,-0.0760110884591112,0.1063909634645703,0.7625196544685815
SCZ_PGC3_2020,mousebrain,CR,-0.08235833697082717,0.1008786393392168,0.7928601234960544
SCZ_PGC3_2020,mousebrain,MBDOP1,-0.10203224440785558,0.10532251481686578,0.8336590356701061
SCZ_PGC3_2020,mousebrain,PSNP4,-0.08442361484383584,0.08131288482547555,0.8504155164097802
SCZ_PGC3_2020,mousebrain,ENT1,-0.10409857811879468,0.09920842358659533,0.8529688620836945
SCZ_PGC3_2020,mousebrain,PSNF2,-0.08694606101295918,0.0818000949768337,0.856079086323323
SCZ_PGC3_2020,mousebrain,ACBG,-0.08345034013766357,0.07677938660328933,0.861446608130227
SCZ_PGC3_2020,mousebrain,ENT2,-0.07866129708187357,0.07216950609585482,0.8621233240232331
SCZ_PGC3_2020,mousebrain,OBINH4,-0.10585409912940474,0.09318236235467706,0.8720094485729049
SCZ_PGC3_2020,mousebrain,PSNP2,-0.0869174673854159,0.0754874050533863,0.8752096106527454
SCZ_PGC3_2020,mousebrain,SCGLU1,-0.14721466145040504,0.12254231435727565,0.8851794954246771
SCZ_PGC3_2020,mousebrain,ENT5,-0.08814232508857864,0.07248005130364292,0.8880144203566255
SCZ_PGC3_2020,mousebrain,SCGLU9,-0.1350956048608094,0.10119388591014768,0.9090536565582188
SCZ_PGC3_2020,mousebrain,SYNOR4,-0.09864001693917304,0.07344164932124891,0.910370326762268
SCZ_PGC3_2020,mousebrain,ACNT2,-0.09235287078021047,0.06774535352539324,0.9135847114683799
SCZ_PGC3_2020,mousebrain,ACOB,-0.09330554142423933,0.06679813861353018,0.9187561719089732
SCZ_PGC3_2020,mousebrain,ENT3,-0.10203005711922288,0.06992433103721211,0.9277266287960044
SCZ_PGC3_2020,mousebrain,SCHW,-0.1312894897319807,0.08976245517187485,0.9282046219433722
SCZ_PGC3_2020,mousebrain,HYPEP8,-0.1619016402218532,0.10943973648456932,0.9304675710515966
SCZ_PGC3_2020,mousebrain,PSNP5,-0.10801469251040444,0.0724017862421412,0.9321230972957076
SCZ_PGC3_2020,mousebrain,RGDG,-0.13474486202920766,0.0857742402805184,0.9418884348295852
SCZ_PGC3_2020,mousebrain,ENT7,-0.13862527507133565,0.08824306922880255,0.9418911581630782
SCZ_PGC3_2020,mousebrain,ACMB,-0.1071411739083889,0.06547381072752033,0.9491103598899387
SCZ_PGC3_2020,mousebrain,DEINH7,-0.1958541219755996,0.1147015088728802,0.9561252062477832
SCZ_PGC3_2020,mousebrain,ACTE1,-0.12523204085422734,0.06971493957432444,0.9637691710789452
SCZ_PGC3_2020,mousebrain,DEINH8,-0.21332623321447688,0.1181548249393502,0.9644893298955802
SCZ_PGC3_2020,mousebrain,RGSZ,-0.14849425809660075,0.08060699433545884,0.9672663612415832
SCZ_PGC3_2020,mousebrain,SYNOR3,-0.1254945004266061,0.06786817009228119,0.967767043714807
SCZ_PGC3_2020,mousebrain,SYCHO2,-0.1555117283701972,0.08158648566957538,0.9716707747715716
SCZ_PGC3_2020,mousebrain,SCINH11,-0.1988595467161081,0.10345057739296687,0.9727035665009888
SCZ_PGC3_2020,mousebrain,OPC,-0.1297899592625617,0.0669409774859954,0.9737313159236451
SCZ_PGC3_2020,mousebrain,PSPEP4,-0.1470386843838926,0.07500725521057648,0.9750110995228792
SCZ_PGC3_2020,mousebrain,PSPEP1,-0.16523169086649395,0.08044582666875343,0.9800003125467812
SCZ_PGC3_2020,mousebrain,EPEN,-0.11564432074169208,0.0536687415812132,0.9844018287955764
SCZ_PGC3_2020,mousebrain,PSPEP2,-0.15907884077597995,0.07275859600116022,0.9855981638228576
SCZ_PGC3_2020,mousebrain,ACNT1,-0.15715809298129593,0.0707230617296893,0.9868557293204306
SCZ_PGC3_2020,mousebrain,SYNOR2,-0.1855749735830331,0.08117696095181065,0.988866917231908
SCZ_PGC3_2020,mousebrain,ENT4,-0.15860343554323186,0.06836334770727008,0.9898224794879672
SCZ_PGC3_2020,mousebrain,ACTE2,-0.16367266384355966,0.06860999086613531,0.9914665174338289
SCZ_PGC3_2020,mousebrain,PSPEP3,-0.18107351090668045,0.07480602189294752,0.9922455666166174
SCZ_PGC3_2020,mousebrain,CHOR,-0.14815848630427542,0.060696722519083576,0.9926696823116956
SCZ_PGC3_2020,mousebrain,SYNOR1,-0.19939091575097326,0.07943384384069442,0.9939603340453264
SCZ_PGC3_2020,mousebrain,ENT6,-0.20166332434715006,0.07621161667790388,0.9959240509464684
SCZ_PGC3_2020,mousebrain,PSPEP7,-0.24650392501567786,0.08843465576354513,0.997339828119071
SCZ_PGC3_2020,mousebrain,SYCHO1,-0.2733853927259107,0.09555038832257916,0.9978863852582376
SCZ_PGC3_2020,mousebrain,EPSC,-0.1847829442813025,0.06281915033168144,0.998364183005915
SCZ_PGC3_2020,mousebrain,PSPEP8,-0.2675460390821663,0.09089613100632513,0.9983742860222108
SCZ_PGC3_2020,mousebrain,SYNOR5,-0.2615536670140223,0.08790584966948928,0.9985343521140329
SCZ_PGC3_2020,mousebrain,HYPEN,-0.2221494038820247,0.07321987479696684,0.9987910963822468
SCZ_PGC3_2020,mousebrain,VECV,-0.19159741996694504,0.06004297525801869,0.9992895157288668
SCZ_PGC3_2020,mousebrain,PSPEP6,-0.29333348437376394,0.09027803955653063,0.9994200094932796
SCZ_PGC3_2020,mousebrain,ENTG1,-0.20573534488820205,0.06122143557049164,0.99960995235046
SCZ_PGC3_2020,mousebrain,EPMB,-0.28812978031988146,0.0826030760327745,0.9997560301080171
SCZ_PGC3_2020,mousebrain,PSPEP5,-0.3431751986342561,0.09160874950612023,0.9999098300853888
SCZ_PGC3_2020,mousebrain,ABC,-0.2699285311908646,0.06888029478371371,0.9999552906761028
SCZ_PGC3_2020,mousebrain,SATG1,-0.33525161895718564,0.08414813779758384,0.9999659525181308
SCZ_PGC3_2020,mousebrain,OEC,-0.29637332499140656,0.06919011122762846,0.9999907373278148
SCZ_PGC3_2020,mousebrain,PER1,-0.2522103765875066,0.057528441415329284,0.99999413351818
SCZ_PGC3_2020,mousebrain,SATG2,-0.2937799952583322,0.06431547954721425,0.999997514234014
SCZ_PGC3_2020,mousebrain,MGL1,-0.3373132052717124,0.07056551269826078,0.999999115096892
SCZ_PGC3_2020,mousebrain,PER3,-0.392988956561474,0.07975645139789082,0.999999578424239
SCZ_PGC3_2020,mousebrain,PER2,-0.29393595552394824,0.05955325059285814,0.9999995959765644
SCZ_PGC3_2020,mousebrain,ENTG5,-0.30004345257452003,0.06052512391002578,0.9999996384213278
SCZ_PGC3_2020,mousebrain,ENTG7,-0.2993489755639012,0.05983203468054062,0.9999997145277422
SCZ_PGC3_2020,mousebrain,VECC,-0.3188590934398218,0.06291891831189053,0.9999997961498398
SCZ_PGC3_2020,mousebrain,ENTG4,-0.3031899443901189,0.05838273773841995,0.9999998951412132
SCZ_PGC3_2020,mousebrain,ENMFB,-0.3963729294033704,0.07615738649370986,0.9999999014252828
SCZ_PGC3_2020,mousebrain,ENTG6,-0.3268376683750457,0.061809051572654226,0.9999999371769188
SCZ_PGC3_2020,mousebrain,VSMCA,-0.3887000923146673,0.07184191663736275,0.9999999680488746
SCZ_PGC3_2020,mousebrain,ENTG2,-0.3265772126873672,0.05953575800867269,0.9999999790090776
SCZ_PGC3_2020,mousebrain,MGL2,-0.3804237515078227,0.06885227233087945,0.9999999832476212
SCZ_PGC3_2020,mousebrain,ENTG3,-0.3339959938806063,0.05955335877656675,0.9999999895902733
SCZ_PGC3_2020,mousebrain,PVM1,-0.4019576435287008,0.0689085657600779,0.9999999972203278
SCZ_PGC3_2020,mousebrain,PVM2,-0.4212384056648033,0.0711871140334691,0.999999998325222
SCZ_PGC3_2020,mousebrain,MGL3,-0.413520940739671,0.06763207125703012,0.9999999995019097
SCZ_PGC3_2020,mousebrain,VLMC2,-0.4172127760291818,0.0664950053080683,0.9999999998191966
SCZ_PGC3_2020,mousebrain,VECA,-0.4429684233877656,0.06669463082576386,0.9999999999839188
SCZ_PGC3_2020,mousebrain,VLMC1,-0.5181132075220867,0.07334405473792932,0.9999999999991532
SCZ_PGC3_2020,GSE67835_Human_Cortex,fetal_quiescent,0.30179877912110675,0.15629941998247532,0.026796033955219737
SCZ_PGC3_2020,GSE67835_Human_Cortex,neurons,0.27296063490355504,0.15347395738408062,0.037709117313839705
SCZ_PGC3_2020,GSE67835_Human_Cortex,hybrid,0.19064044694950344,0.2224431731230697,0.19574939765108806
SCZ_PGC3_2020,GSE67835_Human_Cortex,fetal_replicating,0.030065278707276318,0.2106647499605625,0.44326207954605096
SCZ_PGC3_2020,GSE67835_Human_Cortex,oligodendrocytes,-0.03954945782879024,0.15205495227361507,0.6025974099290726
SCZ_PGC3_2020,GSE67835_Human_Cortex,astrocytes,-0.05427309666732195,0.14891170534634604,0.6422313638052148
SCZ_PGC3_2020,GSE67835_Human_Cortex,OPC,-0.8261857592726396,0.23984660402110655,0.9997100560422759
SCZ_PGC3_2020,GSE67835_Human_Cortex,endothelial,-0.6412055095254303,0.1372124543024699,0.9999984491814252
SCZ_PGC3_2020,GSE67835_Human_Cortex,microglia,-0.7471885586902052,0.14393215915142826,0.9999998883871836
SCZ_PGC3_2020,PsychENCODE_DER-22,Ex1,0.2726074613257345,0.06255688090016419,6.62525952227503e-06
SCZ_PGC3_2020,PsychENCODE_DER-22,Ex3e,0.20823650881835992,0.07418284045432783,0.0025037715638486315
SCZ_PGC3_2020,PsychENCODE_DER-22,Ex5b,0.11536618759065682,0.0700448557572311,0.04978882313354478
SCZ_PGC3_2020,PsychENCODE_DER-22,Ex9,0.11711064900526168,0.07440266655717585,0.05775568097910847
SCZ_PGC3_2020,PsychENCODE_DER-22,Ex2,0.10201986888769182,0.07143858641873221,0.07664782341208955
SCZ_PGC3_2020,PsychENCODE_DER-22,Ex4,0.015000346255185228,0.07987079569533402,0.42551531982569374
SCZ_PGC3_2020,PsychENCODE_DER-22,In6b,-0.02418274765448563,0.07346772888480113,0.6289802946109323
SCZ_PGC3_2020,PsychENCODE_DER-22,Ex8,-0.03856768172070087,0.0899685567692244,0.66591790670591
SCZ_PGC3_2020,PsychENCODE_DER-22,In7,-0.09238535895568753,0.10299922565409,0.8151186640791857
SCZ_PGC3_2020,PsychENCODE_DER-22,Ex6b,-0.0996747464189128,0.07783301202661047,0.8998244757248831
SCZ_PGC3_2020,PsychENCODE_DER-22,In6a,-0.13237976534257112,0.10291750462139078,0.9008131879111969
SCZ_PGC3_2020,PsychENCODE_DER-22,In1b,-0.16314940354066407,0.11149237884943598,0.928297348381182
SCZ_PGC3_2020,PsychENCODE_DER-22,In4a,-0.19438304336557408,0.11803053337166565,0.9501962532521621
SCZ_PGC3_2020,PsychENCODE_DER-22,Oligo,-0.13832546465397347,0.08035854051316679,0.9573936793397968
SCZ_PGC3_2020,PsychENCODE_DER-22,In1c,-0.1704272919919627,0.09403958908695817,0.9650169504519198
SCZ_PGC3_2020,PsychENCODE_DER-22,In1a,-0.2296382423611081,0.11185897873247697,0.9799492404981808
SCZ_PGC3_2020,PsychENCODE_DER-22,In8,-0.20953622340089534,0.09425936249110252,0.9868819150952124
SCZ_PGC3_2020,PsychENCODE_DER-22,In3,-0.2125031395527154,0.09417892564507983,0.9879674507779722
SCZ_PGC3_2020,PsychENCODE_DER-22,In4b,-0.2343011155320449,0.08774630562928619,0.9962046705284828
SCZ_PGC3_2020,PsychENCODE_DER-22,Ex6a,-0.2999742019553919,0.09073117298423453,0.999525726292222
SCZ_PGC3_2020,PsychENCODE_DER-22,Astro,-0.2104456330953359,0.06341027092426804,0.9995466087698848
SCZ_PGC3_2020,PsychENCODE_DER-22,OPC,-0.3046513018656234,0.0805581921053844,0.999921755917788
SCZ_PGC3_2020,PsychENCODE_DER-22,Per,-0.5817918955745907,0.11166643735039614,0.999999904047846
SCZ_PGC3_2020,PsychENCODE_DER-22,Microglia,-0.6163185355361391,0.09304075754111953,0.9999999999817892
SCZ_PGC3_2020,PsychENCODE_DER-22,Endo,-0.4454952841333024,0.06141541343175014,0.9999999999997848
SCZ_PGC3_2020,tabula_muris,Brain_Non-Myeloid.neuron,0.3604656401741323,0.05606538406692765,6.629532244991237e-11
SCZ_PGC3_2020,tabula_muris,Brain_Non-Myeloid.oligodendrocyte_precursor_cell,0.2737988352565359,0.0602013865772275,2.7316805871829447e-06
SCZ_PGC3_2020,tabula_muris,Marrow.common_lymphoid_progenitor,0.3054126510651561,0.06789270192704636,3.451934681785746e-06
SCZ_PGC3_2020,tabula_muris,Brain_Non-Myeloid.oligodendrocyte,0.2667042671380029,0.06557564314946995,2.393838357077153e-05
SCZ_PGC3_2020,tabula_muris,Pancreas.type_B_pancreatic_cell,0.22149181902141216,0.06029004760838106,0.00011997689615208812
SCZ_PGC3_2020,tabula_muris,Marrow.granulocyte_monocyte_progenitor_cell,0.27683336120081137,0.0782953757737259,0.00020400989899122663
SCZ_PGC3_2020,tabula_muris,Marrow.Slamf1-positive_multipotent_progenitor_cell,0.2404500319260216,0.07179357169811196,0.00040639502546200386
SCZ_PGC3_2020,tabula_muris,Marrow.megakaryocyte-erythroid_progenitor_cell,0.2511619252646077,0.0771761822818146,0.000569614616977969
SCZ_PGC3_2020,tabula_muris,Marrow.late_pro-B_cell,0.2309769676716914,0.07121030559667252,0.0005916547618291335
SCZ_PGC3_2020,tabula_muris,Pancreas.pancreatic_A_cell,0.19554524979685128,0.06305015224346923,0.0009650164271693588
SCZ_PGC3_2020,tabula_muris,Pancreas.pancreatic_D_cell,0.17203890740766598,0.0629655722899109,0.003149218331136209
SCZ_PGC3_2020,tabula_muris,Marrow.pre-natural_killer_cell,0.2424747958464092,0.09578209384922076,0.005684203672915814
SCZ_PGC3_2020,tabula_muris,Marrow.Slamf1-negative_multipotent_progenitor_cell,0.16060820076322965,0.06685823937621302,0.008154898456672112
SCZ_PGC3_2020,tabula_muris,Brain_Non-Myeloid.Bergmann_glial_cell,0.18984052063149853,0.08185961214718597,0.010202529213211162
SCZ_PGC3_2020,tabula_muris,Marrow.hematopoietic_precursor_cell,0.16020124992884108,0.07272958529380093,0.013816765516108371
SCZ_PGC3_2020,tabula_muris,Brain_Non-Myeloid.astrocyte,0.0996608473859704,0.06539578998558207,0.06377094253321143
SCZ_PGC3_2020,tabula_muris,Thymus.immature_T_cell,0.12592992661400976,0.0849549560298101,0.06914045469585814
SCZ_PGC3_2020,tabula_muris,Pancreas.pancreatic_PP_cell,0.11109752912845623,0.07539010426950678,0.07030195580536862
SCZ_PGC3_2020,tabula_muris,Marrow.immature_B_cell,0.11040091987659174,0.08464461049848802,0.09607927210947803
SCZ_PGC3_2020,tabula_muris,Marrow.macrophage,0.09122964301186028,0.08557626151986447,0.14320756369327947
SCZ_PGC3_2020,tabula_muris,Tongue.basal_cell_of_epidermis,0.06447767083047737,0.060971837726114135,0.14515169928195548
SCZ_PGC3_2020,tabula_muris,Marrow.granulocytopoietic_cell,0.08132467650371443,0.07928820107307892,0.15252968067623116
SCZ_PGC3_2020,tabula_muris,Marrow.monocyte,0.01430059283344983,0.08603011149025826,0.4339901449951533
SCZ_PGC3_2020,tabula_muris,Pancreas.pancreatic_ductal_cell,-0.006093231179760626,0.06852574506702136,0.5354261201681507
SCZ_PGC3_2020,tabula_muris,Brain_Non-Myeloid.brain_pericyte,-0.012287381949411846,0.07856872321589722,0.5621360770212025
SCZ_PGC3_2020,tabula_muris,Mammary_Gland.basal_cell,-0.01645931517600937,0.06460281394452899,0.600550345245042
SCZ_PGC3_2020,tabula_muris,Marrow.basophil,-0.035855513882178634,0.11319387483293787,0.624285350398668
SCZ_PGC3_2020,tabula_muris,Limb_Muscle.B_cell,-0.04023714209507343,0.11960598566040374,0.6317179909984962
SCZ_PGC3_2020,tabula_muris,Skin.stem_cell_of_epidermis,-0.03149553731775254,0.08189587992555479,0.649722647002642
SCZ_PGC3_2020,tabula_muris,Heart.cardiac_muscle_cell,-0.04383634050545597,0.07788022985040205,0.7132330002737178
SCZ_PGC3_2020,tabula_muris,Tongue.keratinocyte,-0.03871564631625502,0.0676076986597938,0.7165547039984059
SCZ_PGC3_2020,tabula_muris,Kidney.leukocyte,-0.0854605058449503,0.13676676908045626,0.7339640740485656
SCZ_PGC3_2020,tabula_muris,Marrow.precursor_B_cell,-0.05654336779901872,0.08572712037251523,0.7452305099918406
SCZ_PGC3_2020,tabula_muris,Marrow.naive_B_cell,-0.0946421502680608,0.10573636751837204,0.814618674104854
SCZ_PGC3_2020,tabula_muris,Pancreas.pancreatic_acinar_cell,-0.08435298861587585,0.09067976709824443,0.8238652385662232
SCZ_PGC3_2020,tabula_muris,Skin.epidermal_cell,-0.06656184698087869,0.06901467293479639,0.8325832199984051
SCZ_PGC3_2020,tabula_muris,Skin.keratinocyte_stem_cell,-0.07048223531098308,0.06762972440525536,0.8513258434476565
SCZ_PGC3_2020,tabula_muris,Lung.ciliated_columnar_cell_of_tracheobronchial_tree,-0.08820688509947336,0.08350974914831515,0.8545624243891612
SCZ_PGC3_2020,tabula_muris,Spleen.B_cell,-0.10848619741324733,0.0979321182199019,0.8660090611013621
SCZ_PGC3_2020,tabula_muris,Lung.B_cell,-0.1376963863017767,0.11973128342764468,0.8749268255031841
SCZ_PGC3_2020,tabula_muris,Mammary_Gland.luminal_epithelial_cell_of_mammary_gland,-0.0916350598341918,0.068566162896828,0.9092867761392909
SCZ_PGC3_2020,tabula_muris,Mammary_Gland.endothelial_cell,-0.15415311441450208,0.10693351579721397,0.9252774108048109
SCZ_PGC3_2020,tabula_muris,Skin.basal_cell_of_epidermis,-0.10797951051122663,0.07039822191154732,0.9374531894187166
SCZ_PGC3_2020,tabula_muris,Marrow.B_cell,-0.1929287866160961,0.12376221922638045,0.9404738855008477
SCZ_PGC3_2020,tabula_muris,Bladder.bladder_urothelial_cell,-0.10480440517794214,0.06687249458300484,0.9414570935391328
SCZ_PGC3_2020,tabula_muris,Kidney.kidney_collecting_duct_epithelial_cell,-0.16153313934427174,0.09770141216929387,0.950856587423922
SCZ_PGC3_2020,tabula_muris,Liver.B_cell,-0.21883141769220604,0.1310896882810227,0.9524615983232406
SCZ_PGC3_2020,tabula_muris,Brain_Myeloid.microglial_cell,-0.1325514373549541,0.07868053719711855,0.9539627617987724
SCZ_PGC3_2020,tabula_muris,Heart.smooth_muscle_cell,-0.15670506495313116,0.09271110325384696,0.9544981087283522
SCZ_PGC3_2020,tabula_muris,Lung.myeloid_cell,-0.20016821075051536,0.1182690567731986,0.954710970297015
SCZ_PGC3_2020,tabula_muris,Limb_Muscle.skeletal_muscle_satellite_cell,-0.13794242455690445,0.07729555934875079,0.9628260776398532
SCZ_PGC3_2020,tabula_muris,Marrow.mature_natural_killer_cell,-0.2105266978934392,0.11786917684593955,0.9629472382728104
SCZ_PGC3_2020,tabula_muris,Fat.unknown_cell_type,-0.15333153988414994,0.08575449553378342,0.9631027449081562
SCZ_PGC3_2020,tabula_muris,Limb_Muscle.lymphocyte,-0.2234458301347304,0.12135535271464662,0.9671963582872456
SCZ_PGC3_2020,tabula_muris,Pancreas.endothelial_cell,-0.17881145580644908,0.09584044834521556,0.9689485183022156
SCZ_PGC3_2020,tabula_muris,Thymus.DN1_thymic_pro-T_cell,-0.2222765018364024,0.11889738610620075,0.9692108984878604
SCZ_PGC3_2020,tabula_muris,Marrow.granulocyte,-0.15027094513623346,0.07910829113022501,0.9712435362408324
SCZ_PGC3_2020,tabula_muris,Limb_Muscle.T_cell,-0.2861247114504817,0.14441919154538194,0.9762056374206036
SCZ_PGC3_2020,tabula_muris,Marrow.immature_NK_T_cell,-0.2502164867324519,0.1256571909639958,0.9767635836541328
SCZ_PGC3_2020,tabula_muris,Brain_Non-Myeloid.endothelial_cell,-0.15647859762453412,0.07845965656626762,0.9769344961159584
SCZ_PGC3_2020,tabula_muris,Kidney.endothelial_cell,-0.1898865308468133,0.0947512910146666,0.977457442980658
SCZ_PGC3_2020,tabula_muris,Large_Intestine.Brush_cell_of_epithelium_proper_of_large_intestine,-0.18923092814185505,0.0939664790483316,0.9779751714370836
SCZ_PGC3_2020,tabula_muris,Liver.hepatocyte,-0.1486069067040562,0.07352169653048503,0.9783636882120756
SCZ_PGC3_2020,tabula_muris,Large_Intestine.enteroendocrine_cell,-0.17652775338070992,0.08689781899091951,0.9788847199364256
SCZ_PGC3_2020,tabula_muris,Lung.leukocyte,-0.2320029415978347,0.11231265648510816,0.9805611861176728
SCZ_PGC3_2020,tabula_muris,Thymus.leukocyte,-0.2670196379145643,0.12900426100307075,0.9807570431552991
SCZ_PGC3_2020,tabula_muris,Fat.B_cell,-0.21987394603997668,0.10503184922549974,0.9818337513523346
SCZ_PGC3_2020,tabula_muris,Spleen.macrophage,-0.2632251221018643,0.11958039030304901,0.986131748856404
SCZ_PGC3_2020,tabula_muris,Trachea.endothelial_cell,-0.18619546298588646,0.08336677240175504,0.9872318900599742
SCZ_PGC3_2020,tabula_muris,Heart.unknown_cell_type,-0.21418567871159816,0.09541978714942992,0.9875969039574798
SCZ_PGC3_2020,tabula_muris,Lung.lung_endothelial_cell,-0.18363819900770345,0.08152591693168476,0.9878467899299448
SCZ_PGC3_2020,tabula_muris,Lung.unknown_cell_type,-0.2880775091228237,0.1259565999005483,0.9888975374458246
SCZ_PGC3_2020,tabula_muris,Fat.natural_killer_cell,-0.2878595065115326,0.12480533238507575,0.9894499527817192
SCZ_PGC3_2020,tabula_muris,Lung.epithelial_cell_of_lung,-0.21084225894872588,0.08894038814013278,0.991113200235044
SCZ_PGC3_2020,tabula_muris,Large_Intestine.large_intestine_goblet_cell,-0.15348918682705265,0.06439195010755018,0.9914224159385748
SCZ_PGC3_2020,tabula_muris,Lung.T_cell,-0.2996139106309628,0.12509762840969268,0.9916837294681138
SCZ_PGC3_2020,tabula_muris,Marrow.immature_natural_killer_cell,-0.3365146536573512,0.1343363835899499,0.99387164115418
SCZ_PGC3_2020,tabula_muris,Marrow.immature_T_cell,-0.2855486289455049,0.11236322935654962,0.9944721976466964
SCZ_PGC3_2020,tabula_muris,Large_Intestine.epithelial_cell_of_large_intestine,-0.1589217394720189,0.06155135556138633,0.9950822256995122
SCZ_PGC3_2020,tabula_muris,Lung.natural_killer_cell,-0.3280368143556845,0.12662953441003535,0.9952031673160959
SCZ_PGC3_2020,tabula_muris,Liver.endothelial_cell_of_hepatic_sinusoid,-0.21592985046770008,0.08258930379707614,0.9955269725690148
SCZ_PGC3_2020,tabula_muris,Lung.monocyte,-0.2759919191460591,0.10248307052709424,0.9964553805602498
SCZ_PGC3_2020,tabula_muris,Spleen.T_cell,-0.2699009911529328,0.10007923372275812,0.9964958065648564
SCZ_PGC3_2020,tabula_muris,Kidney.epithelial_cell_of_proximal_tubule,-0.2373878344516683,0.08573009516285555,0.997184717786768
SCZ_PGC3_2020,tabula_muris,Heart.myofibroblast_cell,-0.2294213748601557,0.08054594421395367,0.9977990914836206
SCZ_PGC3_2020,tabula_muris,Kidney.macrophage,-0.34679975412576103,0.1217226028181143,0.9978044061137036
SCZ_PGC3_2020,tabula_muris,Limb_Muscle.endothelial_cell,-0.2545176310225502,0.08829898007075639,0.9980238155129544
SCZ_PGC3_2020,tabula_muris,Trachea.blood_cell,-0.2553178551443165,0.08832476150636097,0.9980747283522651
SCZ_PGC3_2020,tabula_muris,Fat.T_cell,-0.2966788408568121,0.0972728076303528,0.9988533706099514
SCZ_PGC3_2020,tabula_muris,Marrow.regulatory_T_cell,-0.4013778174186008,0.13034849904661294,0.9989602902362678
SCZ_PGC3_2020,tabula_muris,Limb_Muscle.skeletal_muscle_satellite_stem_cell,-0.2876690897511988,0.09296346238869632,0.9990119621970982
SCZ_PGC3_2020,tabula_muris,Lung.classical_monocyte,-0.3575727083987664,0.1151684523799048,0.9990458574853444
SCZ_PGC3_2020,tabula_muris,Skin.leukocyte,-0.3809017810331064,0.121430110799778,0.9991440827432552
SCZ_PGC3_2020,tabula_muris,Fat.endothelial_cell,-0.2685821438699128,0.0843105377233749,0.9992761025259156
SCZ_PGC3_2020,tabula_muris,Bladder.bladder_cell,-0.21654910907625524,0.06645763617856798,0.9994384599962344
SCZ_PGC3_2020,tabula_muris,Liver.natural_killer_cell,-0.3665219700785625,0.11230497983363473,0.9994486116958288
SCZ_PGC3_2020,tabula_muris,Liver.Kupffer_cell,-0.3701975822284202,0.11280560552554038,0.9994827833825336
SCZ_PGC3_2020,tabula_muris,Pancreas.leukocyte,-0.3875004329844728,0.11351080665523265,0.999678678956166
SCZ_PGC3_2020,tabula_muris,Heart.endothelial_cell,-0.3070104591882054,0.08712366622392269,0.9997866067706204
SCZ_PGC3_2020,tabula_muris,Trachea.epithelial_cell,-0.2877225456960999,0.07932678595804367,0.9998561165248326
SCZ_PGC3_2020,tabula_muris,Brain_Myeloid.macrophage,-0.3842190040368654,0.10561234436616848,0.9998620947445844
SCZ_PGC3_2020,tabula_muris,Heart.endocardial_cell,-0.3073019344819349,0.08388303561873467,0.9998750904247424
SCZ_PGC3_2020,tabula_muris,Pancreas.pancreatic_stellate_cell,-0.3210117178814606,0.0855206071331932,0.9999124716524186
SCZ_PGC3_2020,tabula_muris,Large_Intestine.enterocyte_of_epithelium_of_large_intestine,-0.24842706028140915,0.06616345483891893,0.9999128648367418
SCZ_PGC3_2020,tabula_muris,Trachea.mesenchymal_cell,-0.2509449444226846,0.064783563308098,0.9999461159851888
SCZ_PGC3_2020,tabula_muris,Fat.myeloid_cell,-0.3358673822596592,0.08553544996602325,0.999956708981254
SCZ_PGC3_2020,tabula_muris,Heart.leukocyte,-0.361642603497532,0.09005645589305095,0.9999702032395528
SCZ_PGC3_2020,tabula_muris,Mammary_Gland.stromal_cell,-0.3082257945059577,0.07523443599883133,0.9999789348523154
SCZ_PGC3_2020,tabula_muris,Limb_Muscle.macrophage,-0.4851040488487306,0.11349541505859514,0.9999903413669036
SCZ_PGC3_2020,tabula_muris,Heart.professional_antigen_presenting_cell,-0.3766689751766582,0.0862448265870276,0.9999936658968056
SCZ_PGC3_2020,tabula_muris,Lung.stromal_cell,-0.3146184640196979,0.07038900221206412,0.999996050705944
SCZ_PGC3_2020,tabula_muris,Heart.erythrocyte,-0.3679562631699521,0.07692206157695823,0.9999991292025624
SCZ_PGC3_2020,tabula_muris,Fat.mesenchymal_stem_cell_of_adipose,-0.3423293310323895,0.06610095752199767,0.9999998867304
SCZ_PGC3_2020,tabula_muris,Heart.fibroblast,-0.3734063603092559,0.06956269460585944,0.9999999594909944
SCZ_PGC3_2020,tabula_muris,Limb_Muscle.mesenchymal_stem_cell,-0.4515246923944287,0.07452791325015902,0.9999999992939388
